config_id;tileset;size_label;level_id;solver;solver_variant;tile_type;p_original;p_conditional_mean;q_empirical_mean
Q0_BASELINE/NATURE/10x10x5;nature;10x10x5;Q0_BASELINE;ThisWork;heap;grass;0,165563;0,165563;0,049493
Q0_BASELINE/NATURE/10x10x5;nature;10x10x5;Q0_BASELINE;ThisWork;heap;pines;0,006623;0,006623;0,00335
Q0_BASELINE/NATURE/10x10x5;nature;10x10x5;Q0_BASELINE;ThisWork;heap;beach;0,13245;0,13245;0,031778
Q0_BASELINE/NATURE/10x10x5;nature;10x10x5;Q0_BASELINE;ThisWork;heap;beach_cornerExt;0,13245;0,13245;0,007575
Q0_BASELINE/NATURE/10x10x5;nature;10x10x5;Q0_BASELINE;ThisWork;heap;beach_grassEnd_L;0,033113;0,033113;0,007006
Q0_BASELINE/NATURE/10x10x5;nature;10x10x5;Q0_BASELINE;ThisWork;heap;beach_grassEnd_R;0,033113;0,033113;0,00721
Q0_BASELINE/NATURE/10x10x5;nature;10x10x5;Q0_BASELINE;ThisWork;heap;border;0,006623;0,006623;0,267944
Q0_BASELINE/NATURE/10x10x5;nature;10x10x5;Q0_BASELINE;ThisWork;heap;campfire;0,009934;0,009934;0,005032
Q0_BASELINE/NATURE/10x10x5;nature;10x10x5;Q0_BASELINE;ThisWork;heap;cornerExtBorder;0,006623;0,006623;0,06311
Q0_BASELINE/NATURE/10x10x5;nature;10x10x5;Q0_BASELINE;ThisWork;heap;corner;0,006623;0,006623;0,06311
Q0_BASELINE/NATURE/10x10x5;nature;10x10x5;Q0_BASELINE;ThisWork;heap;cornerIntBorder;0,006623;0,006623;0,082804
Q0_BASELINE/NATURE/10x10x5;nature;10x10x5;Q0_BASELINE;ThisWork;heap;cornerInterior;0,006623;0,006623;0,082804
Q0_BASELINE/NATURE/10x10x5;nature;10x10x5;Q0_BASELINE;ThisWork;heap;grass_end;0,13245;0,13245;0,034245
Q0_BASELINE/NATURE/10x10x5;nature;10x10x5;Q0_BASELINE;ThisWork;heap;grass_end_ExtCorner;0,13245;0,13245;0,006626
Q0_BASELINE/NATURE/10x10x5;nature;10x10x5;Q0_BASELINE;ThisWork;heap;path;0,033113;0,033113;0,003275
Q0_BASELINE/NATURE/10x10x5;nature;10x10x5;Q0_BASELINE;ThisWork;heap;path_corner;0,066225;0,066225;0,001942
Q0_BASELINE/NATURE/10x10x5;nature;10x10x5;Q0_BASELINE;ThisWork;heap;path_end;0,033113;0,033113;0,006814
Q0_BASELINE/NATURE/10x10x5;nature;10x10x5;Q0_BASELINE;ThisWork;heap;pine;0,001656;0,001656;0,000341
Q0_BASELINE/NATURE/10x10x5;nature;10x10x5;Q0_BASELINE;ThisWork;heap;pineAutumn;0,008278;0,008278;0,003185
Q0_BASELINE/NATURE/10x10x5;nature;10x10x5;Q0_BASELINE;ThisWork;heap;wall;0,033113;0,033113;0,267944
Q0_BASELINE/NATURE/10x10x5;nature;10x10x5;Q0_BASELINE;ThisWork;heap;pueblo;0,006623;0,006623;0,002676
Q0_BASELINE/NATURE/10x10x5;nature;10x10x5;Q0_BASELINE;ThisWork;heap;aserradero;0,006623;0,006623;0,001736
Q0_BASELINE/NATURE/10x10x5;nature;10x10x5;Q0_BASELINE;DeBroglie;matched;grass;0,165563;0,165563;0,051282
Q0_BASELINE/NATURE/10x10x5;nature;10x10x5;Q0_BASELINE;DeBroglie;matched;pines;0,006623;0,006623;0,001862
Q0_BASELINE/NATURE/10x10x5;nature;10x10x5;Q0_BASELINE;DeBroglie;matched;beach;0,13245;0,13245;0,031024
Q0_BASELINE/NATURE/10x10x5;nature;10x10x5;Q0_BASELINE;DeBroglie;matched;beach_cornerExt;0,13245;0,13245;0,005586
Q0_BASELINE/NATURE/10x10x5;nature;10x10x5;Q0_BASELINE;DeBroglie;matched;beach_grassEnd_L;0,033113;0,033113;0,007893
Q0_BASELINE/NATURE/10x10x5;nature;10x10x5;Q0_BASELINE;DeBroglie;matched;beach_grassEnd_R;0,033113;0,033113;0,007438
Q0_BASELINE/NATURE/10x10x5;nature;10x10x5;Q0_BASELINE;DeBroglie;matched;border;0,006623;0,006623;0,270795
Q0_BASELINE/NATURE/10x10x5;nature;10x10x5;Q0_BASELINE;DeBroglie;matched;campfire;0,009934;0,009934;0,003412
Q0_BASELINE/NATURE/10x10x5;nature;10x10x5;Q0_BASELINE;DeBroglie;matched;cornerExtBorder;0,006623;0,006623;0,062348
Q0_BASELINE/NATURE/10x10x5;nature;10x10x5;Q0_BASELINE;DeBroglie;matched;corner;0,006623;0,006623;0,062348
Q0_BASELINE/NATURE/10x10x5;nature;10x10x5;Q0_BASELINE;DeBroglie;matched;cornerIntBorder;0,006623;0,006623;0,08495
Q0_BASELINE/NATURE/10x10x5;nature;10x10x5;Q0_BASELINE;DeBroglie;matched;cornerInterior;0,006623;0,006623;0,08495
Q0_BASELINE/NATURE/10x10x5;nature;10x10x5;Q0_BASELINE;DeBroglie;matched;grass_end;0,13245;0,13245;0,035332
Q0_BASELINE/NATURE/10x10x5;nature;10x10x5;Q0_BASELINE;DeBroglie;matched;grass_end_ExtCorner;0,13245;0,13245;0,005351
Q0_BASELINE/NATURE/10x10x5;nature;10x10x5;Q0_BASELINE;DeBroglie;matched;path;0,033113;0,033113;0,000664
Q0_BASELINE/NATURE/10x10x5;nature;10x10x5;Q0_BASELINE;DeBroglie;matched;path_corner;0,066225;0,066225;0,003706
Q0_BASELINE/NATURE/10x10x5;nature;10x10x5;Q0_BASELINE;DeBroglie;matched;path_end;0,033113;0,033113;0,004083
Q0_BASELINE/NATURE/10x10x5;nature;10x10x5;Q0_BASELINE;DeBroglie;matched;pine;0,001656;0,001656;0,000108
Q0_BASELINE/NATURE/10x10x5;nature;10x10x5;Q0_BASELINE;DeBroglie;matched;pineAutumn;0,008278;0,008278;0,001636
Q0_BASELINE/NATURE/10x10x5;nature;10x10x5;Q0_BASELINE;DeBroglie;matched;wall;0,033113;0,033113;0,270795
Q0_BASELINE/NATURE/10x10x5;nature;10x10x5;Q0_BASELINE;DeBroglie;matched;pueblo;0,006623;0,006623;0,00254
Q0_BASELINE/NATURE/10x10x5;nature;10x10x5;Q0_BASELINE;DeBroglie;matched;aserradero;0,006623;0,006623;0,001896
Q1_LAYERS/NATURE/10x10x5;nature;10x10x5;Q1_LAYERS;ThisWork;heap;grass;0,165563;0,169363;0,067761
Q1_LAYERS/NATURE/10x10x5;nature;10x10x5;Q1_LAYERS;ThisWork;heap;pines;0,006623;0,006775;0,002839
Q1_LAYERS/NATURE/10x10x5;nature;10x10x5;Q1_LAYERS;ThisWork;heap;beach;0,13245;0,13549;0,031272
Q1_LAYERS/NATURE/10x10x5;nature;10x10x5;Q1_LAYERS;ThisWork;heap;beach_cornerExt;0,13245;0,13549;0,003841
Q1_LAYERS/NATURE/10x10x5;nature;10x10x5;Q1_LAYERS;ThisWork;heap;beach_grassEnd_L;0,033113;0,033873;0,006464
Q1_LAYERS/NATURE/10x10x5;nature;10x10x5;Q1_LAYERS;ThisWork;heap;beach_grassEnd_R;0,033113;0,033873;0,007826
Q1_LAYERS/NATURE/10x10x5;nature;10x10x5;Q1_LAYERS;ThisWork;heap;border;0,006623;0,004498;0,267953
Q1_LAYERS/NATURE/10x10x5;nature;10x10x5;Q1_LAYERS;ThisWork;heap;campfire;0,009934;0,010162;0,003399
Q1_LAYERS/NATURE/10x10x5;nature;10x10x5;Q1_LAYERS;ThisWork;heap;cornerExtBorder;0,006623;0,004498;0,049312
Q1_LAYERS/NATURE/10x10x5;nature;10x10x5;Q1_LAYERS;ThisWork;heap;corner;0,006623;0,004471;0,049312
Q1_LAYERS/NATURE/10x10x5;nature;10x10x5;Q1_LAYERS;ThisWork;heap;cornerIntBorder;0,006623;0,004498;0,092114
Q1_LAYERS/NATURE/10x10x5;nature;10x10x5;Q1_LAYERS;ThisWork;heap;cornerInterior;0,006623;0,004471;0,092114
Q1_LAYERS/NATURE/10x10x5;nature;10x10x5;Q1_LAYERS;ThisWork;heap;grass_end;0,13245;0,13549;0,027591
Q1_LAYERS/NATURE/10x10x5;nature;10x10x5;Q1_LAYERS;ThisWork;heap;grass_end_ExtCorner;0,13245;0,13549;0,004871
Q1_LAYERS/NATURE/10x10x5;nature;10x10x5;Q1_LAYERS;ThisWork;heap;path;0,033113;0,033873;0,003407
Q1_LAYERS/NATURE/10x10x5;nature;10x10x5;Q1_LAYERS;ThisWork;heap;path_corner;0,066225;0,067745;0,006772
Q1_LAYERS/NATURE/10x10x5;nature;10x10x5;Q1_LAYERS;ThisWork;heap;path_end;0,033113;0,033873;0,007341
Q1_LAYERS/NATURE/10x10x5;nature;10x10x5;Q1_LAYERS;ThisWork;heap;pine;0,001656;0,001694;0,000846
Q1_LAYERS/NATURE/10x10x5;nature;10x10x5;Q1_LAYERS;ThisWork;heap;pineAutumn;0,008278;0,008468;0,002148
Q1_LAYERS/NATURE/10x10x5;nature;10x10x5;Q1_LAYERS;ThisWork;heap;wall;0,033113;0,022355;0,267953
Q1_LAYERS/NATURE/10x10x5;nature;10x10x5;Q1_LAYERS;ThisWork;heap;pueblo;0,006623;0,006775;0,002214
Q1_LAYERS/NATURE/10x10x5;nature;10x10x5;Q1_LAYERS;ThisWork;heap;aserradero;0,006623;0,006775;0,00265
Q1_LAYERS/NATURE/10x10x5;nature;10x10x5;Q1_LAYERS;DeBroglie;matched;grass;0,165563;0,169363;0,070228
Q1_LAYERS/NATURE/10x10x5;nature;10x10x5;Q1_LAYERS;DeBroglie;matched;pines;0,006623;0,006775;0,00349
Q1_LAYERS/NATURE/10x10x5;nature;10x10x5;Q1_LAYERS;DeBroglie;matched;beach;0,13245;0,13549;0,029469
Q1_LAYERS/NATURE/10x10x5;nature;10x10x5;Q1_LAYERS;DeBroglie;matched;beach_cornerExt;0,13245;0,13549;0,008745
Q1_LAYERS/NATURE/10x10x5;nature;10x10x5;Q1_LAYERS;DeBroglie;matched;beach_grassEnd_L;0,033113;0,033873;0,008741
Q1_LAYERS/NATURE/10x10x5;nature;10x10x5;Q1_LAYERS;DeBroglie;matched;beach_grassEnd_R;0,033113;0,033873;0,007843
Q1_LAYERS/NATURE/10x10x5;nature;10x10x5;Q1_LAYERS;DeBroglie;matched;border;0,006623;0,004498;0,253081
Q1_LAYERS/NATURE/10x10x5;nature;10x10x5;Q1_LAYERS;DeBroglie;matched;campfire;0,009934;0,010162;0,004737
Q1_LAYERS/NATURE/10x10x5;nature;10x10x5;Q1_LAYERS;DeBroglie;matched;cornerExtBorder;0,006623;0,004498;0,052958
Q1_LAYERS/NATURE/10x10x5;nature;10x10x5;Q1_LAYERS;DeBroglie;matched;corner;0,006623;0,004471;0,052958
Q1_LAYERS/NATURE/10x10x5;nature;10x10x5;Q1_LAYERS;DeBroglie;matched;cornerIntBorder;0,006623;0,004498;0,093782
Q1_LAYERS/NATURE/10x10x5;nature;10x10x5;Q1_LAYERS;DeBroglie;matched;cornerInterior;0,006623;0,004471;0,093782
Q1_LAYERS/NATURE/10x10x5;nature;10x10x5;Q1_LAYERS;DeBroglie;matched;grass_end;0,13245;0,13549;0,03536
Q1_LAYERS/NATURE/10x10x5;nature;10x10x5;Q1_LAYERS;DeBroglie;matched;grass_end_ExtCorner;0,13245;0,13549;0,006516
Q1_LAYERS/NATURE/10x10x5;nature;10x10x5;Q1_LAYERS;DeBroglie;matched;path;0,033113;0,033873;0,003111
Q1_LAYERS/NATURE/10x10x5;nature;10x10x5;Q1_LAYERS;DeBroglie;matched;path_corner;0,066225;0,067745;0,006806
Q1_LAYERS/NATURE/10x10x5;nature;10x10x5;Q1_LAYERS;DeBroglie;matched;path_end;0,033113;0,033873;0,008008
Q1_LAYERS/NATURE/10x10x5;nature;10x10x5;Q1_LAYERS;DeBroglie;matched;pine;0,001656;0,001694;0,000844
Q1_LAYERS/NATURE/10x10x5;nature;10x10x5;Q1_LAYERS;DeBroglie;matched;pineAutumn;0,008278;0,008468;0,002806
Q1_LAYERS/NATURE/10x10x5;nature;10x10x5;Q1_LAYERS;DeBroglie;matched;wall;0,033113;0,022355;0,253081
Q1_LAYERS/NATURE/10x10x5;nature;10x10x5;Q1_LAYERS;DeBroglie;matched;pueblo;0,006623;0,006775;0,001396
Q1_LAYERS/NATURE/10x10x5;nature;10x10x5;Q1_LAYERS;DeBroglie;matched;aserradero;0,006623;0,006775;0,002257
Q2_LAYERS_BOUNDARY/NATURE/10x10x5;nature;10x10x5;Q2_LAYERS_BOUNDARY;ThisWork;heap;grass;0,165563;0,206953;0,108952
Q2_LAYERS_BOUNDARY/NATURE/10x10x5;nature;10x10x5;Q2_LAYERS_BOUNDARY;ThisWork;heap;pines;0,006623;0,008278;0,002666
Q2_LAYERS_BOUNDARY/NATURE/10x10x5;nature;10x10x5;Q2_LAYERS_BOUNDARY;ThisWork;heap;beach;0,13245;0,104548;0,112949
Q2_LAYERS_BOUNDARY/NATURE/10x10x5;nature;10x10x5;Q2_LAYERS_BOUNDARY;ThisWork;heap;beach_cornerExt;0,13245;0,14259;0,092487
Q2_LAYERS_BOUNDARY/NATURE/10x10x5;nature;10x10x5;Q2_LAYERS_BOUNDARY;ThisWork;heap;beach_grassEnd_L;0,033113;0,026137;0,041629
Q2_LAYERS_BOUNDARY/NATURE/10x10x5;nature;10x10x5;Q2_LAYERS_BOUNDARY;ThisWork;heap;beach_grassEnd_R;0,033113;0,026137;0,041629
Q2_LAYERS_BOUNDARY/NATURE/10x10x5;nature;10x10x5;Q2_LAYERS_BOUNDARY;ThisWork;heap;border;0,006623;0,025372;0,048908
Q2_LAYERS_BOUNDARY/NATURE/10x10x5;nature;10x10x5;Q2_LAYERS_BOUNDARY;ThisWork;heap;campfire;0,009934;0,012417;0,006179
Q2_LAYERS_BOUNDARY/NATURE/10x10x5;nature;10x10x5;Q2_LAYERS_BOUNDARY;ThisWork;heap;cornerExtBorder;0,006623;0,054228;0,090994
Q2_LAYERS_BOUNDARY/NATURE/10x10x5;nature;10x10x5;Q2_LAYERS_BOUNDARY;ThisWork;heap;corner;0,006623;0,00413;0,090994
Q2_LAYERS_BOUNDARY/NATURE/10x10x5;nature;10x10x5;Q2_LAYERS_BOUNDARY;ThisWork;heap;cornerIntBorder;0,006623;0,004671;0,008991
Q2_LAYERS_BOUNDARY/NATURE/10x10x5;nature;10x10x5;Q2_LAYERS_BOUNDARY;ThisWork;heap;cornerInterior;0,006623;0,001914;0,008991
Q2_LAYERS_BOUNDARY/NATURE/10x10x5;nature;10x10x5;Q2_LAYERS_BOUNDARY;ThisWork;heap;grass_end;0,13245;0,104548;0,152156
Q2_LAYERS_BOUNDARY/NATURE/10x10x5;nature;10x10x5;Q2_LAYERS_BOUNDARY;ThisWork;heap;grass_end_ExtCorner;0,13245;0,14259;0,100419
Q2_LAYERS_BOUNDARY/NATURE/10x10x5;nature;10x10x5;Q2_LAYERS_BOUNDARY;ThisWork;heap;path;0,033113;0,018518;0,00334
Q2_LAYERS_BOUNDARY/NATURE/10x10x5;nature;10x10x5;Q2_LAYERS_BOUNDARY;ThisWork;heap;path_corner;0,066225;0,043998;0,011631
Q2_LAYERS_BOUNDARY/NATURE/10x10x5;nature;10x10x5;Q2_LAYERS_BOUNDARY;ThisWork;heap;path_end;0,033113;0,029954;0,011884
Q2_LAYERS_BOUNDARY/NATURE/10x10x5;nature;10x10x5;Q2_LAYERS_BOUNDARY;ThisWork;heap;pine;0,001656;0,00207;0,001543
Q2_LAYERS_BOUNDARY/NATURE/10x10x5;nature;10x10x5;Q2_LAYERS_BOUNDARY;ThisWork;heap;pineAutumn;0,008278;0,010348;0,007133
Q2_LAYERS_BOUNDARY/NATURE/10x10x5;nature;10x10x5;Q2_LAYERS_BOUNDARY;ThisWork;heap;wall;0,033113;0,014043;0,048908
Q2_LAYERS_BOUNDARY/NATURE/10x10x5;nature;10x10x5;Q2_LAYERS_BOUNDARY;ThisWork;heap;pueblo;0,006623;0,008278;0,003845
Q2_LAYERS_BOUNDARY/NATURE/10x10x5;nature;10x10x5;Q2_LAYERS_BOUNDARY;ThisWork;heap;aserradero;0,006623;0,008278;0,003774
Q2_LAYERS_BOUNDARY/NATURE/10x10x5;nature;10x10x5;Q2_LAYERS_BOUNDARY;DeBroglie;matched;grass;0,165563;0,206953;0,104968
Q2_LAYERS_BOUNDARY/NATURE/10x10x5;nature;10x10x5;Q2_LAYERS_BOUNDARY;DeBroglie;matched;pines;0,006623;0,008278;0,003681
Q2_LAYERS_BOUNDARY/NATURE/10x10x5;nature;10x10x5;Q2_LAYERS_BOUNDARY;DeBroglie;matched;beach;0,13245;0,104548;0,11723
Q2_LAYERS_BOUNDARY/NATURE/10x10x5;nature;10x10x5;Q2_LAYERS_BOUNDARY;DeBroglie;matched;beach_cornerExt;0,13245;0,14259;0,05777
Q2_LAYERS_BOUNDARY/NATURE/10x10x5;nature;10x10x5;Q2_LAYERS_BOUNDARY;DeBroglie;matched;beach_grassEnd_L;0,033113;0,026137;0,036056
Q2_LAYERS_BOUNDARY/NATURE/10x10x5;nature;10x10x5;Q2_LAYERS_BOUNDARY;DeBroglie;matched;beach_grassEnd_R;0,033113;0,026137;0,036056
Q2_LAYERS_BOUNDARY/NATURE/10x10x5;nature;10x10x5;Q2_LAYERS_BOUNDARY;DeBroglie;matched;border;0,006623;0,025372;0,071744
Q2_LAYERS_BOUNDARY/NATURE/10x10x5;nature;10x10x5;Q2_LAYERS_BOUNDARY;DeBroglie;matched;campfire;0,009934;0,012417;0,006126
Q2_LAYERS_BOUNDARY/NATURE/10x10x5;nature;10x10x5;Q2_LAYERS_BOUNDARY;DeBroglie;matched;cornerExtBorder;0,006623;0,054228;0,104172
Q2_LAYERS_BOUNDARY/NATURE/10x10x5;nature;10x10x5;Q2_LAYERS_BOUNDARY;DeBroglie;matched;corner;0,006623;0,00413;0,104172
Q2_LAYERS_BOUNDARY/NATURE/10x10x5;nature;10x10x5;Q2_LAYERS_BOUNDARY;DeBroglie;matched;cornerIntBorder;0,006623;0,004671;0,011645
Q2_LAYERS_BOUNDARY/NATURE/10x10x5;nature;10x10x5;Q2_LAYERS_BOUNDARY;DeBroglie;matched;cornerInterior;0,006623;0,001914;0,011645
Q2_LAYERS_BOUNDARY/NATURE/10x10x5;nature;10x10x5;Q2_LAYERS_BOUNDARY;DeBroglie;matched;grass_end;0,13245;0,104548;0,136314
Q2_LAYERS_BOUNDARY/NATURE/10x10x5;nature;10x10x5;Q2_LAYERS_BOUNDARY;DeBroglie;matched;grass_end_ExtCorner;0,13245;0,14259;0,076671
Q2_LAYERS_BOUNDARY/NATURE/10x10x5;nature;10x10x5;Q2_LAYERS_BOUNDARY;DeBroglie;matched;path;0,033113;0,018518;0,008546
Q2_LAYERS_BOUNDARY/NATURE/10x10x5;nature;10x10x5;Q2_LAYERS_BOUNDARY;DeBroglie;matched;path_corner;0,066225;0,043998;0,013355
Q2_LAYERS_BOUNDARY/NATURE/10x10x5;nature;10x10x5;Q2_LAYERS_BOUNDARY;DeBroglie;matched;path_end;0,033113;0,029954;0,01361
Q2_LAYERS_BOUNDARY/NATURE/10x10x5;nature;10x10x5;Q2_LAYERS_BOUNDARY;DeBroglie;matched;pine;0,001656;0,00207;0,001051
Q2_LAYERS_BOUNDARY/NATURE/10x10x5;nature;10x10x5;Q2_LAYERS_BOUNDARY;DeBroglie;matched;pineAutumn;0,008278;0,010348;0,005292
Q2_LAYERS_BOUNDARY/NATURE/10x10x5;nature;10x10x5;Q2_LAYERS_BOUNDARY;DeBroglie;matched;wall;0,033113;0,014043;0,071744
Q2_LAYERS_BOUNDARY/NATURE/10x10x5;nature;10x10x5;Q2_LAYERS_BOUNDARY;DeBroglie;matched;pueblo;0,006623;0,008278;0,004847
Q2_LAYERS_BOUNDARY/NATURE/10x10x5;nature;10x10x5;Q2_LAYERS_BOUNDARY;DeBroglie;matched;aserradero;0,006623;0,008278;0,003307
Q3_LAYERS_BOUNDARY_FIXED/NATURE/10x10x5;nature;10x10x5;Q3_LAYERS_BOUNDARY_FIXED;ThisWork;heap;grass;0,165563;0,215921;0,153036
Q3_LAYERS_BOUNDARY_FIXED/NATURE/10x10x5;nature;10x10x5;Q3_LAYERS_BOUNDARY_FIXED;ThisWork;heap;pines;0,006623;0,008637;0,007025
Q3_LAYERS_BOUNDARY_FIXED/NATURE/10x10x5;nature;10x10x5;Q3_LAYERS_BOUNDARY_FIXED;ThisWork;heap;beach;0,13245;0,117244;0,121679
Q3_LAYERS_BOUNDARY_FIXED/NATURE/10x10x5;nature;10x10x5;Q3_LAYERS_BOUNDARY_FIXED;ThisWork;heap;beach_cornerExt;0,13245;0,126192;0,056556
Q3_LAYERS_BOUNDARY_FIXED/NATURE/10x10x5;nature;10x10x5;Q3_LAYERS_BOUNDARY_FIXED;ThisWork;heap;beach_grassEnd_L;0,033113;0,029311;0,039844
Q3_LAYERS_BOUNDARY_FIXED/NATURE/10x10x5;nature;10x10x5;Q3_LAYERS_BOUNDARY_FIXED;ThisWork;heap;beach_grassEnd_R;0,033113;0,029311;0,039844
Q3_LAYERS_BOUNDARY_FIXED/NATURE/10x10x5;nature;10x10x5;Q3_LAYERS_BOUNDARY_FIXED;ThisWork;heap;border;0,006623;0,024527;0,037513
Q3_LAYERS_BOUNDARY_FIXED/NATURE/10x10x5;nature;10x10x5;Q3_LAYERS_BOUNDARY_FIXED;ThisWork;heap;campfire;0,009934;0,012955;0,010111
Q3_LAYERS_BOUNDARY_FIXED/NATURE/10x10x5;nature;10x10x5;Q3_LAYERS_BOUNDARY_FIXED;ThisWork;heap;cornerExtBorder;0,006623;0,055866;0,083146
Q3_LAYERS_BOUNDARY_FIXED/NATURE/10x10x5;nature;10x10x5;Q3_LAYERS_BOUNDARY_FIXED;ThisWork;heap;corner;0,006623;0,003557;0,083146
Q3_LAYERS_BOUNDARY_FIXED/NATURE/10x10x5;nature;10x10x5;Q3_LAYERS_BOUNDARY_FIXED;ThisWork;heap;cornerIntBorder;0,006623;0,005315;0,003903
Q3_LAYERS_BOUNDARY_FIXED/NATURE/10x10x5;nature;10x10x5;Q3_LAYERS_BOUNDARY_FIXED;ThisWork;heap;cornerInterior;0,006623;0,001135;0,003903
Q3_LAYERS_BOUNDARY_FIXED/NATURE/10x10x5;nature;10x10x5;Q3_LAYERS_BOUNDARY_FIXED;ThisWork;heap;grass_end;0,13245;0,117244;0,160917
Q3_LAYERS_BOUNDARY_FIXED/NATURE/10x10x5;nature;10x10x5;Q3_LAYERS_BOUNDARY_FIXED;ThisWork;heap;grass_end_ExtCorner;0,13245;0,126192;0,065863
Q3_LAYERS_BOUNDARY_FIXED/NATURE/10x10x5;nature;10x10x5;Q3_LAYERS_BOUNDARY_FIXED;ThisWork;heap;path;0,033113;0,018229;0,011347
Q3_LAYERS_BOUNDARY_FIXED/NATURE/10x10x5;nature;10x10x5;Q3_LAYERS_BOUNDARY_FIXED;ThisWork;heap;path_corner;0,066225;0,039062;0,031472
Q3_LAYERS_BOUNDARY_FIXED/NATURE/10x10x5;nature;10x10x5;Q3_LAYERS_BOUNDARY_FIXED;ThisWork;heap;path_end;0,033113;0,029005;0,02833
Q3_LAYERS_BOUNDARY_FIXED/NATURE/10x10x5;nature;10x10x5;Q3_LAYERS_BOUNDARY_FIXED;ThisWork;heap;pine;0,001656;0,002159;0,001365
Q3_LAYERS_BOUNDARY_FIXED/NATURE/10x10x5;nature;10x10x5;Q3_LAYERS_BOUNDARY_FIXED;ThisWork;heap;pineAutumn;0,008278;0,010796;0,008691
Q3_LAYERS_BOUNDARY_FIXED/NATURE/10x10x5;nature;10x10x5;Q3_LAYERS_BOUNDARY_FIXED;ThisWork;heap;wall;0,033113;0,010069;0,037513
Q3_LAYERS_BOUNDARY_FIXED/NATURE/10x10x5;nature;10x10x5;Q3_LAYERS_BOUNDARY_FIXED;ThisWork;heap;pueblo;0,006623;0,008637;0,005795
Q3_LAYERS_BOUNDARY_FIXED/NATURE/10x10x5;nature;10x10x5;Q3_LAYERS_BOUNDARY_FIXED;ThisWork;heap;aserradero;0,006623;0,008637;0,009002
Q3_LAYERS_BOUNDARY_FIXED/NATURE/10x10x5;nature;10x10x5;Q3_LAYERS_BOUNDARY_FIXED;DeBroglie;matched;grass;0,165563;0,215921;0,17796
Q3_LAYERS_BOUNDARY_FIXED/NATURE/10x10x5;nature;10x10x5;Q3_LAYERS_BOUNDARY_FIXED;DeBroglie;matched;pines;0,006623;0,008637;0,007437
Q3_LAYERS_BOUNDARY_FIXED/NATURE/10x10x5;nature;10x10x5;Q3_LAYERS_BOUNDARY_FIXED;DeBroglie;matched;beach;0,13245;0,117244;0,13813
Q3_LAYERS_BOUNDARY_FIXED/NATURE/10x10x5;nature;10x10x5;Q3_LAYERS_BOUNDARY_FIXED;DeBroglie;matched;beach_cornerExt;0,13245;0,126192;0,058126
Q3_LAYERS_BOUNDARY_FIXED/NATURE/10x10x5;nature;10x10x5;Q3_LAYERS_BOUNDARY_FIXED;DeBroglie;matched;beach_grassEnd_L;0,033113;0,029311;0,039128
Q3_LAYERS_BOUNDARY_FIXED/NATURE/10x10x5;nature;10x10x5;Q3_LAYERS_BOUNDARY_FIXED;DeBroglie;matched;beach_grassEnd_R;0,033113;0,029311;0,039128
Q3_LAYERS_BOUNDARY_FIXED/NATURE/10x10x5;nature;10x10x5;Q3_LAYERS_BOUNDARY_FIXED;DeBroglie;matched;border;0,006623;0,024527;0,031893
Q3_LAYERS_BOUNDARY_FIXED/NATURE/10x10x5;nature;10x10x5;Q3_LAYERS_BOUNDARY_FIXED;DeBroglie;matched;campfire;0,009934;0,012955;0,00982
Q3_LAYERS_BOUNDARY_FIXED/NATURE/10x10x5;nature;10x10x5;Q3_LAYERS_BOUNDARY_FIXED;DeBroglie;matched;cornerExtBorder;0,006623;0,055866;0,079949
Q3_LAYERS_BOUNDARY_FIXED/NATURE/10x10x5;nature;10x10x5;Q3_LAYERS_BOUNDARY_FIXED;DeBroglie;matched;corner;0,006623;0,003557;0,079949
Q3_LAYERS_BOUNDARY_FIXED/NATURE/10x10x5;nature;10x10x5;Q3_LAYERS_BOUNDARY_FIXED;DeBroglie;matched;cornerIntBorder;0,006623;0,005315;0,005013
Q3_LAYERS_BOUNDARY_FIXED/NATURE/10x10x5;nature;10x10x5;Q3_LAYERS_BOUNDARY_FIXED;DeBroglie;matched;cornerInterior;0,006623;0,001135;0,005013
Q3_LAYERS_BOUNDARY_FIXED/NATURE/10x10x5;nature;10x10x5;Q3_LAYERS_BOUNDARY_FIXED;DeBroglie;matched;grass_end;0,13245;0,117244;0,142111
Q3_LAYERS_BOUNDARY_FIXED/NATURE/10x10x5;nature;10x10x5;Q3_LAYERS_BOUNDARY_FIXED;DeBroglie;matched;grass_end_ExtCorner;0,13245;0,126192;0,070661
Q3_LAYERS_BOUNDARY_FIXED/NATURE/10x10x5;nature;10x10x5;Q3_LAYERS_BOUNDARY_FIXED;DeBroglie;matched;path;0,033113;0,018229;0,009212
Q3_LAYERS_BOUNDARY_FIXED/NATURE/10x10x5;nature;10x10x5;Q3_LAYERS_BOUNDARY_FIXED;DeBroglie;matched;path_corner;0,066225;0,039062;0,02796
Q3_LAYERS_BOUNDARY_FIXED/NATURE/10x10x5;nature;10x10x5;Q3_LAYERS_BOUNDARY_FIXED;DeBroglie;matched;path_end;0,033113;0,029005;0,023997
Q3_LAYERS_BOUNDARY_FIXED/NATURE/10x10x5;nature;10x10x5;Q3_LAYERS_BOUNDARY_FIXED;DeBroglie;matched;pine;0,001656;0,002159;0,001763
Q3_LAYERS_BOUNDARY_FIXED/NATURE/10x10x5;nature;10x10x5;Q3_LAYERS_BOUNDARY_FIXED;DeBroglie;matched;pineAutumn;0,008278;0,010796;0,006555
Q3_LAYERS_BOUNDARY_FIXED/NATURE/10x10x5;nature;10x10x5;Q3_LAYERS_BOUNDARY_FIXED;DeBroglie;matched;wall;0,033113;0,010069;0,031893
Q3_LAYERS_BOUNDARY_FIXED/NATURE/10x10x5;nature;10x10x5;Q3_LAYERS_BOUNDARY_FIXED;DeBroglie;matched;pueblo;0,006623;0,008637;0,006399
Q3_LAYERS_BOUNDARY_FIXED/NATURE/10x10x5;nature;10x10x5;Q3_LAYERS_BOUNDARY_FIXED;DeBroglie;matched;aserradero;0,006623;0,008637;0,007904
Q4_LAYERS_BOUNDARY_FIXED_NEGATIVE/NATURE/10x10x5;nature;10x10x5;Q4_LAYERS_BOUNDARY_FIXED_NEGATIVE;ThisWork;heap;grass;0,165563;0,331821;0,245994
Q4_LAYERS_BOUNDARY_FIXED_NEGATIVE/NATURE/10x10x5;nature;10x10x5;Q4_LAYERS_BOUNDARY_FIXED_NEGATIVE;ThisWork;heap;pines;0,006623;0,013273;0,009753
Q4_LAYERS_BOUNDARY_FIXED_NEGATIVE/NATURE/10x10x5;nature;10x10x5;Q4_LAYERS_BOUNDARY_FIXED_NEGATIVE;ThisWork;heap;beach;0,13245;0,130706;0,128277
Q4_LAYERS_BOUNDARY_FIXED_NEGATIVE/NATURE/10x10x5;nature;10x10x5;Q4_LAYERS_BOUNDARY_FIXED_NEGATIVE;ThisWork;heap;beach_cornerExt;0,13245;0,02723;0,024065
Q4_LAYERS_BOUNDARY_FIXED_NEGATIVE/NATURE/10x10x5;nature;10x10x5;Q4_LAYERS_BOUNDARY_FIXED_NEGATIVE;ThisWork;heap;beach_grassEnd_L;0,033113;0,032676;0,037386
Q4_LAYERS_BOUNDARY_FIXED_NEGATIVE/NATURE/10x10x5;nature;10x10x5;Q4_LAYERS_BOUNDARY_FIXED_NEGATIVE;ThisWork;heap;beach_grassEnd_R;0,033113;0,032676;0,037386
Q4_LAYERS_BOUNDARY_FIXED_NEGATIVE/NATURE/10x10x5;nature;10x10x5;Q4_LAYERS_BOUNDARY_FIXED_NEGATIVE;ThisWork;heap;border;0,006623;0,01832;0,038326
Q4_LAYERS_BOUNDARY_FIXED_NEGATIVE/NATURE/10x10x5;nature;10x10x5;Q4_LAYERS_BOUNDARY_FIXED_NEGATIVE;ThisWork;heap;campfire;0,009934;0,019909;0,01405
Q4_LAYERS_BOUNDARY_FIXED_NEGATIVE/NATURE/10x10x5;nature;10x10x5;Q4_LAYERS_BOUNDARY_FIXED_NEGATIVE;ThisWork;heap;cornerExtBorder;0,006623;0,026637;0,036384
Q4_LAYERS_BOUNDARY_FIXED_NEGATIVE/NATURE/10x10x5;nature;10x10x5;Q4_LAYERS_BOUNDARY_FIXED_NEGATIVE;ThisWork;heap;corner;0,006623;0,002539;0,036384
Q4_LAYERS_BOUNDARY_FIXED_NEGATIVE/NATURE/10x10x5;nature;10x10x5;Q4_LAYERS_BOUNDARY_FIXED_NEGATIVE;ThisWork;heap;cornerIntBorder;0,006623;0,001879;0,002543
Q4_LAYERS_BOUNDARY_FIXED_NEGATIVE/NATURE/10x10x5;nature;10x10x5;Q4_LAYERS_BOUNDARY_FIXED_NEGATIVE;ThisWork;heap;cornerInterior;0,006623;0,000739;0,002543
Q4_LAYERS_BOUNDARY_FIXED_NEGATIVE/NATURE/10x10x5;nature;10x10x5;Q4_LAYERS_BOUNDARY_FIXED_NEGATIVE;ThisWork;heap;grass_end;0,13245;0,130706;0,154144
Q4_LAYERS_BOUNDARY_FIXED_NEGATIVE/NATURE/10x10x5;nature;10x10x5;Q4_LAYERS_BOUNDARY_FIXED_NEGATIVE;ThisWork;heap;grass_end_ExtCorner;0,13245;0,02723;0,035467
Q4_LAYERS_BOUNDARY_FIXED_NEGATIVE/NATURE/10x10x5;nature;10x10x5;Q4_LAYERS_BOUNDARY_FIXED_NEGATIVE;ThisWork;heap;path;0,033113;0,031322;0,027406
Q4_LAYERS_BOUNDARY_FIXED_NEGATIVE/NATURE/10x10x5;nature;10x10x5;Q4_LAYERS_BOUNDARY_FIXED_NEGATIVE;ThisWork;heap;path_corner;0,066225;0,067083;0,05525
Q4_LAYERS_BOUNDARY_FIXED_NEGATIVE/NATURE/10x10x5;nature;10x10x5;Q4_LAYERS_BOUNDARY_FIXED_NEGATIVE;ThisWork;heap;path_end;0,033113;0,046998;0,040291
Q4_LAYERS_BOUNDARY_FIXED_NEGATIVE/NATURE/10x10x5;nature;10x10x5;Q4_LAYERS_BOUNDARY_FIXED_NEGATIVE;ThisWork;heap;pine;0,001656;0,003318;0,003438
Q4_LAYERS_BOUNDARY_FIXED_NEGATIVE/NATURE/10x10x5;nature;10x10x5;Q4_LAYERS_BOUNDARY_FIXED_NEGATIVE;ThisWork;heap;pineAutumn;0,008278;0,016591;0,014149
Q4_LAYERS_BOUNDARY_FIXED_NEGATIVE/NATURE/10x10x5;nature;10x10x5;Q4_LAYERS_BOUNDARY_FIXED_NEGATIVE;ThisWork;heap;wall;0,033113;0,011801;0,038326
Q4_LAYERS_BOUNDARY_FIXED_NEGATIVE/NATURE/10x10x5;nature;10x10x5;Q4_LAYERS_BOUNDARY_FIXED_NEGATIVE;ThisWork;heap;pueblo;0,006623;0,013273;0,007006
Q4_LAYERS_BOUNDARY_FIXED_NEGATIVE/NATURE/10x10x5;nature;10x10x5;Q4_LAYERS_BOUNDARY_FIXED_NEGATIVE;ThisWork;heap;aserradero;0,006623;0,013273;0,011434
Q4_LAYERS_BOUNDARY_FIXED_NEGATIVE/NATURE/10x10x5;nature;10x10x5;Q4_LAYERS_BOUNDARY_FIXED_NEGATIVE;DeBroglie;matched;grass;0,165563;0,331821;0,233802
Q4_LAYERS_BOUNDARY_FIXED_NEGATIVE/NATURE/10x10x5;nature;10x10x5;Q4_LAYERS_BOUNDARY_FIXED_NEGATIVE;DeBroglie;matched;pines;0,006623;0,013273;0,010177
Q4_LAYERS_BOUNDARY_FIXED_NEGATIVE/NATURE/10x10x5;nature;10x10x5;Q4_LAYERS_BOUNDARY_FIXED_NEGATIVE;DeBroglie;matched;beach;0,13245;0,130706;0,134593
Q4_LAYERS_BOUNDARY_FIXED_NEGATIVE/NATURE/10x10x5;nature;10x10x5;Q4_LAYERS_BOUNDARY_FIXED_NEGATIVE;DeBroglie;matched;beach_cornerExt;0,13245;0,02723;0,029788
Q4_LAYERS_BOUNDARY_FIXED_NEGATIVE/NATURE/10x10x5;nature;10x10x5;Q4_LAYERS_BOUNDARY_FIXED_NEGATIVE;DeBroglie;matched;beach_grassEnd_L;0,033113;0,032676;0,035446
Q4_LAYERS_BOUNDARY_FIXED_NEGATIVE/NATURE/10x10x5;nature;10x10x5;Q4_LAYERS_BOUNDARY_FIXED_NEGATIVE;DeBroglie;matched;beach_grassEnd_R;0,033113;0,032676;0,035446
Q4_LAYERS_BOUNDARY_FIXED_NEGATIVE/NATURE/10x10x5;nature;10x10x5;Q4_LAYERS_BOUNDARY_FIXED_NEGATIVE;DeBroglie;matched;border;0,006623;0,01832;0,038394
Q4_LAYERS_BOUNDARY_FIXED_NEGATIVE/NATURE/10x10x5;nature;10x10x5;Q4_LAYERS_BOUNDARY_FIXED_NEGATIVE;DeBroglie;matched;campfire;0,009934;0,019909;0,015868
Q4_LAYERS_BOUNDARY_FIXED_NEGATIVE/NATURE/10x10x5;nature;10x10x5;Q4_LAYERS_BOUNDARY_FIXED_NEGATIVE;DeBroglie;matched;cornerExtBorder;0,006623;0,026637;0,035689
Q4_LAYERS_BOUNDARY_FIXED_NEGATIVE/NATURE/10x10x5;nature;10x10x5;Q4_LAYERS_BOUNDARY_FIXED_NEGATIVE;DeBroglie;matched;corner;0,006623;0,002539;0,035689
Q4_LAYERS_BOUNDARY_FIXED_NEGATIVE/NATURE/10x10x5;nature;10x10x5;Q4_LAYERS_BOUNDARY_FIXED_NEGATIVE;DeBroglie;matched;cornerIntBorder;0,006623;0,001879;0,001067
Q4_LAYERS_BOUNDARY_FIXED_NEGATIVE/NATURE/10x10x5;nature;10x10x5;Q4_LAYERS_BOUNDARY_FIXED_NEGATIVE;DeBroglie;matched;cornerInterior;0,006623;0,000739;0,001067
Q4_LAYERS_BOUNDARY_FIXED_NEGATIVE/NATURE/10x10x5;nature;10x10x5;Q4_LAYERS_BOUNDARY_FIXED_NEGATIVE;DeBroglie;matched;grass_end;0,13245;0,130706;0,152522
Q4_LAYERS_BOUNDARY_FIXED_NEGATIVE/NATURE/10x10x5;nature;10x10x5;Q4_LAYERS_BOUNDARY_FIXED_NEGATIVE;DeBroglie;matched;grass_end_ExtCorner;0,13245;0,02723;0,02988
Q4_LAYERS_BOUNDARY_FIXED_NEGATIVE/NATURE/10x10x5;nature;10x10x5;Q4_LAYERS_BOUNDARY_FIXED_NEGATIVE;DeBroglie;matched;path;0,033113;0,031322;0,029614
Q4_LAYERS_BOUNDARY_FIXED_NEGATIVE/NATURE/10x10x5;nature;10x10x5;Q4_LAYERS_BOUNDARY_FIXED_NEGATIVE;DeBroglie;matched;path_corner;0,066225;0,067083;0,0645
Q4_LAYERS_BOUNDARY_FIXED_NEGATIVE/NATURE/10x10x5;nature;10x10x5;Q4_LAYERS_BOUNDARY_FIXED_NEGATIVE;DeBroglie;matched;path_end;0,033113;0,046998;0,046299
Q4_LAYERS_BOUNDARY_FIXED_NEGATIVE/NATURE/10x10x5;nature;10x10x5;Q4_LAYERS_BOUNDARY_FIXED_NEGATIVE;DeBroglie;matched;pine;0,001656;0,003318;0,002073
Q4_LAYERS_BOUNDARY_FIXED_NEGATIVE/NATURE/10x10x5;nature;10x10x5;Q4_LAYERS_BOUNDARY_FIXED_NEGATIVE;DeBroglie;matched;pineAutumn;0,008278;0,016591;0,00902
Q4_LAYERS_BOUNDARY_FIXED_NEGATIVE/NATURE/10x10x5;nature;10x10x5;Q4_LAYERS_BOUNDARY_FIXED_NEGATIVE;DeBroglie;matched;wall;0,033113;0,011801;0,038394
Q4_LAYERS_BOUNDARY_FIXED_NEGATIVE/NATURE/10x10x5;nature;10x10x5;Q4_LAYERS_BOUNDARY_FIXED_NEGATIVE;DeBroglie;matched;pueblo;0,006623;0,013273;0,010808
Q4_LAYERS_BOUNDARY_FIXED_NEGATIVE/NATURE/10x10x5;nature;10x10x5;Q4_LAYERS_BOUNDARY_FIXED_NEGATIVE;DeBroglie;matched;aserradero;0,006623;0,013273;0,009864
Q0_BASELINE/NATURE/20x20x5;nature;20x20x5;Q0_BASELINE;ThisWork;heap;grass;0,165563;0,165563;0,056081
Q0_BASELINE/NATURE/20x20x5;nature;20x20x5;Q0_BASELINE;ThisWork;heap;pines;0,006623;0,006623;0,002058
Q0_BASELINE/NATURE/20x20x5;nature;20x20x5;Q0_BASELINE;ThisWork;heap;beach;0,13245;0,13245;0,015165
Q0_BASELINE/NATURE/20x20x5;nature;20x20x5;Q0_BASELINE;ThisWork;heap;beach_cornerExt;0,13245;0,13245;0,000844
Q0_BASELINE/NATURE/20x20x5;nature;20x20x5;Q0_BASELINE;ThisWork;heap;beach_grassEnd_L;0,033113;0,033113;0,003404
Q0_BASELINE/NATURE/20x20x5;nature;20x20x5;Q0_BASELINE;ThisWork;heap;beach_grassEnd_R;0,033113;0,033113;0,00349
Q0_BASELINE/NATURE/20x20x5;nature;20x20x5;Q0_BASELINE;ThisWork;heap;border;0,006623;0,006623;0,277474
Q0_BASELINE/NATURE/20x20x5;nature;20x20x5;Q0_BASELINE;ThisWork;heap;campfire;0,009934;0,009934;0,003367
Q0_BASELINE/NATURE/20x20x5;nature;20x20x5;Q0_BASELINE;ThisWork;heap;cornerExtBorder;0,006623;0,006623;0,066336
Q0_BASELINE/NATURE/20x20x5;nature;20x20x5;Q0_BASELINE;ThisWork;heap;corner;0,006623;0,006623;0,066308
Q0_BASELINE/NATURE/20x20x5;nature;20x20x5;Q0_BASELINE;ThisWork;heap;cornerIntBorder;0,006623;0,006623;0,099401
Q0_BASELINE/NATURE/20x20x5;nature;20x20x5;Q0_BASELINE;ThisWork;heap;cornerInterior;0,006623;0,006623;0,099318
Q0_BASELINE/NATURE/20x20x5;nature;20x20x5;Q0_BASELINE;ThisWork;heap;grass_end;0,13245;0,13245;0,012601
Q0_BASELINE/NATURE/20x20x5;nature;20x20x5;Q0_BASELINE;ThisWork;heap;grass_end_ExtCorner;0,13245;0,13245;0,000753
Q0_BASELINE/NATURE/20x20x5;nature;20x20x5;Q0_BASELINE;ThisWork;heap;path;0,033113;0,033113;0,001246
Q0_BASELINE/NATURE/20x20x5;nature;20x20x5;Q0_BASELINE;ThisWork;heap;path_corner;0,066225;0,066225;0,002267
Q0_BASELINE/NATURE/20x20x5;nature;20x20x5;Q0_BASELINE;ThisWork;heap;path_end;0,033113;0,033113;0,003969
Q0_BASELINE/NATURE/20x20x5;nature;20x20x5;Q0_BASELINE;ThisWork;heap;pine;0,001656;0,001656;0,000559
Q0_BASELINE/NATURE/20x20x5;nature;20x20x5;Q0_BASELINE;ThisWork;heap;pineAutumn;0,008278;0,008278;0,003349
Q0_BASELINE/NATURE/20x20x5;nature;20x20x5;Q0_BASELINE;ThisWork;heap;wall;0,033113;0,033113;0,277253
Q0_BASELINE/NATURE/20x20x5;nature;20x20x5;Q0_BASELINE;ThisWork;heap;pueblo;0,006623;0,006623;0,002677
Q0_BASELINE/NATURE/20x20x5;nature;20x20x5;Q0_BASELINE;ThisWork;heap;aserradero;0,006623;0,006623;0,00208
Q0_BASELINE/NATURE/20x20x5;nature;20x20x5;Q0_BASELINE;DeBroglie;matched;grass;0,165563;0,165563;0,056256
Q0_BASELINE/NATURE/20x20x5;nature;20x20x5;Q0_BASELINE;DeBroglie;matched;pines;0,006623;0,006623;0,001937
Q0_BASELINE/NATURE/20x20x5;nature;20x20x5;Q0_BASELINE;DeBroglie;matched;beach;0,13245;0,13245;0,015937
Q0_BASELINE/NATURE/20x20x5;nature;20x20x5;Q0_BASELINE;DeBroglie;matched;beach_cornerExt;0,13245;0,13245;0,001584
Q0_BASELINE/NATURE/20x20x5;nature;20x20x5;Q0_BASELINE;DeBroglie;matched;beach_grassEnd_L;0,033113;0,033113;0,004486
Q0_BASELINE/NATURE/20x20x5;nature;20x20x5;Q0_BASELINE;DeBroglie;matched;beach_grassEnd_R;0,033113;0,033113;0,00434
Q0_BASELINE/NATURE/20x20x5;nature;20x20x5;Q0_BASELINE;DeBroglie;matched;border;0,006623;0,006623;0,278316
Q0_BASELINE/NATURE/20x20x5;nature;20x20x5;Q0_BASELINE;DeBroglie;matched;campfire;0,009934;0,009934;0,003417
Q0_BASELINE/NATURE/20x20x5;nature;20x20x5;Q0_BASELINE;DeBroglie;matched;cornerExtBorder;0,006623;0,006623;0,068699
Q0_BASELINE/NATURE/20x20x5;nature;20x20x5;Q0_BASELINE;DeBroglie;matched;corner;0,006623;0,006623;0,068699
Q0_BASELINE/NATURE/20x20x5;nature;20x20x5;Q0_BASELINE;DeBroglie;matched;cornerIntBorder;0,006623;0,006623;0,091774
Q0_BASELINE/NATURE/20x20x5;nature;20x20x5;Q0_BASELINE;DeBroglie;matched;cornerInterior;0,006623;0,006623;0,091774
Q0_BASELINE/NATURE/20x20x5;nature;20x20x5;Q0_BASELINE;DeBroglie;matched;grass_end;0,13245;0,13245;0,017168
Q0_BASELINE/NATURE/20x20x5;nature;20x20x5;Q0_BASELINE;DeBroglie;matched;grass_end_ExtCorner;0,13245;0,13245;0,001087
Q0_BASELINE/NATURE/20x20x5;nature;20x20x5;Q0_BASELINE;DeBroglie;matched;path;0,033113;0,033113;0,001729
Q0_BASELINE/NATURE/20x20x5;nature;20x20x5;Q0_BASELINE;DeBroglie;matched;path_corner;0,066225;0,066225;0,002035
Q0_BASELINE/NATURE/20x20x5;nature;20x20x5;Q0_BASELINE;DeBroglie;matched;path_end;0,033113;0,033113;0,004593
Q0_BASELINE/NATURE/20x20x5;nature;20x20x5;Q0_BASELINE;DeBroglie;matched;pine;0,001656;0,001656;0,000428
Q0_BASELINE/NATURE/20x20x5;nature;20x20x5;Q0_BASELINE;DeBroglie;matched;pineAutumn;0,008278;0,008278;0,003019
Q0_BASELINE/NATURE/20x20x5;nature;20x20x5;Q0_BASELINE;DeBroglie;matched;wall;0,033113;0,033113;0,278316
Q0_BASELINE/NATURE/20x20x5;nature;20x20x5;Q0_BASELINE;DeBroglie;matched;pueblo;0,006623;0,006623;0,001976
Q0_BASELINE/NATURE/20x20x5;nature;20x20x5;Q0_BASELINE;DeBroglie;matched;aserradero;0,006623;0,006623;0,002429
Q1_LAYERS/NATURE/20x20x5;nature;20x20x5;Q1_LAYERS;ThisWork;heap;grass;0,165563;0,169363;0,071168
Q1_LAYERS/NATURE/20x20x5;nature;20x20x5;Q1_LAYERS;ThisWork;heap;pines;0,006623;0,006775;0,00305
Q1_LAYERS/NATURE/20x20x5;nature;20x20x5;Q1_LAYERS;ThisWork;heap;beach;0,13245;0,13549;0,016135
Q1_LAYERS/NATURE/20x20x5;nature;20x20x5;Q1_LAYERS;ThisWork;heap;beach_cornerExt;0,13245;0,13549;0,001061
Q1_LAYERS/NATURE/20x20x5;nature;20x20x5;Q1_LAYERS;ThisWork;heap;beach_grassEnd_L;0,033113;0,033873;0,004422
Q1_LAYERS/NATURE/20x20x5;nature;20x20x5;Q1_LAYERS;ThisWork;heap;beach_grassEnd_R;0,033113;0,033873;0,004304
Q1_LAYERS/NATURE/20x20x5;nature;20x20x5;Q1_LAYERS;ThisWork;heap;border;0,006623;0,004498;0,260749
Q1_LAYERS/NATURE/20x20x5;nature;20x20x5;Q1_LAYERS;ThisWork;heap;campfire;0,009934;0,010162;0,004475
Q1_LAYERS/NATURE/20x20x5;nature;20x20x5;Q1_LAYERS;ThisWork;heap;cornerExtBorder;0,006623;0,004498;0,061464
Q1_LAYERS/NATURE/20x20x5;nature;20x20x5;Q1_LAYERS;ThisWork;heap;corner;0,006623;0,004471;0,061464
Q1_LAYERS/NATURE/20x20x5;nature;20x20x5;Q1_LAYERS;ThisWork;heap;cornerIntBorder;0,006623;0,004498;0,103262
Q1_LAYERS/NATURE/20x20x5;nature;20x20x5;Q1_LAYERS;ThisWork;heap;cornerInterior;0,006623;0,004471;0,103262
Q1_LAYERS/NATURE/20x20x5;nature;20x20x5;Q1_LAYERS;ThisWork;heap;grass_end;0,13245;0,13549;0,018004
Q1_LAYERS/NATURE/20x20x5;nature;20x20x5;Q1_LAYERS;ThisWork;heap;grass_end_ExtCorner;0,13245;0,13549;0,00121
Q1_LAYERS/NATURE/20x20x5;nature;20x20x5;Q1_LAYERS;ThisWork;heap;path;0,033113;0,033873;0,00269
Q1_LAYERS/NATURE/20x20x5;nature;20x20x5;Q1_LAYERS;ThisWork;heap;path_corner;0,066225;0,067745;0,004954
Q1_LAYERS/NATURE/20x20x5;nature;20x20x5;Q1_LAYERS;ThisWork;heap;path_end;0,033113;0,033873;0,006991
Q1_LAYERS/NATURE/20x20x5;nature;20x20x5;Q1_LAYERS;ThisWork;heap;pine;0,001656;0,001694;0,000437
Q1_LAYERS/NATURE/20x20x5;nature;20x20x5;Q1_LAYERS;ThisWork;heap;pineAutumn;0,008278;0,008468;0,003761
Q1_LAYERS/NATURE/20x20x5;nature;20x20x5;Q1_LAYERS;ThisWork;heap;wall;0,033113;0,022355;0,260749
Q1_LAYERS/NATURE/20x20x5;nature;20x20x5;Q1_LAYERS;ThisWork;heap;pueblo;0,006623;0,006775;0,002975
Q1_LAYERS/NATURE/20x20x5;nature;20x20x5;Q1_LAYERS;ThisWork;heap;aserradero;0,006623;0,006775;0,003416
Q1_LAYERS/NATURE/20x20x5;nature;20x20x5;Q1_LAYERS;DeBroglie;matched;grass;0,165563;0,169363;0,070452
Q1_LAYERS/NATURE/20x20x5;nature;20x20x5;Q1_LAYERS;DeBroglie;matched;pines;0,006623;0,006775;0,002658
Q1_LAYERS/NATURE/20x20x5;nature;20x20x5;Q1_LAYERS;DeBroglie;matched;beach;0,13245;0,13549;0,021404
Q1_LAYERS/NATURE/20x20x5;nature;20x20x5;Q1_LAYERS;DeBroglie;matched;beach_cornerExt;0,13245;0,13549;0,002176
Q1_LAYERS/NATURE/20x20x5;nature;20x20x5;Q1_LAYERS;DeBroglie;matched;beach_grassEnd_L;0,033113;0,033873;0,00604
Q1_LAYERS/NATURE/20x20x5;nature;20x20x5;Q1_LAYERS;DeBroglie;matched;beach_grassEnd_R;0,033113;0,033873;0,005751
Q1_LAYERS/NATURE/20x20x5;nature;20x20x5;Q1_LAYERS;DeBroglie;matched;border;0,006623;0,004498;0,259912
Q1_LAYERS/NATURE/20x20x5;nature;20x20x5;Q1_LAYERS;DeBroglie;matched;campfire;0,009934;0,010162;0,003868
Q1_LAYERS/NATURE/20x20x5;nature;20x20x5;Q1_LAYERS;DeBroglie;matched;cornerExtBorder;0,006623;0,004498;0,058738
Q1_LAYERS/NATURE/20x20x5;nature;20x20x5;Q1_LAYERS;DeBroglie;matched;corner;0,006623;0,004471;0,058738
Q1_LAYERS/NATURE/20x20x5;nature;20x20x5;Q1_LAYERS;DeBroglie;matched;cornerIntBorder;0,006623;0,004498;0,101845
Q1_LAYERS/NATURE/20x20x5;nature;20x20x5;Q1_LAYERS;DeBroglie;matched;cornerInterior;0,006623;0,004471;0,101845
Q1_LAYERS/NATURE/20x20x5;nature;20x20x5;Q1_LAYERS;DeBroglie;matched;grass_end;0,13245;0,13549;0,022277
Q1_LAYERS/NATURE/20x20x5;nature;20x20x5;Q1_LAYERS;DeBroglie;matched;grass_end_ExtCorner;0,13245;0,13549;0,002053
Q1_LAYERS/NATURE/20x20x5;nature;20x20x5;Q1_LAYERS;DeBroglie;matched;path;0,033113;0,033873;0,002262
Q1_LAYERS/NATURE/20x20x5;nature;20x20x5;Q1_LAYERS;DeBroglie;matched;path_corner;0,066225;0,067745;0,004692
Q1_LAYERS/NATURE/20x20x5;nature;20x20x5;Q1_LAYERS;DeBroglie;matched;path_end;0,033113;0,033873;0,005266
Q1_LAYERS/NATURE/20x20x5;nature;20x20x5;Q1_LAYERS;DeBroglie;matched;pine;0,001656;0,001694;0,000693
Q1_LAYERS/NATURE/20x20x5;nature;20x20x5;Q1_LAYERS;DeBroglie;matched;pineAutumn;0,008278;0,008468;0,003481
Q1_LAYERS/NATURE/20x20x5;nature;20x20x5;Q1_LAYERS;DeBroglie;matched;wall;0,033113;0,022355;0,259912
Q1_LAYERS/NATURE/20x20x5;nature;20x20x5;Q1_LAYERS;DeBroglie;matched;pueblo;0,006623;0,006775;0,003074
Q1_LAYERS/NATURE/20x20x5;nature;20x20x5;Q1_LAYERS;DeBroglie;matched;aserradero;0,006623;0,006775;0,002864
Q2_LAYERS_BOUNDARY/NATURE/20x20x5;nature;20x20x5;Q2_LAYERS_BOUNDARY;ThisWork;heap;grass;0,165563;0,295732;0,115512
Q2_LAYERS_BOUNDARY/NATURE/20x20x5;nature;20x20x5;Q2_LAYERS_BOUNDARY;ThisWork;heap;pines;0,006623;0,011829;0,004064
Q2_LAYERS_BOUNDARY/NATURE/20x20x5;nature;20x20x5;Q2_LAYERS_BOUNDARY;ThisWork;heap;beach;0,13245;0,067888;0,052328
Q2_LAYERS_BOUNDARY/NATURE/20x20x5;nature;20x20x5;Q2_LAYERS_BOUNDARY;ThisWork;heap;beach_cornerExt;0,13245;0,079149;0,004742
Q2_LAYERS_BOUNDARY/NATURE/20x20x5;nature;20x20x5;Q2_LAYERS_BOUNDARY;ThisWork;heap;beach_grassEnd_L;0,033113;0,016972;0,013463
Q2_LAYERS_BOUNDARY/NATURE/20x20x5;nature;20x20x5;Q2_LAYERS_BOUNDARY;ThisWork;heap;beach_grassEnd_R;0,033113;0,016972;0,013463
Q2_LAYERS_BOUNDARY/NATURE/20x20x5;nature;20x20x5;Q2_LAYERS_BOUNDARY;ThisWork;heap;border;0,006623;0,020852;0,18012
Q2_LAYERS_BOUNDARY/NATURE/20x20x5;nature;20x20x5;Q2_LAYERS_BOUNDARY;ThisWork;heap;campfire;0,009934;0,017744;0,007397
Q2_LAYERS_BOUNDARY/NATURE/20x20x5;nature;20x20x5;Q2_LAYERS_BOUNDARY;ThisWork;heap;cornerExtBorder;0,006623;0,033824;0,09204
Q2_LAYERS_BOUNDARY/NATURE/20x20x5;nature;20x20x5;Q2_LAYERS_BOUNDARY;ThisWork;heap;corner;0,006623;0,00651;0,09204
Q2_LAYERS_BOUNDARY/NATURE/20x20x5;nature;20x20x5;Q2_LAYERS_BOUNDARY;ThisWork;heap;cornerIntBorder;0,006623;0,008961;0,066952
Q2_LAYERS_BOUNDARY/NATURE/20x20x5;nature;20x20x5;Q2_LAYERS_BOUNDARY;ThisWork;heap;cornerInterior;0,006623;0,005323;0,066952
Q2_LAYERS_BOUNDARY/NATURE/20x20x5;nature;20x20x5;Q2_LAYERS_BOUNDARY;ThisWork;heap;grass_end;0,13245;0,067888;0,051622
Q2_LAYERS_BOUNDARY/NATURE/20x20x5;nature;20x20x5;Q2_LAYERS_BOUNDARY;ThisWork;heap;grass_end_ExtCorner;0,13245;0,079149;0,004409
Q2_LAYERS_BOUNDARY/NATURE/20x20x5;nature;20x20x5;Q2_LAYERS_BOUNDARY;ThisWork;heap;path;0,033113;0,048534;0,00882
Q2_LAYERS_BOUNDARY/NATURE/20x20x5;nature;20x20x5;Q2_LAYERS_BOUNDARY;ThisWork;heap;path_corner;0,066225;0,097991;0,014787
Q2_LAYERS_BOUNDARY/NATURE/20x20x5;nature;20x20x5;Q2_LAYERS_BOUNDARY;ThisWork;heap;path_end;0,033113;0,05384;0,01505
Q2_LAYERS_BOUNDARY/NATURE/20x20x5;nature;20x20x5;Q2_LAYERS_BOUNDARY;ThisWork;heap;pine;0,001656;0,002957;0,001068
Q2_LAYERS_BOUNDARY/NATURE/20x20x5;nature;20x20x5;Q2_LAYERS_BOUNDARY;ThisWork;heap;pineAutumn;0,008278;0,014787;0,005877
Q2_LAYERS_BOUNDARY/NATURE/20x20x5;nature;20x20x5;Q2_LAYERS_BOUNDARY;ThisWork;heap;wall;0,033113;0,02944;0,18012
Q2_LAYERS_BOUNDARY/NATURE/20x20x5;nature;20x20x5;Q2_LAYERS_BOUNDARY;ThisWork;heap;pueblo;0,006623;0,011829;0,005077
Q2_LAYERS_BOUNDARY/NATURE/20x20x5;nature;20x20x5;Q2_LAYERS_BOUNDARY;ThisWork;heap;aserradero;0,006623;0,011829;0,004099
Q2_LAYERS_BOUNDARY/NATURE/20x20x5;nature;20x20x5;Q2_LAYERS_BOUNDARY;DeBroglie;matched;grass;0,165563;0,295732;0,113395
Q2_LAYERS_BOUNDARY/NATURE/20x20x5;nature;20x20x5;Q2_LAYERS_BOUNDARY;DeBroglie;matched;pines;0,006623;0,011829;0,003441
Q2_LAYERS_BOUNDARY/NATURE/20x20x5;nature;20x20x5;Q2_LAYERS_BOUNDARY;DeBroglie;matched;beach;0,13245;0,067888;0,052935
Q2_LAYERS_BOUNDARY/NATURE/20x20x5;nature;20x20x5;Q2_LAYERS_BOUNDARY;DeBroglie;matched;beach_cornerExt;0,13245;0,079149;0,004194
Q2_LAYERS_BOUNDARY/NATURE/20x20x5;nature;20x20x5;Q2_LAYERS_BOUNDARY;DeBroglie;matched;beach_grassEnd_L;0,033113;0,016972;0,013812
Q2_LAYERS_BOUNDARY/NATURE/20x20x5;nature;20x20x5;Q2_LAYERS_BOUNDARY;DeBroglie;matched;beach_grassEnd_R;0,033113;0,016972;0,013812
Q2_LAYERS_BOUNDARY/NATURE/20x20x5;nature;20x20x5;Q2_LAYERS_BOUNDARY;DeBroglie;matched;border;0,006623;0,020852;0,183268
Q2_LAYERS_BOUNDARY/NATURE/20x20x5;nature;20x20x5;Q2_LAYERS_BOUNDARY;DeBroglie;matched;campfire;0,009934;0,017744;0,00692
Q2_LAYERS_BOUNDARY/NATURE/20x20x5;nature;20x20x5;Q2_LAYERS_BOUNDARY;DeBroglie;matched;cornerExtBorder;0,006623;0,033824;0,090445
Q2_LAYERS_BOUNDARY/NATURE/20x20x5;nature;20x20x5;Q2_LAYERS_BOUNDARY;DeBroglie;matched;corner;0,006623;0,00651;0,090445
Q2_LAYERS_BOUNDARY/NATURE/20x20x5;nature;20x20x5;Q2_LAYERS_BOUNDARY;DeBroglie;matched;cornerIntBorder;0,006623;0,008961;0,068597
Q2_LAYERS_BOUNDARY/NATURE/20x20x5;nature;20x20x5;Q2_LAYERS_BOUNDARY;DeBroglie;matched;cornerInterior;0,006623;0,005323;0,068597
Q2_LAYERS_BOUNDARY/NATURE/20x20x5;nature;20x20x5;Q2_LAYERS_BOUNDARY;DeBroglie;matched;grass_end;0,13245;0,067888;0,049354
Q2_LAYERS_BOUNDARY/NATURE/20x20x5;nature;20x20x5;Q2_LAYERS_BOUNDARY;DeBroglie;matched;grass_end_ExtCorner;0,13245;0,079149;0,003925
Q2_LAYERS_BOUNDARY/NATURE/20x20x5;nature;20x20x5;Q2_LAYERS_BOUNDARY;DeBroglie;matched;path;0,033113;0,048534;0,006366
Q2_LAYERS_BOUNDARY/NATURE/20x20x5;nature;20x20x5;Q2_LAYERS_BOUNDARY;DeBroglie;matched;path_corner;0,066225;0,097991;0,015186
Q2_LAYERS_BOUNDARY/NATURE/20x20x5;nature;20x20x5;Q2_LAYERS_BOUNDARY;DeBroglie;matched;path_end;0,033113;0,05384;0,015855
Q2_LAYERS_BOUNDARY/NATURE/20x20x5;nature;20x20x5;Q2_LAYERS_BOUNDARY;DeBroglie;matched;pine;0,001656;0,002957;0,001309
Q2_LAYERS_BOUNDARY/NATURE/20x20x5;nature;20x20x5;Q2_LAYERS_BOUNDARY;DeBroglie;matched;pineAutumn;0,008278;0,014787;0,005609
Q2_LAYERS_BOUNDARY/NATURE/20x20x5;nature;20x20x5;Q2_LAYERS_BOUNDARY;DeBroglie;matched;wall;0,033113;0,02944;0,183268
Q2_LAYERS_BOUNDARY/NATURE/20x20x5;nature;20x20x5;Q2_LAYERS_BOUNDARY;DeBroglie;matched;pueblo;0,006623;0,011829;0,004561
Q2_LAYERS_BOUNDARY/NATURE/20x20x5;nature;20x20x5;Q2_LAYERS_BOUNDARY;DeBroglie;matched;aserradero;0,006623;0,011829;0,004704
Q3_LAYERS_BOUNDARY_FIXED/NATURE/20x20x5;nature;20x20x5;Q3_LAYERS_BOUNDARY_FIXED;ThisWork;heap;grass;0,165563;0,294089;0,126176
Q3_LAYERS_BOUNDARY_FIXED/NATURE/20x20x5;nature;20x20x5;Q3_LAYERS_BOUNDARY_FIXED;ThisWork;heap;pines;0,006623;0,011764;0,004765
Q3_LAYERS_BOUNDARY_FIXED/NATURE/20x20x5;nature;20x20x5;Q3_LAYERS_BOUNDARY_FIXED;ThisWork;heap;beach;0,13245;0,069956;0,051669
Q3_LAYERS_BOUNDARY_FIXED/NATURE/20x20x5;nature;20x20x5;Q3_LAYERS_BOUNDARY_FIXED;ThisWork;heap;beach_cornerExt;0,13245;0,079107;0,004693
Q3_LAYERS_BOUNDARY_FIXED/NATURE/20x20x5;nature;20x20x5;Q3_LAYERS_BOUNDARY_FIXED;ThisWork;heap;beach_grassEnd_L;0,033113;0,017489;0,014688
Q3_LAYERS_BOUNDARY_FIXED/NATURE/20x20x5;nature;20x20x5;Q3_LAYERS_BOUNDARY_FIXED;ThisWork;heap;beach_grassEnd_R;0,033113;0,017489;0,014688
Q3_LAYERS_BOUNDARY_FIXED/NATURE/20x20x5;nature;20x20x5;Q3_LAYERS_BOUNDARY_FIXED;ThisWork;heap;border;0,006623;0,023955;0,170843
Q3_LAYERS_BOUNDARY_FIXED/NATURE/20x20x5;nature;20x20x5;Q3_LAYERS_BOUNDARY_FIXED;ThisWork;heap;campfire;0,009934;0,017645;0,008046
Q3_LAYERS_BOUNDARY_FIXED/NATURE/20x20x5;nature;20x20x5;Q3_LAYERS_BOUNDARY_FIXED;ThisWork;heap;cornerExtBorder;0,006623;0,040199;0,095803
Q3_LAYERS_BOUNDARY_FIXED/NATURE/20x20x5;nature;20x20x5;Q3_LAYERS_BOUNDARY_FIXED;ThisWork;heap;corner;0,006623;0,006458;0,095803
Q3_LAYERS_BOUNDARY_FIXED/NATURE/20x20x5;nature;20x20x5;Q3_LAYERS_BOUNDARY_FIXED;ThisWork;heap;cornerIntBorder;0,006623;0,009473;0,060812
Q3_LAYERS_BOUNDARY_FIXED/NATURE/20x20x5;nature;20x20x5;Q3_LAYERS_BOUNDARY_FIXED;ThisWork;heap;cornerInterior;0,006623;0,004919;0,060812
Q3_LAYERS_BOUNDARY_FIXED/NATURE/20x20x5;nature;20x20x5;Q3_LAYERS_BOUNDARY_FIXED;ThisWork;heap;grass_end;0,13245;0,069956;0,05408
Q3_LAYERS_BOUNDARY_FIXED/NATURE/20x20x5;nature;20x20x5;Q3_LAYERS_BOUNDARY_FIXED;ThisWork;heap;grass_end_ExtCorner;0,13245;0,079107;0,005089
Q3_LAYERS_BOUNDARY_FIXED/NATURE/20x20x5;nature;20x20x5;Q3_LAYERS_BOUNDARY_FIXED;ThisWork;heap;path;0,033113;0,045423;0,008702
Q3_LAYERS_BOUNDARY_FIXED/NATURE/20x20x5;nature;20x20x5;Q3_LAYERS_BOUNDARY_FIXED;ThisWork;heap;path_corner;0,066225;0,091664;0,018495
Q3_LAYERS_BOUNDARY_FIXED/NATURE/20x20x5;nature;20x20x5;Q3_LAYERS_BOUNDARY_FIXED;ThisWork;heap;path_end;0,033113;0,051936;0,016992
Q3_LAYERS_BOUNDARY_FIXED/NATURE/20x20x5;nature;20x20x5;Q3_LAYERS_BOUNDARY_FIXED;ThisWork;heap;pine;0,001656;0,002941;0,001295
Q3_LAYERS_BOUNDARY_FIXED/NATURE/20x20x5;nature;20x20x5;Q3_LAYERS_BOUNDARY_FIXED;ThisWork;heap;pineAutumn;0,008278;0,014704;0,005936
Q3_LAYERS_BOUNDARY_FIXED/NATURE/20x20x5;nature;20x20x5;Q3_LAYERS_BOUNDARY_FIXED;ThisWork;heap;wall;0,033113;0,0282;0,170843
Q3_LAYERS_BOUNDARY_FIXED/NATURE/20x20x5;nature;20x20x5;Q3_LAYERS_BOUNDARY_FIXED;ThisWork;heap;pueblo;0,006623;0,011764;0,005217
Q3_LAYERS_BOUNDARY_FIXED/NATURE/20x20x5;nature;20x20x5;Q3_LAYERS_BOUNDARY_FIXED;ThisWork;heap;aserradero;0,006623;0,011764;0,004555
Q3_LAYERS_BOUNDARY_FIXED/NATURE/20x20x5;nature;20x20x5;Q3_LAYERS_BOUNDARY_FIXED;DeBroglie;matched;grass;0,165563;0,294089;0,12143
Q3_LAYERS_BOUNDARY_FIXED/NATURE/20x20x5;nature;20x20x5;Q3_LAYERS_BOUNDARY_FIXED;DeBroglie;matched;pines;0,006623;0,011764;0,005147
Q3_LAYERS_BOUNDARY_FIXED/NATURE/20x20x5;nature;20x20x5;Q3_LAYERS_BOUNDARY_FIXED;DeBroglie;matched;beach;0,13245;0,069956;0,051865
Q3_LAYERS_BOUNDARY_FIXED/NATURE/20x20x5;nature;20x20x5;Q3_LAYERS_BOUNDARY_FIXED;DeBroglie;matched;beach_cornerExt;0,13245;0,079107;0,004525
Q3_LAYERS_BOUNDARY_FIXED/NATURE/20x20x5;nature;20x20x5;Q3_LAYERS_BOUNDARY_FIXED;DeBroglie;matched;beach_grassEnd_L;0,033113;0,017489;0,013463
Q3_LAYERS_BOUNDARY_FIXED/NATURE/20x20x5;nature;20x20x5;Q3_LAYERS_BOUNDARY_FIXED;DeBroglie;matched;beach_grassEnd_R;0,033113;0,017489;0,013463
Q3_LAYERS_BOUNDARY_FIXED/NATURE/20x20x5;nature;20x20x5;Q3_LAYERS_BOUNDARY_FIXED;DeBroglie;matched;border;0,006623;0,023955;0,171033
Q3_LAYERS_BOUNDARY_FIXED/NATURE/20x20x5;nature;20x20x5;Q3_LAYERS_BOUNDARY_FIXED;DeBroglie;matched;campfire;0,009934;0,017645;0,008134
Q3_LAYERS_BOUNDARY_FIXED/NATURE/20x20x5;nature;20x20x5;Q3_LAYERS_BOUNDARY_FIXED;DeBroglie;matched;cornerExtBorder;0,006623;0,040199;0,097809
Q3_LAYERS_BOUNDARY_FIXED/NATURE/20x20x5;nature;20x20x5;Q3_LAYERS_BOUNDARY_FIXED;DeBroglie;matched;corner;0,006623;0,006458;0,097809
Q3_LAYERS_BOUNDARY_FIXED/NATURE/20x20x5;nature;20x20x5;Q3_LAYERS_BOUNDARY_FIXED;DeBroglie;matched;cornerIntBorder;0,006623;0,009473;0,06121
Q3_LAYERS_BOUNDARY_FIXED/NATURE/20x20x5;nature;20x20x5;Q3_LAYERS_BOUNDARY_FIXED;DeBroglie;matched;cornerInterior;0,006623;0,004919;0,06121
Q3_LAYERS_BOUNDARY_FIXED/NATURE/20x20x5;nature;20x20x5;Q3_LAYERS_BOUNDARY_FIXED;DeBroglie;matched;grass_end;0,13245;0,069956;0,054541
Q3_LAYERS_BOUNDARY_FIXED/NATURE/20x20x5;nature;20x20x5;Q3_LAYERS_BOUNDARY_FIXED;DeBroglie;matched;grass_end_ExtCorner;0,13245;0,079107;0,00502
Q3_LAYERS_BOUNDARY_FIXED/NATURE/20x20x5;nature;20x20x5;Q3_LAYERS_BOUNDARY_FIXED;DeBroglie;matched;path;0,033113;0,045423;0,009375
Q3_LAYERS_BOUNDARY_FIXED/NATURE/20x20x5;nature;20x20x5;Q3_LAYERS_BOUNDARY_FIXED;DeBroglie;matched;path_corner;0,066225;0,091664;0,018503
Q3_LAYERS_BOUNDARY_FIXED/NATURE/20x20x5;nature;20x20x5;Q3_LAYERS_BOUNDARY_FIXED;DeBroglie;matched;path_end;0,033113;0,051936;0,018308
Q3_LAYERS_BOUNDARY_FIXED/NATURE/20x20x5;nature;20x20x5;Q3_LAYERS_BOUNDARY_FIXED;DeBroglie;matched;pine;0,001656;0,002941;0,001167
Q3_LAYERS_BOUNDARY_FIXED/NATURE/20x20x5;nature;20x20x5;Q3_LAYERS_BOUNDARY_FIXED;DeBroglie;matched;pineAutumn;0,008278;0,014704;0,005267
Q3_LAYERS_BOUNDARY_FIXED/NATURE/20x20x5;nature;20x20x5;Q3_LAYERS_BOUNDARY_FIXED;DeBroglie;matched;wall;0,033113;0,0282;0,171033
Q3_LAYERS_BOUNDARY_FIXED/NATURE/20x20x5;nature;20x20x5;Q3_LAYERS_BOUNDARY_FIXED;DeBroglie;matched;pueblo;0,006623;0,011764;0,00504
Q3_LAYERS_BOUNDARY_FIXED/NATURE/20x20x5;nature;20x20x5;Q3_LAYERS_BOUNDARY_FIXED;DeBroglie;matched;aserradero;0,006623;0,011764;0,004649
Q4_LAYERS_BOUNDARY_FIXED_NEGATIVE/NATURE/20x20x5;nature;20x20x5;Q4_LAYERS_BOUNDARY_FIXED_NEGATIVE;ThisWork;heap;grass;0,165563;0,407613;0,1609
Q4_LAYERS_BOUNDARY_FIXED_NEGATIVE/NATURE/20x20x5;nature;20x20x5;Q4_LAYERS_BOUNDARY_FIXED_NEGATIVE;ThisWork;heap;pines;0,006623;0,016305;0,007702
Q4_LAYERS_BOUNDARY_FIXED_NEGATIVE/NATURE/20x20x5;nature;20x20x5;Q4_LAYERS_BOUNDARY_FIXED_NEGATIVE;ThisWork;heap;beach;0,13245;0,040315;0,054511
Q4_LAYERS_BOUNDARY_FIXED_NEGATIVE/NATURE/20x20x5;nature;20x20x5;Q4_LAYERS_BOUNDARY_FIXED_NEGATIVE;ThisWork;heap;beach_cornerExt;0,13245;0,00315;0,004009
Q4_LAYERS_BOUNDARY_FIXED_NEGATIVE/NATURE/20x20x5;nature;20x20x5;Q4_LAYERS_BOUNDARY_FIXED_NEGATIVE;ThisWork;heap;beach_grassEnd_L;0,033113;0,010079;0,012886
Q4_LAYERS_BOUNDARY_FIXED_NEGATIVE/NATURE/20x20x5;nature;20x20x5;Q4_LAYERS_BOUNDARY_FIXED_NEGATIVE;ThisWork;heap;beach_grassEnd_R;0,033113;0,010079;0,012886
Q4_LAYERS_BOUNDARY_FIXED_NEGATIVE/NATURE/20x20x5;nature;20x20x5;Q4_LAYERS_BOUNDARY_FIXED_NEGATIVE;ThisWork;heap;border;0,006623;0,022657;0,175171
Q4_LAYERS_BOUNDARY_FIXED_NEGATIVE/NATURE/20x20x5;nature;20x20x5;Q4_LAYERS_BOUNDARY_FIXED_NEGATIVE;ThisWork;heap;campfire;0,009934;0,024457;0,009052
Q4_LAYERS_BOUNDARY_FIXED_NEGATIVE/NATURE/20x20x5;nature;20x20x5;Q4_LAYERS_BOUNDARY_FIXED_NEGATIVE;ThisWork;heap;cornerExtBorder;0,006623;0,034453;0,086253
Q4_LAYERS_BOUNDARY_FIXED_NEGATIVE/NATURE/20x20x5;nature;20x20x5;Q4_LAYERS_BOUNDARY_FIXED_NEGATIVE;ThisWork;heap;corner;0,006623;0,008364;0,086253
Q4_LAYERS_BOUNDARY_FIXED_NEGATIVE/NATURE/20x20x5;nature;20x20x5;Q4_LAYERS_BOUNDARY_FIXED_NEGATIVE;ThisWork;heap;cornerIntBorder;0,006623;0,007492;0,035951
Q4_LAYERS_BOUNDARY_FIXED_NEGATIVE/NATURE/20x20x5;nature;20x20x5;Q4_LAYERS_BOUNDARY_FIXED_NEGATIVE;ThisWork;heap;cornerInterior;0,006623;0,006423;0,035951
Q4_LAYERS_BOUNDARY_FIXED_NEGATIVE/NATURE/20x20x5;nature;20x20x5;Q4_LAYERS_BOUNDARY_FIXED_NEGATIVE;ThisWork;heap;grass_end;0,13245;0,040315;0,05937
Q4_LAYERS_BOUNDARY_FIXED_NEGATIVE/NATURE/20x20x5;nature;20x20x5;Q4_LAYERS_BOUNDARY_FIXED_NEGATIVE;ThisWork;heap;grass_end_ExtCorner;0,13245;0,00315;0,00472
Q4_LAYERS_BOUNDARY_FIXED_NEGATIVE/NATURE/20x20x5;nature;20x20x5;Q4_LAYERS_BOUNDARY_FIXED_NEGATIVE;ThisWork;heap;path;0,033113;0,064448;0,011118
Q4_LAYERS_BOUNDARY_FIXED_NEGATIVE/NATURE/20x20x5;nature;20x20x5;Q4_LAYERS_BOUNDARY_FIXED_NEGATIVE;ThisWork;heap;path_corner;0,066225;0,130004;0,024642
Q4_LAYERS_BOUNDARY_FIXED_NEGATIVE/NATURE/20x20x5;nature;20x20x5;Q4_LAYERS_BOUNDARY_FIXED_NEGATIVE;ThisWork;heap;path_end;0,033113;0,072796;0,021724
Q4_LAYERS_BOUNDARY_FIXED_NEGATIVE/NATURE/20x20x5;nature;20x20x5;Q4_LAYERS_BOUNDARY_FIXED_NEGATIVE;ThisWork;heap;pine;0,001656;0,004076;0,00161
Q4_LAYERS_BOUNDARY_FIXED_NEGATIVE/NATURE/20x20x5;nature;20x20x5;Q4_LAYERS_BOUNDARY_FIXED_NEGATIVE;ThisWork;heap;pineAutumn;0,008278;0,020381;0,007732
Q4_LAYERS_BOUNDARY_FIXED_NEGATIVE/NATURE/20x20x5;nature;20x20x5;Q4_LAYERS_BOUNDARY_FIXED_NEGATIVE;ThisWork;heap;wall;0,033113;0,040837;0,175171
Q4_LAYERS_BOUNDARY_FIXED_NEGATIVE/NATURE/20x20x5;nature;20x20x5;Q4_LAYERS_BOUNDARY_FIXED_NEGATIVE;ThisWork;heap;pueblo;0,006623;0,016305;0,006151
Q4_LAYERS_BOUNDARY_FIXED_NEGATIVE/NATURE/20x20x5;nature;20x20x5;Q4_LAYERS_BOUNDARY_FIXED_NEGATIVE;ThisWork;heap;aserradero;0,006623;0,016305;0,00624
Q4_LAYERS_BOUNDARY_FIXED_NEGATIVE/NATURE/20x20x5;nature;20x20x5;Q4_LAYERS_BOUNDARY_FIXED_NEGATIVE;DeBroglie;matched;grass;0,165563;0,407624;0,160084
Q4_LAYERS_BOUNDARY_FIXED_NEGATIVE/NATURE/20x20x5;nature;20x20x5;Q4_LAYERS_BOUNDARY_FIXED_NEGATIVE;DeBroglie;matched;pines;0,006623;0,016305;0,005755
Q4_LAYERS_BOUNDARY_FIXED_NEGATIVE/NATURE/20x20x5;nature;20x20x5;Q4_LAYERS_BOUNDARY_FIXED_NEGATIVE;DeBroglie;matched;beach;0,13245;0,040332;0,050072
Q4_LAYERS_BOUNDARY_FIXED_NEGATIVE/NATURE/20x20x5;nature;20x20x5;Q4_LAYERS_BOUNDARY_FIXED_NEGATIVE;DeBroglie;matched;beach_cornerExt;0,13245;0,003151;0,004119
Q4_LAYERS_BOUNDARY_FIXED_NEGATIVE/NATURE/20x20x5;nature;20x20x5;Q4_LAYERS_BOUNDARY_FIXED_NEGATIVE;DeBroglie;matched;beach_grassEnd_L;0,033113;0,010083;0,01281
Q4_LAYERS_BOUNDARY_FIXED_NEGATIVE/NATURE/20x20x5;nature;20x20x5;Q4_LAYERS_BOUNDARY_FIXED_NEGATIVE;DeBroglie;matched;beach_grassEnd_R;0,033113;0,010083;0,01281
Q4_LAYERS_BOUNDARY_FIXED_NEGATIVE/NATURE/20x20x5;nature;20x20x5;Q4_LAYERS_BOUNDARY_FIXED_NEGATIVE;DeBroglie;matched;border;0,006623;0,022689;0,175816
Q4_LAYERS_BOUNDARY_FIXED_NEGATIVE/NATURE/20x20x5;nature;20x20x5;Q4_LAYERS_BOUNDARY_FIXED_NEGATIVE;DeBroglie;matched;campfire;0,009934;0,024457;0,009485
Q4_LAYERS_BOUNDARY_FIXED_NEGATIVE/NATURE/20x20x5;nature;20x20x5;Q4_LAYERS_BOUNDARY_FIXED_NEGATIVE;DeBroglie;matched;cornerExtBorder;0,006623;0,034519;0,089983
Q4_LAYERS_BOUNDARY_FIXED_NEGATIVE/NATURE/20x20x5;nature;20x20x5;Q4_LAYERS_BOUNDARY_FIXED_NEGATIVE;DeBroglie;matched;corner;0,006623;0,00836;0,089983
Q4_LAYERS_BOUNDARY_FIXED_NEGATIVE/NATURE/20x20x5;nature;20x20x5;Q4_LAYERS_BOUNDARY_FIXED_NEGATIVE;DeBroglie;matched;cornerIntBorder;0,006623;0,007486;0,035066
Q4_LAYERS_BOUNDARY_FIXED_NEGATIVE/NATURE/20x20x5;nature;20x20x5;Q4_LAYERS_BOUNDARY_FIXED_NEGATIVE;DeBroglie;matched;cornerInterior;0,006623;0,006413;0,035066
Q4_LAYERS_BOUNDARY_FIXED_NEGATIVE/NATURE/20x20x5;nature;20x20x5;Q4_LAYERS_BOUNDARY_FIXED_NEGATIVE;DeBroglie;matched;grass_end;0,13245;0,040332;0,063266
Q4_LAYERS_BOUNDARY_FIXED_NEGATIVE/NATURE/20x20x5;nature;20x20x5;Q4_LAYERS_BOUNDARY_FIXED_NEGATIVE;DeBroglie;matched;grass_end_ExtCorner;0,13245;0,003151;0,004566
Q4_LAYERS_BOUNDARY_FIXED_NEGATIVE/NATURE/20x20x5;nature;20x20x5;Q4_LAYERS_BOUNDARY_FIXED_NEGATIVE;DeBroglie;matched;path;0,033113;0,064426;0,010805
Q4_LAYERS_BOUNDARY_FIXED_NEGATIVE/NATURE/20x20x5;nature;20x20x5;Q4_LAYERS_BOUNDARY_FIXED_NEGATIVE;DeBroglie;matched;path_corner;0,066225;0,129928;0,021298
Q4_LAYERS_BOUNDARY_FIXED_NEGATIVE/NATURE/20x20x5;nature;20x20x5;Q4_LAYERS_BOUNDARY_FIXED_NEGATIVE;DeBroglie;matched;path_end;0,033113;0,07278;0,019451
Q4_LAYERS_BOUNDARY_FIXED_NEGATIVE/NATURE/20x20x5;nature;20x20x5;Q4_LAYERS_BOUNDARY_FIXED_NEGATIVE;DeBroglie;matched;pine;0,001656;0,004076;0,002006
Q4_LAYERS_BOUNDARY_FIXED_NEGATIVE/NATURE/20x20x5;nature;20x20x5;Q4_LAYERS_BOUNDARY_FIXED_NEGATIVE;DeBroglie;matched;pineAutumn;0,008278;0,020381;0,008049
Q4_LAYERS_BOUNDARY_FIXED_NEGATIVE/NATURE/20x20x5;nature;20x20x5;Q4_LAYERS_BOUNDARY_FIXED_NEGATIVE;DeBroglie;matched;wall;0,033113;0,040813;0,175816
Q4_LAYERS_BOUNDARY_FIXED_NEGATIVE/NATURE/20x20x5;nature;20x20x5;Q4_LAYERS_BOUNDARY_FIXED_NEGATIVE;DeBroglie;matched;pueblo;0,006623;0,016305;0,006527
Q4_LAYERS_BOUNDARY_FIXED_NEGATIVE/NATURE/20x20x5;nature;20x20x5;Q4_LAYERS_BOUNDARY_FIXED_NEGATIVE;DeBroglie;matched;aserradero;0,006623;0,016305;0,007166
Q0_BASELINE/NATURE/30x30x5;nature;30x30x5;Q0_BASELINE;ThisWork;heap;grass;0,165563;0,165563;0,058634
Q0_BASELINE/NATURE/30x30x5;nature;30x30x5;Q0_BASELINE;ThisWork;heap;pines;0,006623;0,006623;0,002392
Q0_BASELINE/NATURE/30x30x5;nature;30x30x5;Q0_BASELINE;ThisWork;heap;beach;0,13245;0,13245;0,011648
Q0_BASELINE/NATURE/30x30x5;nature;30x30x5;Q0_BASELINE;ThisWork;heap;beach_cornerExt;0,13245;0,13245;0,001044
Q0_BASELINE/NATURE/30x30x5;nature;30x30x5;Q0_BASELINE;ThisWork;heap;beach_grassEnd_L;0,033113;0,033113;0,002967
Q0_BASELINE/NATURE/30x30x5;nature;30x30x5;Q0_BASELINE;ThisWork;heap;beach_grassEnd_R;0,033113;0,033113;0,003043
Q0_BASELINE/NATURE/30x30x5;nature;30x30x5;Q0_BASELINE;ThisWork;heap;border;0,006623;0,006623;0,273585
Q0_BASELINE/NATURE/30x30x5;nature;30x30x5;Q0_BASELINE;ThisWork;heap;campfire;0,009934;0,009934;0,003634
Q0_BASELINE/NATURE/30x30x5;nature;30x30x5;Q0_BASELINE;ThisWork;heap;cornerExtBorder;0,006623;0,006623;0,069939
Q0_BASELINE/NATURE/30x30x5;nature;30x30x5;Q0_BASELINE;ThisWork;heap;corner;0,006623;0,006623;0,070161
Q0_BASELINE/NATURE/30x30x5;nature;30x30x5;Q0_BASELINE;ThisWork;heap;cornerIntBorder;0,006623;0,006623;0,100285
Q0_BASELINE/NATURE/30x30x5;nature;30x30x5;Q0_BASELINE;ThisWork;heap;cornerInterior;0,006623;0,006623;0,100385
Q0_BASELINE/NATURE/30x30x5;nature;30x30x5;Q0_BASELINE;ThisWork;heap;grass_end;0,13245;0,13245;0,012069
Q0_BASELINE/NATURE/30x30x5;nature;30x30x5;Q0_BASELINE;ThisWork;heap;grass_end_ExtCorner;0,13245;0,13245;0,001024
Q0_BASELINE/NATURE/30x30x5;nature;30x30x5;Q0_BASELINE;ThisWork;heap;path;0,033113;0,033113;0,001164
Q0_BASELINE/NATURE/30x30x5;nature;30x30x5;Q0_BASELINE;ThisWork;heap;path_corner;0,066225;0,066225;0,001504
Q0_BASELINE/NATURE/30x30x5;nature;30x30x5;Q0_BASELINE;ThisWork;heap;path_end;0,033113;0,033113;0,004194
Q0_BASELINE/NATURE/30x30x5;nature;30x30x5;Q0_BASELINE;ThisWork;heap;pine;0,001656;0,001656;0,00058
Q0_BASELINE/NATURE/30x30x5;nature;30x30x5;Q0_BASELINE;ThisWork;heap;pineAutumn;0,008278;0,008278;0,002755
Q0_BASELINE/NATURE/30x30x5;nature;30x30x5;Q0_BASELINE;ThisWork;heap;wall;0,033113;0,033113;0,27422
Q0_BASELINE/NATURE/30x30x5;nature;30x30x5;Q0_BASELINE;ThisWork;heap;pueblo;0,006623;0,006623;0,002187
Q0_BASELINE/NATURE/30x30x5;nature;30x30x5;Q0_BASELINE;ThisWork;heap;aserradero;0,006623;0,006623;0,002585
Q0_BASELINE/NATURE/30x30x5;nature;30x30x5;Q0_BASELINE;DeBroglie;matched;grass;0,165563;0,165563;0,057916
Q0_BASELINE/NATURE/30x30x5;nature;30x30x5;Q0_BASELINE;DeBroglie;matched;pines;0,006623;0,006623;0,002354
Q0_BASELINE/NATURE/30x30x5;nature;30x30x5;Q0_BASELINE;DeBroglie;matched;beach;0,13245;0,13245;0,007907
Q0_BASELINE/NATURE/30x30x5;nature;30x30x5;Q0_BASELINE;DeBroglie;matched;beach_cornerExt;0,13245;0,13245;0,000599
Q0_BASELINE/NATURE/30x30x5;nature;30x30x5;Q0_BASELINE;DeBroglie;matched;beach_grassEnd_L;0,033113;0,033113;0,001888
Q0_BASELINE/NATURE/30x30x5;nature;30x30x5;Q0_BASELINE;DeBroglie;matched;beach_grassEnd_R;0,033113;0,033113;0,001762
Q0_BASELINE/NATURE/30x30x5;nature;30x30x5;Q0_BASELINE;DeBroglie;matched;border;0,006623;0,006623;0,279983
Q0_BASELINE/NATURE/30x30x5;nature;30x30x5;Q0_BASELINE;DeBroglie;matched;campfire;0,009934;0,009934;0,003548
Q0_BASELINE/NATURE/30x30x5;nature;30x30x5;Q0_BASELINE;DeBroglie;matched;cornerExtBorder;0,006623;0,006623;0,069691
Q0_BASELINE/NATURE/30x30x5;nature;30x30x5;Q0_BASELINE;DeBroglie;matched;corner;0,006623;0,006623;0,069655
Q0_BASELINE/NATURE/30x30x5;nature;30x30x5;Q0_BASELINE;DeBroglie;matched;cornerIntBorder;0,006623;0,006623;0,100378
Q0_BASELINE/NATURE/30x30x5;nature;30x30x5;Q0_BASELINE;DeBroglie;matched;cornerInterior;0,006623;0,006623;0,100294
Q0_BASELINE/NATURE/30x30x5;nature;30x30x5;Q0_BASELINE;DeBroglie;matched;grass_end;0,13245;0,13245;0,008471
Q0_BASELINE/NATURE/30x30x5;nature;30x30x5;Q0_BASELINE;DeBroglie;matched;grass_end_ExtCorner;0,13245;0,13245;0,000513
Q0_BASELINE/NATURE/30x30x5;nature;30x30x5;Q0_BASELINE;DeBroglie;matched;path;0,033113;0,033113;0,000979
Q0_BASELINE/NATURE/30x30x5;nature;30x30x5;Q0_BASELINE;DeBroglie;matched;path_corner;0,066225;0,066225;0,001919
Q0_BASELINE/NATURE/30x30x5;nature;30x30x5;Q0_BASELINE;DeBroglie;matched;path_end;0,033113;0,033113;0,004331
Q0_BASELINE/NATURE/30x30x5;nature;30x30x5;Q0_BASELINE;DeBroglie;matched;pine;0,001656;0,001656;0,00071
Q0_BASELINE/NATURE/30x30x5;nature;30x30x5;Q0_BASELINE;DeBroglie;matched;pineAutumn;0,008278;0,008278;0,002968
Q0_BASELINE/NATURE/30x30x5;nature;30x30x5;Q0_BASELINE;DeBroglie;matched;wall;0,033113;0,033113;0,279923
Q0_BASELINE/NATURE/30x30x5;nature;30x30x5;Q0_BASELINE;DeBroglie;matched;pueblo;0,006623;0,006623;0,002103
Q0_BASELINE/NATURE/30x30x5;nature;30x30x5;Q0_BASELINE;DeBroglie;matched;aserradero;0,006623;0,006623;0,00211
Q1_LAYERS/NATURE/30x30x5;nature;30x30x5;Q1_LAYERS;ThisWork;heap;grass;0,165563;0,169363;0,073031
Q1_LAYERS/NATURE/30x30x5;nature;30x30x5;Q1_LAYERS;ThisWork;heap;pines;0,006623;0,006775;0,002841
Q1_LAYERS/NATURE/30x30x5;nature;30x30x5;Q1_LAYERS;ThisWork;heap;beach;0,13245;0,13549;0,013002
Q1_LAYERS/NATURE/30x30x5;nature;30x30x5;Q1_LAYERS;ThisWork;heap;beach_cornerExt;0,13245;0,13549;0,000759
Q1_LAYERS/NATURE/30x30x5;nature;30x30x5;Q1_LAYERS;ThisWork;heap;beach_grassEnd_L;0,033113;0,033873;0,003494
Q1_LAYERS/NATURE/30x30x5;nature;30x30x5;Q1_LAYERS;ThisWork;heap;beach_grassEnd_R;0,033113;0,033873;0,003455
Q1_LAYERS/NATURE/30x30x5;nature;30x30x5;Q1_LAYERS;ThisWork;heap;border;0,006623;0,004498;0,266595
Q1_LAYERS/NATURE/30x30x5;nature;30x30x5;Q1_LAYERS;ThisWork;heap;campfire;0,009934;0,010162;0,004385
Q1_LAYERS/NATURE/30x30x5;nature;30x30x5;Q1_LAYERS;ThisWork;heap;cornerExtBorder;0,006623;0,004498;0,062878
Q1_LAYERS/NATURE/30x30x5;nature;30x30x5;Q1_LAYERS;ThisWork;heap;corner;0,006623;0,004471;0,062878
Q1_LAYERS/NATURE/30x30x5;nature;30x30x5;Q1_LAYERS;ThisWork;heap;cornerIntBorder;0,006623;0,004498;0,102165
Q1_LAYERS/NATURE/30x30x5;nature;30x30x5;Q1_LAYERS;ThisWork;heap;cornerInterior;0,006623;0,004471;0,102165
Q1_LAYERS/NATURE/30x30x5;nature;30x30x5;Q1_LAYERS;ThisWork;heap;grass_end;0,13245;0,13549;0,012606
Q1_LAYERS/NATURE/30x30x5;nature;30x30x5;Q1_LAYERS;ThisWork;heap;grass_end_ExtCorner;0,13245;0,13549;0,000693
Q1_LAYERS/NATURE/30x30x5;nature;30x30x5;Q1_LAYERS;ThisWork;heap;path;0,033113;0,033873;0,002061
Q1_LAYERS/NATURE/30x30x5;nature;30x30x5;Q1_LAYERS;ThisWork;heap;path_corner;0,066225;0,067745;0,003463
Q1_LAYERS/NATURE/30x30x5;nature;30x30x5;Q1_LAYERS;ThisWork;heap;path_end;0,033113;0,033873;0,00614
Q1_LAYERS/NATURE/30x30x5;nature;30x30x5;Q1_LAYERS;ThisWork;heap;pine;0,001656;0,001694;0,000896
Q1_LAYERS/NATURE/30x30x5;nature;30x30x5;Q1_LAYERS;ThisWork;heap;pineAutumn;0,008278;0,008468;0,004035
Q1_LAYERS/NATURE/30x30x5;nature;30x30x5;Q1_LAYERS;ThisWork;heap;wall;0,033113;0,022355;0,266595
Q1_LAYERS/NATURE/30x30x5;nature;30x30x5;Q1_LAYERS;ThisWork;heap;pueblo;0,006623;0,006775;0,003108
Q1_LAYERS/NATURE/30x30x5;nature;30x30x5;Q1_LAYERS;ThisWork;heap;aserradero;0,006623;0,006775;0,002754
Q1_LAYERS/NATURE/30x30x5;nature;30x30x5;Q1_LAYERS;DeBroglie;matched;grass;0,165563;0,169363;0,076922
Q1_LAYERS/NATURE/30x30x5;nature;30x30x5;Q1_LAYERS;DeBroglie;matched;pines;0,006623;0,006775;0,002896
Q1_LAYERS/NATURE/30x30x5;nature;30x30x5;Q1_LAYERS;DeBroglie;matched;beach;0,13245;0,13549;0,012311
Q1_LAYERS/NATURE/30x30x5;nature;30x30x5;Q1_LAYERS;DeBroglie;matched;beach_cornerExt;0,13245;0,13549;0,000792
Q1_LAYERS/NATURE/30x30x5;nature;30x30x5;Q1_LAYERS;DeBroglie;matched;beach_grassEnd_L;0,033113;0,033873;0,003108
Q1_LAYERS/NATURE/30x30x5;nature;30x30x5;Q1_LAYERS;DeBroglie;matched;beach_grassEnd_R;0,033113;0,033873;0,003069
Q1_LAYERS/NATURE/30x30x5;nature;30x30x5;Q1_LAYERS;DeBroglie;matched;border;0,006623;0,004498;0,265352
Q1_LAYERS/NATURE/30x30x5;nature;30x30x5;Q1_LAYERS;DeBroglie;matched;campfire;0,009934;0,010162;0,004332
Q1_LAYERS/NATURE/30x30x5;nature;30x30x5;Q1_LAYERS;DeBroglie;matched;cornerExtBorder;0,006623;0,004498;0,064352
Q1_LAYERS/NATURE/30x30x5;nature;30x30x5;Q1_LAYERS;DeBroglie;matched;corner;0,006623;0,004471;0,064352
Q1_LAYERS/NATURE/30x30x5;nature;30x30x5;Q1_LAYERS;DeBroglie;matched;cornerIntBorder;0,006623;0,004498;0,10045
Q1_LAYERS/NATURE/30x30x5;nature;30x30x5;Q1_LAYERS;DeBroglie;matched;cornerInterior;0,006623;0,004471;0,10045
Q1_LAYERS/NATURE/30x30x5;nature;30x30x5;Q1_LAYERS;DeBroglie;matched;grass_end;0,13245;0,13549;0,011379
Q1_LAYERS/NATURE/30x30x5;nature;30x30x5;Q1_LAYERS;DeBroglie;matched;grass_end_ExtCorner;0,13245;0,13549;0,000757
Q1_LAYERS/NATURE/30x30x5;nature;30x30x5;Q1_LAYERS;DeBroglie;matched;path;0,033113;0,033873;0,002423
Q1_LAYERS/NATURE/30x30x5;nature;30x30x5;Q1_LAYERS;DeBroglie;matched;path_corner;0,066225;0,067745;0,004215
Q1_LAYERS/NATURE/30x30x5;nature;30x30x5;Q1_LAYERS;DeBroglie;matched;path_end;0,033113;0,033873;0,006912
Q1_LAYERS/NATURE/30x30x5;nature;30x30x5;Q1_LAYERS;DeBroglie;matched;pine;0,001656;0,001694;0,000646
Q1_LAYERS/NATURE/30x30x5;nature;30x30x5;Q1_LAYERS;DeBroglie;matched;pineAutumn;0,008278;0,008468;0,003787
Q1_LAYERS/NATURE/30x30x5;nature;30x30x5;Q1_LAYERS;DeBroglie;matched;wall;0,033113;0,022355;0,265352
Q1_LAYERS/NATURE/30x30x5;nature;30x30x5;Q1_LAYERS;DeBroglie;matched;pueblo;0,006623;0,006775;0,003218
Q1_LAYERS/NATURE/30x30x5;nature;30x30x5;Q1_LAYERS;DeBroglie;matched;aserradero;0,006623;0,006775;0,002922
Q2_LAYERS_BOUNDARY/NATURE/30x30x5;nature;30x30x5;Q2_LAYERS_BOUNDARY;ThisWork;heap;grass;0,165563;0,315531;0,096628
Q2_LAYERS_BOUNDARY/NATURE/30x30x5;nature;30x30x5;Q2_LAYERS_BOUNDARY;ThisWork;heap;pines;0,006623;0,012621;0,004266
Q2_LAYERS_BOUNDARY/NATURE/30x30x5;nature;30x30x5;Q2_LAYERS_BOUNDARY;ThisWork;heap;beach;0,13245;0,059288;0,033667
Q2_LAYERS_BOUNDARY/NATURE/30x30x5;nature;30x30x5;Q2_LAYERS_BOUNDARY;ThisWork;heap;beach_cornerExt;0,13245;0,065684;0,001472
Q2_LAYERS_BOUNDARY/NATURE/30x30x5;nature;30x30x5;Q2_LAYERS_BOUNDARY;ThisWork;heap;beach_grassEnd_L;0,033113;0,014822;0,008185
Q2_LAYERS_BOUNDARY/NATURE/30x30x5;nature;30x30x5;Q2_LAYERS_BOUNDARY;ThisWork;heap;beach_grassEnd_R;0,033113;0,014822;0,008185
Q2_LAYERS_BOUNDARY/NATURE/30x30x5;nature;30x30x5;Q2_LAYERS_BOUNDARY;ThisWork;heap;border;0,006623;0,017661;0,221486
Q2_LAYERS_BOUNDARY/NATURE/30x30x5;nature;30x30x5;Q2_LAYERS_BOUNDARY;ThisWork;heap;campfire;0,009934;0,018932;0,005801
Q2_LAYERS_BOUNDARY/NATURE/30x30x5;nature;30x30x5;Q2_LAYERS_BOUNDARY;ThisWork;heap;cornerExtBorder;0,006623;0,025755;0,078863
Q2_LAYERS_BOUNDARY/NATURE/30x30x5;nature;30x30x5;Q2_LAYERS_BOUNDARY;ThisWork;heap;corner;0,006623;0,007004;0,078863
Q2_LAYERS_BOUNDARY/NATURE/30x30x5;nature;30x30x5;Q2_LAYERS_BOUNDARY;ThisWork;heap;cornerIntBorder;0,006623;0,009963;0,086062
Q2_LAYERS_BOUNDARY/NATURE/30x30x5;nature;30x30x5;Q2_LAYERS_BOUNDARY;ThisWork;heap;cornerInterior;0,006623;0,006243;0,086062
Q2_LAYERS_BOUNDARY/NATURE/30x30x5;nature;30x30x5;Q2_LAYERS_BOUNDARY;ThisWork;heap;grass_end;0,13245;0,059288;0,031359
Q2_LAYERS_BOUNDARY/NATURE/30x30x5;nature;30x30x5;Q2_LAYERS_BOUNDARY;ThisWork;heap;grass_end_ExtCorner;0,13245;0,065684;0,001658
Q2_LAYERS_BOUNDARY/NATURE/30x30x5;nature;30x30x5;Q2_LAYERS_BOUNDARY;ThisWork;heap;path;0,033113;0,056449;0,00427
Q2_LAYERS_BOUNDARY/NATURE/30x30x5;nature;30x30x5;Q2_LAYERS_BOUNDARY;ThisWork;heap;path_corner;0,066225;0,113236;0,008118
Q2_LAYERS_BOUNDARY/NATURE/30x30x5;nature;30x30x5;Q2_LAYERS_BOUNDARY;ThisWork;heap;path_end;0,033113;0,059778;0,010199
Q2_LAYERS_BOUNDARY/NATURE/30x30x5;nature;30x30x5;Q2_LAYERS_BOUNDARY;ThisWork;heap;pine;0,001656;0,003155;0,000799
Q2_LAYERS_BOUNDARY/NATURE/30x30x5;nature;30x30x5;Q2_LAYERS_BOUNDARY;ThisWork;heap;pineAutumn;0,008278;0,015777;0,004975
Q2_LAYERS_BOUNDARY/NATURE/30x30x5;nature;30x30x5;Q2_LAYERS_BOUNDARY;ThisWork;heap;wall;0,033113;0,033066;0,221486
Q2_LAYERS_BOUNDARY/NATURE/30x30x5;nature;30x30x5;Q2_LAYERS_BOUNDARY;ThisWork;heap;pueblo;0,006623;0,012621;0,003976
Q2_LAYERS_BOUNDARY/NATURE/30x30x5;nature;30x30x5;Q2_LAYERS_BOUNDARY;ThisWork;heap;aserradero;0,006623;0,012621;0,003618
Q2_LAYERS_BOUNDARY/NATURE/30x30x5;nature;30x30x5;Q2_LAYERS_BOUNDARY;DeBroglie;matched;grass;0,165563;0,315531;0,095628
Q2_LAYERS_BOUNDARY/NATURE/30x30x5;nature;30x30x5;Q2_LAYERS_BOUNDARY;DeBroglie;matched;pines;0,006623;0,012621;0,00378
Q2_LAYERS_BOUNDARY/NATURE/30x30x5;nature;30x30x5;Q2_LAYERS_BOUNDARY;DeBroglie;matched;beach;0,13245;0,059288;0,0323
Q2_LAYERS_BOUNDARY/NATURE/30x30x5;nature;30x30x5;Q2_LAYERS_BOUNDARY;DeBroglie;matched;beach_cornerExt;0,13245;0,065684;0,001376
Q2_LAYERS_BOUNDARY/NATURE/30x30x5;nature;30x30x5;Q2_LAYERS_BOUNDARY;DeBroglie;matched;beach_grassEnd_L;0,033113;0,014822;0,00833
Q2_LAYERS_BOUNDARY/NATURE/30x30x5;nature;30x30x5;Q2_LAYERS_BOUNDARY;DeBroglie;matched;beach_grassEnd_R;0,033113;0,014822;0,00833
Q2_LAYERS_BOUNDARY/NATURE/30x30x5;nature;30x30x5;Q2_LAYERS_BOUNDARY;DeBroglie;matched;border;0,006623;0,017661;0,222461
Q2_LAYERS_BOUNDARY/NATURE/30x30x5;nature;30x30x5;Q2_LAYERS_BOUNDARY;DeBroglie;matched;campfire;0,009934;0,018932;0,005538
Q2_LAYERS_BOUNDARY/NATURE/30x30x5;nature;30x30x5;Q2_LAYERS_BOUNDARY;DeBroglie;matched;cornerExtBorder;0,006623;0,025755;0,077487
Q2_LAYERS_BOUNDARY/NATURE/30x30x5;nature;30x30x5;Q2_LAYERS_BOUNDARY;DeBroglie;matched;corner;0,006623;0,007004;0,077487
Q2_LAYERS_BOUNDARY/NATURE/30x30x5;nature;30x30x5;Q2_LAYERS_BOUNDARY;DeBroglie;matched;cornerIntBorder;0,006623;0,009963;0,08647
Q2_LAYERS_BOUNDARY/NATURE/30x30x5;nature;30x30x5;Q2_LAYERS_BOUNDARY;DeBroglie;matched;cornerInterior;0,006623;0,006243;0,08647
Q2_LAYERS_BOUNDARY/NATURE/30x30x5;nature;30x30x5;Q2_LAYERS_BOUNDARY;DeBroglie;matched;grass_end;0,13245;0,059288;0,032433
Q2_LAYERS_BOUNDARY/NATURE/30x30x5;nature;30x30x5;Q2_LAYERS_BOUNDARY;DeBroglie;matched;grass_end_ExtCorner;0,13245;0,065684;0,001755
Q2_LAYERS_BOUNDARY/NATURE/30x30x5;nature;30x30x5;Q2_LAYERS_BOUNDARY;DeBroglie;matched;path;0,033113;0,056449;0,004813
Q2_LAYERS_BOUNDARY/NATURE/30x30x5;nature;30x30x5;Q2_LAYERS_BOUNDARY;DeBroglie;matched;path_corner;0,066225;0,113236;0,008591
Q2_LAYERS_BOUNDARY/NATURE/30x30x5;nature;30x30x5;Q2_LAYERS_BOUNDARY;DeBroglie;matched;path_end;0,033113;0,059778;0,010958
Q2_LAYERS_BOUNDARY/NATURE/30x30x5;nature;30x30x5;Q2_LAYERS_BOUNDARY;DeBroglie;matched;pine;0,001656;0,003155;0,000971
Q2_LAYERS_BOUNDARY/NATURE/30x30x5;nature;30x30x5;Q2_LAYERS_BOUNDARY;DeBroglie;matched;pineAutumn;0,008278;0,015777;0,00471
Q2_LAYERS_BOUNDARY/NATURE/30x30x5;nature;30x30x5;Q2_LAYERS_BOUNDARY;DeBroglie;matched;wall;0,033113;0,033066;0,222461
Q2_LAYERS_BOUNDARY/NATURE/30x30x5;nature;30x30x5;Q2_LAYERS_BOUNDARY;DeBroglie;matched;pueblo;0,006623;0,012621;0,003778
Q2_LAYERS_BOUNDARY/NATURE/30x30x5;nature;30x30x5;Q2_LAYERS_BOUNDARY;DeBroglie;matched;aserradero;0,006623;0,012621;0,003873
Q3_LAYERS_BOUNDARY_FIXED/NATURE/30x30x5;nature;30x30x5;Q3_LAYERS_BOUNDARY_FIXED;ThisWork;heap;grass;0,165563;0,315017;0,100003
Q3_LAYERS_BOUNDARY_FIXED/NATURE/30x30x5;nature;30x30x5;Q3_LAYERS_BOUNDARY_FIXED;ThisWork;heap;pines;0,006623;0,012601;0,004092
Q3_LAYERS_BOUNDARY_FIXED/NATURE/30x30x5;nature;30x30x5;Q3_LAYERS_BOUNDARY_FIXED;ThisWork;heap;beach;0,13245;0,060022;0,032198
Q3_LAYERS_BOUNDARY_FIXED/NATURE/30x30x5;nature;30x30x5;Q3_LAYERS_BOUNDARY_FIXED;ThisWork;heap;beach_cornerExt;0,13245;0,06566;0,001426
Q3_LAYERS_BOUNDARY_FIXED/NATURE/30x30x5;nature;30x30x5;Q3_LAYERS_BOUNDARY_FIXED;ThisWork;heap;beach_grassEnd_L;0,033113;0,015005;0,008303
Q3_LAYERS_BOUNDARY_FIXED/NATURE/30x30x5;nature;30x30x5;Q3_LAYERS_BOUNDARY_FIXED;ThisWork;heap;beach_grassEnd_R;0,033113;0,015005;0,008303
Q3_LAYERS_BOUNDARY_FIXED/NATURE/30x30x5;nature;30x30x5;Q3_LAYERS_BOUNDARY_FIXED;ThisWork;heap;border;0,006623;0,019143;0,216255
Q3_LAYERS_BOUNDARY_FIXED/NATURE/30x30x5;nature;30x30x5;Q3_LAYERS_BOUNDARY_FIXED;ThisWork;heap;campfire;0,009934;0,018901;0,005917
Q3_LAYERS_BOUNDARY_FIXED/NATURE/30x30x5;nature;30x30x5;Q3_LAYERS_BOUNDARY_FIXED;ThisWork;heap;cornerExtBorder;0,006623;0,028649;0,081998
Q3_LAYERS_BOUNDARY_FIXED/NATURE/30x30x5;nature;30x30x5;Q3_LAYERS_BOUNDARY_FIXED;ThisWork;heap;corner;0,006623;0,006996;0,081998
Q3_LAYERS_BOUNDARY_FIXED/NATURE/30x30x5;nature;30x30x5;Q3_LAYERS_BOUNDARY_FIXED;ThisWork;heap;cornerIntBorder;0,006623;0,010217;0,082736
Q3_LAYERS_BOUNDARY_FIXED/NATURE/30x30x5;nature;30x30x5;Q3_LAYERS_BOUNDARY_FIXED;ThisWork;heap;cornerInterior;0,006623;0,006075;0,082736
Q3_LAYERS_BOUNDARY_FIXED/NATURE/30x30x5;nature;30x30x5;Q3_LAYERS_BOUNDARY_FIXED;ThisWork;heap;grass_end;0,13245;0,060022;0,03352
Q3_LAYERS_BOUNDARY_FIXED/NATURE/30x30x5;nature;30x30x5;Q3_LAYERS_BOUNDARY_FIXED;ThisWork;heap;grass_end_ExtCorner;0,13245;0,06566;0,00174
Q3_LAYERS_BOUNDARY_FIXED/NATURE/30x30x5;nature;30x30x5;Q3_LAYERS_BOUNDARY_FIXED;ThisWork;heap;path;0,033113;0,055017;0,004968
Q3_LAYERS_BOUNDARY_FIXED/NATURE/30x30x5;nature;30x30x5;Q3_LAYERS_BOUNDARY_FIXED;ThisWork;heap;path_corner;0,066225;0,110347;0,011192
Q3_LAYERS_BOUNDARY_FIXED/NATURE/30x30x5;nature;30x30x5;Q3_LAYERS_BOUNDARY_FIXED;ThisWork;heap;path_end;0,033113;0,058963;0,012017
Q3_LAYERS_BOUNDARY_FIXED/NATURE/30x30x5;nature;30x30x5;Q3_LAYERS_BOUNDARY_FIXED;ThisWork;heap;pine;0,001656;0,00315;0,000966
Q3_LAYERS_BOUNDARY_FIXED/NATURE/30x30x5;nature;30x30x5;Q3_LAYERS_BOUNDARY_FIXED;ThisWork;heap;pineAutumn;0,008278;0,015751;0,004942
Q3_LAYERS_BOUNDARY_FIXED/NATURE/30x30x5;nature;30x30x5;Q3_LAYERS_BOUNDARY_FIXED;ThisWork;heap;wall;0,033113;0,032599;0,216255
Q3_LAYERS_BOUNDARY_FIXED/NATURE/30x30x5;nature;30x30x5;Q3_LAYERS_BOUNDARY_FIXED;ThisWork;heap;pueblo;0,006623;0,012601;0,004369
Q3_LAYERS_BOUNDARY_FIXED/NATURE/30x30x5;nature;30x30x5;Q3_LAYERS_BOUNDARY_FIXED;ThisWork;heap;aserradero;0,006623;0,012601;0,004064
Q3_LAYERS_BOUNDARY_FIXED/NATURE/30x30x5;nature;30x30x5;Q3_LAYERS_BOUNDARY_FIXED;DeBroglie;matched;grass;0,165563;0,315017;0,100574
Q3_LAYERS_BOUNDARY_FIXED/NATURE/30x30x5;nature;30x30x5;Q3_LAYERS_BOUNDARY_FIXED;DeBroglie;matched;pines;0,006623;0,012601;0,003987
Q3_LAYERS_BOUNDARY_FIXED/NATURE/30x30x5;nature;30x30x5;Q3_LAYERS_BOUNDARY_FIXED;DeBroglie;matched;beach;0,13245;0,060022;0,034269
Q3_LAYERS_BOUNDARY_FIXED/NATURE/30x30x5;nature;30x30x5;Q3_LAYERS_BOUNDARY_FIXED;DeBroglie;matched;beach_cornerExt;0,13245;0,06566;0,001611
Q3_LAYERS_BOUNDARY_FIXED/NATURE/30x30x5;nature;30x30x5;Q3_LAYERS_BOUNDARY_FIXED;DeBroglie;matched;beach_grassEnd_L;0,033113;0,015005;0,008377
Q3_LAYERS_BOUNDARY_FIXED/NATURE/30x30x5;nature;30x30x5;Q3_LAYERS_BOUNDARY_FIXED;DeBroglie;matched;beach_grassEnd_R;0,033113;0,015005;0,008377
Q3_LAYERS_BOUNDARY_FIXED/NATURE/30x30x5;nature;30x30x5;Q3_LAYERS_BOUNDARY_FIXED;DeBroglie;matched;border;0,006623;0,019143;0,21488
Q3_LAYERS_BOUNDARY_FIXED/NATURE/30x30x5;nature;30x30x5;Q3_LAYERS_BOUNDARY_FIXED;DeBroglie;matched;campfire;0,009934;0,018901;0,005464
Q3_LAYERS_BOUNDARY_FIXED/NATURE/30x30x5;nature;30x30x5;Q3_LAYERS_BOUNDARY_FIXED;DeBroglie;matched;cornerExtBorder;0,006623;0,028649;0,081459
Q3_LAYERS_BOUNDARY_FIXED/NATURE/30x30x5;nature;30x30x5;Q3_LAYERS_BOUNDARY_FIXED;DeBroglie;matched;corner;0,006623;0,006996;0,081459
Q3_LAYERS_BOUNDARY_FIXED/NATURE/30x30x5;nature;30x30x5;Q3_LAYERS_BOUNDARY_FIXED;DeBroglie;matched;cornerIntBorder;0,006623;0,010217;0,085382
Q3_LAYERS_BOUNDARY_FIXED/NATURE/30x30x5;nature;30x30x5;Q3_LAYERS_BOUNDARY_FIXED;DeBroglie;matched;cornerInterior;0,006623;0,006075;0,085382
Q3_LAYERS_BOUNDARY_FIXED/NATURE/30x30x5;nature;30x30x5;Q3_LAYERS_BOUNDARY_FIXED;DeBroglie;matched;grass_end;0,13245;0,060022;0,031203
Q3_LAYERS_BOUNDARY_FIXED/NATURE/30x30x5;nature;30x30x5;Q3_LAYERS_BOUNDARY_FIXED;DeBroglie;matched;grass_end_ExtCorner;0,13245;0,06566;0,001552
Q3_LAYERS_BOUNDARY_FIXED/NATURE/30x30x5;nature;30x30x5;Q3_LAYERS_BOUNDARY_FIXED;DeBroglie;matched;path;0,033113;0,055017;0,004848
Q3_LAYERS_BOUNDARY_FIXED/NATURE/30x30x5;nature;30x30x5;Q3_LAYERS_BOUNDARY_FIXED;DeBroglie;matched;path_corner;0,066225;0,110347;0,010076
Q3_LAYERS_BOUNDARY_FIXED/NATURE/30x30x5;nature;30x30x5;Q3_LAYERS_BOUNDARY_FIXED;DeBroglie;matched;path_end;0,033113;0,058963;0,011777
Q3_LAYERS_BOUNDARY_FIXED/NATURE/30x30x5;nature;30x30x5;Q3_LAYERS_BOUNDARY_FIXED;DeBroglie;matched;pine;0,001656;0,00315;0,000872
Q3_LAYERS_BOUNDARY_FIXED/NATURE/30x30x5;nature;30x30x5;Q3_LAYERS_BOUNDARY_FIXED;DeBroglie;matched;pineAutumn;0,008278;0,015751;0,005211
Q3_LAYERS_BOUNDARY_FIXED/NATURE/30x30x5;nature;30x30x5;Q3_LAYERS_BOUNDARY_FIXED;DeBroglie;matched;wall;0,033113;0,032599;0,21488
Q3_LAYERS_BOUNDARY_FIXED/NATURE/30x30x5;nature;30x30x5;Q3_LAYERS_BOUNDARY_FIXED;DeBroglie;matched;pueblo;0,006623;0,012601;0,004197
Q3_LAYERS_BOUNDARY_FIXED/NATURE/30x30x5;nature;30x30x5;Q3_LAYERS_BOUNDARY_FIXED;DeBroglie;matched;aserradero;0,006623;0,012601;0,004165
Q4_LAYERS_BOUNDARY_FIXED_NEGATIVE/NATURE/30x30x5;nature;30x30x5;Q4_LAYERS_BOUNDARY_FIXED_NEGATIVE;ThisWork;heap;grass;0,165563;0,419206;0,139879
Q4_LAYERS_BOUNDARY_FIXED_NEGATIVE/NATURE/30x30x5;nature;30x30x5;Q4_LAYERS_BOUNDARY_FIXED_NEGATIVE;ThisWork;heap;pines;0,006623;0,016768;0,00621
Q4_LAYERS_BOUNDARY_FIXED_NEGATIVE/NATURE/30x30x5;nature;30x30x5;Q4_LAYERS_BOUNDARY_FIXED_NEGATIVE;ThisWork;heap;beach;0,13245;0,02318;0,030715
Q4_LAYERS_BOUNDARY_FIXED_NEGATIVE/NATURE/30x30x5;nature;30x30x5;Q4_LAYERS_BOUNDARY_FIXED_NEGATIVE;ThisWork;heap;beach_cornerExt;0,13245;0,001114;0,001506
Q4_LAYERS_BOUNDARY_FIXED_NEGATIVE/NATURE/30x30x5;nature;30x30x5;Q4_LAYERS_BOUNDARY_FIXED_NEGATIVE;ThisWork;heap;beach_grassEnd_L;0,033113;0,005795;0,007855
Q4_LAYERS_BOUNDARY_FIXED_NEGATIVE/NATURE/30x30x5;nature;30x30x5;Q4_LAYERS_BOUNDARY_FIXED_NEGATIVE;ThisWork;heap;beach_grassEnd_R;0,033113;0,005795;0,007855
Q4_LAYERS_BOUNDARY_FIXED_NEGATIVE/NATURE/30x30x5;nature;30x30x5;Q4_LAYERS_BOUNDARY_FIXED_NEGATIVE;ThisWork;heap;border;0,006623;0,018521;0,210831
Q4_LAYERS_BOUNDARY_FIXED_NEGATIVE/NATURE/30x30x5;nature;30x30x5;Q4_LAYERS_BOUNDARY_FIXED_NEGATIVE;ThisWork;heap;campfire;0,009934;0,025152;0,008574
Q4_LAYERS_BOUNDARY_FIXED_NEGATIVE/NATURE/30x30x5;nature;30x30x5;Q4_LAYERS_BOUNDARY_FIXED_NEGATIVE;ThisWork;heap;cornerExtBorder;0,006623;0,026319;0,091752
Q4_LAYERS_BOUNDARY_FIXED_NEGATIVE/NATURE/30x30x5;nature;30x30x5;Q4_LAYERS_BOUNDARY_FIXED_NEGATIVE;ThisWork;heap;corner;0,006623;0,009643;0,091752
Q4_LAYERS_BOUNDARY_FIXED_NEGATIVE/NATURE/30x30x5;nature;30x30x5;Q4_LAYERS_BOUNDARY_FIXED_NEGATIVE;ThisWork;heap;cornerIntBorder;0,006623;0,009036;0,044477
Q4_LAYERS_BOUNDARY_FIXED_NEGATIVE/NATURE/30x30x5;nature;30x30x5;Q4_LAYERS_BOUNDARY_FIXED_NEGATIVE;ThisWork;heap;cornerInterior;0,006623;0,008405;0,044477
Q4_LAYERS_BOUNDARY_FIXED_NEGATIVE/NATURE/30x30x5;nature;30x30x5;Q4_LAYERS_BOUNDARY_FIXED_NEGATIVE;ThisWork;heap;grass_end;0,13245;0,02318;0,040412
Q4_LAYERS_BOUNDARY_FIXED_NEGATIVE/NATURE/30x30x5;nature;30x30x5;Q4_LAYERS_BOUNDARY_FIXED_NEGATIVE;ThisWork;heap;grass_end_ExtCorner;0,13245;0,001114;0,001834
Q4_LAYERS_BOUNDARY_FIXED_NEGATIVE/NATURE/30x30x5;nature;30x30x5;Q4_LAYERS_BOUNDARY_FIXED_NEGATIVE;ThisWork;heap;path;0,033113;0,073779;0,007168
Q4_LAYERS_BOUNDARY_FIXED_NEGATIVE/NATURE/30x30x5;nature;30x30x5;Q4_LAYERS_BOUNDARY_FIXED_NEGATIVE;ThisWork;heap;path_corner;0,066225;0,147963;0,016333
Q4_LAYERS_BOUNDARY_FIXED_NEGATIVE/NATURE/30x30x5;nature;30x30x5;Q4_LAYERS_BOUNDARY_FIXED_NEGATIVE;ThisWork;heap;path_end;0,033113;0,078759;0,017878
Q4_LAYERS_BOUNDARY_FIXED_NEGATIVE/NATURE/30x30x5;nature;30x30x5;Q4_LAYERS_BOUNDARY_FIXED_NEGATIVE;ThisWork;heap;pine;0,001656;0,004192;0,001269
Q4_LAYERS_BOUNDARY_FIXED_NEGATIVE/NATURE/30x30x5;nature;30x30x5;Q4_LAYERS_BOUNDARY_FIXED_NEGATIVE;ThisWork;heap;pineAutumn;0,008278;0,02096;0,00712
Q4_LAYERS_BOUNDARY_FIXED_NEGATIVE/NATURE/30x30x5;nature;30x30x5;Q4_LAYERS_BOUNDARY_FIXED_NEGATIVE;ThisWork;heap;wall;0,033113;0,04758;0,210831
Q4_LAYERS_BOUNDARY_FIXED_NEGATIVE/NATURE/30x30x5;nature;30x30x5;Q4_LAYERS_BOUNDARY_FIXED_NEGATIVE;ThisWork;heap;pueblo;0,006623;0,016768;0,005536
Q4_LAYERS_BOUNDARY_FIXED_NEGATIVE/NATURE/30x30x5;nature;30x30x5;Q4_LAYERS_BOUNDARY_FIXED_NEGATIVE;ThisWork;heap;aserradero;0,006623;0,016768;0,005739
Q4_LAYERS_BOUNDARY_FIXED_NEGATIVE/NATURE/30x30x5;nature;30x30x5;Q4_LAYERS_BOUNDARY_FIXED_NEGATIVE;DeBroglie;matched;grass;0,165563;0,419237;0,144299
Q4_LAYERS_BOUNDARY_FIXED_NEGATIVE/NATURE/30x30x5;nature;30x30x5;Q4_LAYERS_BOUNDARY_FIXED_NEGATIVE;DeBroglie;matched;pines;0,006623;0,016769;0,006158
Q4_LAYERS_BOUNDARY_FIXED_NEGATIVE/NATURE/30x30x5;nature;30x30x5;Q4_LAYERS_BOUNDARY_FIXED_NEGATIVE;DeBroglie;matched;beach;0,13245;0,023202;0,032028
Q4_LAYERS_BOUNDARY_FIXED_NEGATIVE/NATURE/30x30x5;nature;30x30x5;Q4_LAYERS_BOUNDARY_FIXED_NEGATIVE;DeBroglie;matched;beach_cornerExt;0,13245;0,001115;0,001738
Q4_LAYERS_BOUNDARY_FIXED_NEGATIVE/NATURE/30x30x5;nature;30x30x5;Q4_LAYERS_BOUNDARY_FIXED_NEGATIVE;DeBroglie;matched;beach_grassEnd_L;0,033113;0,005801;0,007919
Q4_LAYERS_BOUNDARY_FIXED_NEGATIVE/NATURE/30x30x5;nature;30x30x5;Q4_LAYERS_BOUNDARY_FIXED_NEGATIVE;DeBroglie;matched;beach_grassEnd_R;0,033113;0,005801;0,007919
Q4_LAYERS_BOUNDARY_FIXED_NEGATIVE/NATURE/30x30x5;nature;30x30x5;Q4_LAYERS_BOUNDARY_FIXED_NEGATIVE;DeBroglie;matched;border;0,006623;0,018601;0,211479
Q4_LAYERS_BOUNDARY_FIXED_NEGATIVE/NATURE/30x30x5;nature;30x30x5;Q4_LAYERS_BOUNDARY_FIXED_NEGATIVE;DeBroglie;matched;campfire;0,009934;0,025154;0,008901
Q4_LAYERS_BOUNDARY_FIXED_NEGATIVE/NATURE/30x30x5;nature;30x30x5;Q4_LAYERS_BOUNDARY_FIXED_NEGATIVE;DeBroglie;matched;cornerExtBorder;0,006623;0,02648;0,09048
Q4_LAYERS_BOUNDARY_FIXED_NEGATIVE/NATURE/30x30x5;nature;30x30x5;Q4_LAYERS_BOUNDARY_FIXED_NEGATIVE;DeBroglie;matched;corner;0,006623;0,009635;0,09048
Q4_LAYERS_BOUNDARY_FIXED_NEGATIVE/NATURE/30x30x5;nature;30x30x5;Q4_LAYERS_BOUNDARY_FIXED_NEGATIVE;DeBroglie;matched;cornerIntBorder;0,006623;0,009024;0,043517
Q4_LAYERS_BOUNDARY_FIXED_NEGATIVE/NATURE/30x30x5;nature;30x30x5;Q4_LAYERS_BOUNDARY_FIXED_NEGATIVE;DeBroglie;matched;cornerInterior;0,006623;0,008384;0,043517
Q4_LAYERS_BOUNDARY_FIXED_NEGATIVE/NATURE/30x30x5;nature;30x30x5;Q4_LAYERS_BOUNDARY_FIXED_NEGATIVE;DeBroglie;matched;grass_end;0,13245;0,023202;0,039181
Q4_LAYERS_BOUNDARY_FIXED_NEGATIVE/NATURE/30x30x5;nature;30x30x5;Q4_LAYERS_BOUNDARY_FIXED_NEGATIVE;DeBroglie;matched;grass_end_ExtCorner;0,13245;0,001115;0,00161
Q4_LAYERS_BOUNDARY_FIXED_NEGATIVE/NATURE/30x30x5;nature;30x30x5;Q4_LAYERS_BOUNDARY_FIXED_NEGATIVE;DeBroglie;matched;path;0,033113;0,07371;0,006937
Q4_LAYERS_BOUNDARY_FIXED_NEGATIVE/NATURE/30x30x5;nature;30x30x5;Q4_LAYERS_BOUNDARY_FIXED_NEGATIVE;DeBroglie;matched;path_corner;0,066225;0,147814;0,016363
Q4_LAYERS_BOUNDARY_FIXED_NEGATIVE/NATURE/30x30x5;nature;30x30x5;Q4_LAYERS_BOUNDARY_FIXED_NEGATIVE;DeBroglie;matched;path_end;0,033113;0,078729;0,016537
Q4_LAYERS_BOUNDARY_FIXED_NEGATIVE/NATURE/30x30x5;nature;30x30x5;Q4_LAYERS_BOUNDARY_FIXED_NEGATIVE;DeBroglie;matched;pine;0,001656;0,004192;0,00129
Q4_LAYERS_BOUNDARY_FIXED_NEGATIVE/NATURE/30x30x5;nature;30x30x5;Q4_LAYERS_BOUNDARY_FIXED_NEGATIVE;DeBroglie;matched;pineAutumn;0,008278;0,020962;0,006995
Q4_LAYERS_BOUNDARY_FIXED_NEGATIVE/NATURE/30x30x5;nature;30x30x5;Q4_LAYERS_BOUNDARY_FIXED_NEGATIVE;DeBroglie;matched;wall;0,033113;0,047534;0,211479
Q4_LAYERS_BOUNDARY_FIXED_NEGATIVE/NATURE/30x30x5;nature;30x30x5;Q4_LAYERS_BOUNDARY_FIXED_NEGATIVE;DeBroglie;matched;pueblo;0,006623;0,016769;0,005504
Q4_LAYERS_BOUNDARY_FIXED_NEGATIVE/NATURE/30x30x5;nature;30x30x5;Q4_LAYERS_BOUNDARY_FIXED_NEGATIVE;DeBroglie;matched;aserradero;0,006623;0,016769;0,005668
Q0_BASELINE/DESERT/10x10x5;desert;10x10x5;Q0_BASELINE;ThisWork;heap;sand;0,11236;0,11236;0,015063
Q0_BASELINE/DESERT/10x10x5;desert;10x10x5;Q0_BASELINE;ThisWork;heap;borderSand;0,044944;0,044944;0,187326
Q0_BASELINE/DESERT/10x10x5;desert;10x10x5;Q0_BASELINE;ThisWork;heap;cornerInt_wall_sand;0,224719;0,224719;0,155743
Q0_BASELINE/DESERT/10x10x5;desert;10x10x5;Q0_BASELINE;ThisWork;heap;cornerInt_border_sand;0,044944;0,044944;0,157783
Q0_BASELINE/DESERT/10x10x5;desert;10x10x5;Q0_BASELINE;ThisWork;heap;cornerExt_wall_sand;0,134831;0,134831;0,125947
Q0_BASELINE/DESERT/10x10x5;desert;10x10x5;Q0_BASELINE;ThisWork;heap;cornerExt_border_sand;0,044944;0,044944;0,126438
Q0_BASELINE/DESERT/10x10x5;desert;10x10x5;Q0_BASELINE;ThisWork;heap;sand_end;0,044944;0,044944;0,021394
Q0_BASELINE/DESERT/10x10x5;desert;10x10x5;Q0_BASELINE;ThisWork;heap;palm;0,168539;0,168539;0,02065
Q0_BASELINE/DESERT/10x10x5;desert;10x10x5;Q0_BASELINE;ThisWork;heap;sand_end_extCorner;0,044944;0,044944;0,003382
Q0_BASELINE/DESERT/10x10x5;desert;10x10x5;Q0_BASELINE;ThisWork;heap;sand_wall;0,134831;0,134831;0,186273
Q0_BASELINE/DESERT/10x10x5;desert;10x10x5;Q0_BASELINE;DeBroglie;matched;sand;0,11236;0,11236;0,014776
Q0_BASELINE/DESERT/10x10x5;desert;10x10x5;Q0_BASELINE;DeBroglie;matched;borderSand;0,044944;0,044944;0,186108
Q0_BASELINE/DESERT/10x10x5;desert;10x10x5;Q0_BASELINE;DeBroglie;matched;cornerInt_wall_sand;0,224719;0,224719;0,158679
Q0_BASELINE/DESERT/10x10x5;desert;10x10x5;Q0_BASELINE;DeBroglie;matched;cornerInt_border_sand;0,044944;0,044944;0,160234
Q0_BASELINE/DESERT/10x10x5;desert;10x10x5;Q0_BASELINE;DeBroglie;matched;cornerExt_wall_sand;0,134831;0,134831;0,131872
Q0_BASELINE/DESERT/10x10x5;desert;10x10x5;Q0_BASELINE;DeBroglie;matched;cornerExt_border_sand;0,044944;0,044944;0,131685
Q0_BASELINE/DESERT/10x10x5;desert;10x10x5;Q0_BASELINE;DeBroglie;matched;sand_end;0,044944;0,044944;0,008343
Q0_BASELINE/DESERT/10x10x5;desert;10x10x5;Q0_BASELINE;DeBroglie;matched;palm;0,168539;0,168539;0,021216
Q0_BASELINE/DESERT/10x10x5;desert;10x10x5;Q0_BASELINE;DeBroglie;matched;sand_end_extCorner;0,044944;0,044944;0,001754
Q0_BASELINE/DESERT/10x10x5;desert;10x10x5;Q0_BASELINE;DeBroglie;matched;sand_wall;0,134831;0,134831;0,185333
Q1_LAYERS/DESERT/10x10x5;desert;10x10x5;Q1_LAYERS;ThisWork;heap;sand;0,11236;0,152122;0,038386
Q1_LAYERS/DESERT/10x10x5;desert;10x10x5;Q1_LAYERS;ThisWork;heap;borderSand;0,044944;0,041823;0,131682
Q1_LAYERS/DESERT/10x10x5;desert;10x10x5;Q1_LAYERS;ThisWork;heap;cornerInt_wall_sand;0,224719;0,169332;0,178203
Q1_LAYERS/DESERT/10x10x5;desert;10x10x5;Q1_LAYERS;ThisWork;heap;cornerInt_border_sand;0,044944;0,041823;0,178203
Q1_LAYERS/DESERT/10x10x5;desert;10x10x5;Q1_LAYERS;ThisWork;heap;cornerExt_wall_sand;0,134831;0,101599;0,140905
Q1_LAYERS/DESERT/10x10x5;desert;10x10x5;Q1_LAYERS;ThisWork;heap;cornerExt_border_sand;0,044944;0,041823;0,140905
Q1_LAYERS/DESERT/10x10x5;desert;10x10x5;Q1_LAYERS;ThisWork;heap;sand_end;0,044944;0,060849;0,011164
Q1_LAYERS/DESERT/10x10x5;desert;10x10x5;Q1_LAYERS;ThisWork;heap;palm;0,168539;0,228183;0,047477
Q1_LAYERS/DESERT/10x10x5;desert;10x10x5;Q1_LAYERS;ThisWork;heap;sand_end_extCorner;0,044944;0,060849;0,001394
Q1_LAYERS/DESERT/10x10x5;desert;10x10x5;Q1_LAYERS;ThisWork;heap;sand_wall;0,134831;0,101599;0,131682
Q1_LAYERS/DESERT/10x10x5;desert;10x10x5;Q1_LAYERS;DeBroglie;matched;sand;0,11236;0,152122;0,027981
Q1_LAYERS/DESERT/10x10x5;desert;10x10x5;Q1_LAYERS;DeBroglie;matched;borderSand;0,044944;0,041823;0,146174
Q1_LAYERS/DESERT/10x10x5;desert;10x10x5;Q1_LAYERS;DeBroglie;matched;cornerInt_wall_sand;0,224719;0,169332;0,178897
Q1_LAYERS/DESERT/10x10x5;desert;10x10x5;Q1_LAYERS;DeBroglie;matched;cornerInt_border_sand;0,044944;0,041823;0,178897
Q1_LAYERS/DESERT/10x10x5;desert;10x10x5;Q1_LAYERS;DeBroglie;matched;cornerExt_wall_sand;0,134831;0,101599;0,117099
Q1_LAYERS/DESERT/10x10x5;desert;10x10x5;Q1_LAYERS;DeBroglie;matched;cornerExt_border_sand;0,044944;0,041823;0,117099
Q1_LAYERS/DESERT/10x10x5;desert;10x10x5;Q1_LAYERS;DeBroglie;matched;sand_end;0,044944;0,060849;0,036882
Q1_LAYERS/DESERT/10x10x5;desert;10x10x5;Q1_LAYERS;DeBroglie;matched;palm;0,168539;0,228183;0,046069
Q1_LAYERS/DESERT/10x10x5;desert;10x10x5;Q1_LAYERS;DeBroglie;matched;sand_end_extCorner;0,044944;0,060849;0,004729
Q1_LAYERS/DESERT/10x10x5;desert;10x10x5;Q1_LAYERS;DeBroglie;matched;sand_wall;0,134831;0,101599;0,146174
Q2_LAYERS_BOUNDARY/DESERT/10x10x5;desert;10x10x5;Q2_LAYERS_BOUNDARY;ThisWork;heap;sand;0,11236;0,126685;0,069008
Q2_LAYERS_BOUNDARY/DESERT/10x10x5;desert;10x10x5;Q2_LAYERS_BOUNDARY;ThisWork;heap;borderSand;0,044944;0,037593;0,066337
Q2_LAYERS_BOUNDARY/DESERT/10x10x5;desert;10x10x5;Q2_LAYERS_BOUNDARY;ThisWork;heap;cornerInt_wall_sand;0,224719;0,057479;0,016387
Q2_LAYERS_BOUNDARY/DESERT/10x10x5;desert;10x10x5;Q2_LAYERS_BOUNDARY;ThisWork;heap;cornerInt_border_sand;0,044944;0,016251;0,016387
Q2_LAYERS_BOUNDARY/DESERT/10x10x5;desert;10x10x5;Q2_LAYERS_BOUNDARY;ThisWork;heap;cornerExt_wall_sand;0,134831;0,080102;0,120482
Q2_LAYERS_BOUNDARY/DESERT/10x10x5;desert;10x10x5;Q2_LAYERS_BOUNDARY;ThisWork;heap;cornerExt_border_sand;0,044944;0,067343;0,120482
Q2_LAYERS_BOUNDARY/DESERT/10x10x5;desert;10x10x5;Q2_LAYERS_BOUNDARY;ThisWork;heap;sand_end;0,044944;0,134593;0,30606
Q2_LAYERS_BOUNDARY/DESERT/10x10x5;desert;10x10x5;Q2_LAYERS_BOUNDARY;ThisWork;heap;palm;0,168539;0,190027;0,101013
Q2_LAYERS_BOUNDARY/DESERT/10x10x5;desert;10x10x5;Q2_LAYERS_BOUNDARY;ThisWork;heap;sand_end_extCorner;0,044944;0,236255;0,117508
Q2_LAYERS_BOUNDARY/DESERT/10x10x5;desert;10x10x5;Q2_LAYERS_BOUNDARY;ThisWork;heap;sand_wall;0,134831;0,05367;0,066337
Q2_LAYERS_BOUNDARY/DESERT/10x10x5;desert;10x10x5;Q2_LAYERS_BOUNDARY;DeBroglie;matched;sand;0,11236;0,126685;0,077164
Q2_LAYERS_BOUNDARY/DESERT/10x10x5;desert;10x10x5;Q2_LAYERS_BOUNDARY;DeBroglie;matched;borderSand;0,044944;0,037593;0,067927
Q2_LAYERS_BOUNDARY/DESERT/10x10x5;desert;10x10x5;Q2_LAYERS_BOUNDARY;DeBroglie;matched;cornerInt_wall_sand;0,224719;0,057479;0,013701
Q2_LAYERS_BOUNDARY/DESERT/10x10x5;desert;10x10x5;Q2_LAYERS_BOUNDARY;DeBroglie;matched;cornerInt_border_sand;0,044944;0,016251;0,013701
Q2_LAYERS_BOUNDARY/DESERT/10x10x5;desert;10x10x5;Q2_LAYERS_BOUNDARY;DeBroglie;matched;cornerExt_wall_sand;0,134831;0,080102;0,104171
Q2_LAYERS_BOUNDARY/DESERT/10x10x5;desert;10x10x5;Q2_LAYERS_BOUNDARY;DeBroglie;matched;cornerExt_border_sand;0,044944;0,067343;0,104171
Q2_LAYERS_BOUNDARY/DESERT/10x10x5;desert;10x10x5;Q2_LAYERS_BOUNDARY;DeBroglie;matched;sand_end;0,044944;0,134593;0,308377
Q2_LAYERS_BOUNDARY/DESERT/10x10x5;desert;10x10x5;Q2_LAYERS_BOUNDARY;DeBroglie;matched;palm;0,168539;0,190027;0,103255
Q2_LAYERS_BOUNDARY/DESERT/10x10x5;desert;10x10x5;Q2_LAYERS_BOUNDARY;DeBroglie;matched;sand_end_extCorner;0,044944;0,236255;0,139608
Q2_LAYERS_BOUNDARY/DESERT/10x10x5;desert;10x10x5;Q2_LAYERS_BOUNDARY;DeBroglie;matched;sand_wall;0,134831;0,05367;0,067927
Q3_LAYERS_BOUNDARY_FIXED/DESERT/10x10x5;desert;10x10x5;Q3_LAYERS_BOUNDARY_FIXED;ThisWork;heap;sand;0,11236;0,134556;0,10598
Q3_LAYERS_BOUNDARY_FIXED/DESERT/10x10x5;desert;10x10x5;Q3_LAYERS_BOUNDARY_FIXED;ThisWork;heap;borderSand;0,044944;0,031867;0,026134
Q3_LAYERS_BOUNDARY_FIXED/DESERT/10x10x5;desert;10x10x5;Q3_LAYERS_BOUNDARY_FIXED;ThisWork;heap;cornerInt_wall_sand;0,224719;0,036437;0,00477
Q3_LAYERS_BOUNDARY_FIXED/DESERT/10x10x5;desert;10x10x5;Q3_LAYERS_BOUNDARY_FIXED;ThisWork;heap;cornerInt_border_sand;0,044944;0,012093;0,00477
Q3_LAYERS_BOUNDARY_FIXED/DESERT/10x10x5;desert;10x10x5;Q3_LAYERS_BOUNDARY_FIXED;ThisWork;heap;cornerExt_wall_sand;0,134831;0,072619;0,102088
Q3_LAYERS_BOUNDARY_FIXED/DESERT/10x10x5;desert;10x10x5;Q3_LAYERS_BOUNDARY_FIXED;ThisWork;heap;cornerExt_border_sand;0,044944;0,063957;0,102088
Q3_LAYERS_BOUNDARY_FIXED/DESERT/10x10x5;desert;10x10x5;Q3_LAYERS_BOUNDARY_FIXED;ThisWork;heap;sand_end;0,044944;0,180618;0,339808
Q3_LAYERS_BOUNDARY_FIXED/DESERT/10x10x5;desert;10x10x5;Q3_LAYERS_BOUNDARY_FIXED;ThisWork;heap;palm;0,168539;0,201834;0,142329
Q3_LAYERS_BOUNDARY_FIXED/DESERT/10x10x5;desert;10x10x5;Q3_LAYERS_BOUNDARY_FIXED;ThisWork;heap;sand_end_extCorner;0,044944;0,224701;0,1459
Q3_LAYERS_BOUNDARY_FIXED/DESERT/10x10x5;desert;10x10x5;Q3_LAYERS_BOUNDARY_FIXED;ThisWork;heap;sand_wall;0,134831;0,041318;0,026134
Q3_LAYERS_BOUNDARY_FIXED/DESERT/10x10x5;desert;10x10x5;Q3_LAYERS_BOUNDARY_FIXED;DeBroglie;matched;sand;0,11236;0,134556;0,092283
Q3_LAYERS_BOUNDARY_FIXED/DESERT/10x10x5;desert;10x10x5;Q3_LAYERS_BOUNDARY_FIXED;DeBroglie;matched;borderSand;0,044944;0,031867;0,024143
Q3_LAYERS_BOUNDARY_FIXED/DESERT/10x10x5;desert;10x10x5;Q3_LAYERS_BOUNDARY_FIXED;DeBroglie;matched;cornerInt_wall_sand;0,224719;0,036437;0,003906
Q3_LAYERS_BOUNDARY_FIXED/DESERT/10x10x5;desert;10x10x5;Q3_LAYERS_BOUNDARY_FIXED;DeBroglie;matched;cornerInt_border_sand;0,044944;0,012093;0,003906
Q3_LAYERS_BOUNDARY_FIXED/DESERT/10x10x5;desert;10x10x5;Q3_LAYERS_BOUNDARY_FIXED;DeBroglie;matched;cornerExt_wall_sand;0,134831;0,072619;0,089704
Q3_LAYERS_BOUNDARY_FIXED/DESERT/10x10x5;desert;10x10x5;Q3_LAYERS_BOUNDARY_FIXED;DeBroglie;matched;cornerExt_border_sand;0,044944;0,063957;0,089704
Q3_LAYERS_BOUNDARY_FIXED/DESERT/10x10x5;desert;10x10x5;Q3_LAYERS_BOUNDARY_FIXED;DeBroglie;matched;sand_end;0,044944;0,180618;0,370214
Q3_LAYERS_BOUNDARY_FIXED/DESERT/10x10x5;desert;10x10x5;Q3_LAYERS_BOUNDARY_FIXED;DeBroglie;matched;palm;0,168539;0,201834;0,142189
Q3_LAYERS_BOUNDARY_FIXED/DESERT/10x10x5;desert;10x10x5;Q3_LAYERS_BOUNDARY_FIXED;DeBroglie;matched;sand_end_extCorner;0,044944;0,224701;0,159809
Q3_LAYERS_BOUNDARY_FIXED/DESERT/10x10x5;desert;10x10x5;Q3_LAYERS_BOUNDARY_FIXED;DeBroglie;matched;sand_wall;0,134831;0,041318;0,024143
Q4_LAYERS_BOUNDARY_FIXED_NEGATIVE/DESERT/10x10x5;desert;10x10x5;Q4_LAYERS_BOUNDARY_FIXED_NEGATIVE;ThisWork;heap;sand;0,11236;0,180636;0,172292
Q4_LAYERS_BOUNDARY_FIXED_NEGATIVE/DESERT/10x10x5;desert;10x10x5;Q4_LAYERS_BOUNDARY_FIXED_NEGATIVE;ThisWork;heap;borderSand;0,044944;0,024513;0,041344
Q4_LAYERS_BOUNDARY_FIXED_NEGATIVE/DESERT/10x10x5;desert;10x10x5;Q4_LAYERS_BOUNDARY_FIXED_NEGATIVE;ThisWork;heap;cornerInt_wall_sand;0,224719;0,018488;0,000768
Q4_LAYERS_BOUNDARY_FIXED_NEGATIVE/DESERT/10x10x5;desert;10x10x5;Q4_LAYERS_BOUNDARY_FIXED_NEGATIVE;ThisWork;heap;cornerInt_border_sand;0,044944;0,00493;0,000768
Q4_LAYERS_BOUNDARY_FIXED_NEGATIVE/DESERT/10x10x5;desert;10x10x5;Q4_LAYERS_BOUNDARY_FIXED_NEGATIVE;ThisWork;heap;cornerExt_wall_sand;0,134831;0,041605;0,039738
Q4_LAYERS_BOUNDARY_FIXED_NEGATIVE/DESERT/10x10x5;desert;10x10x5;Q4_LAYERS_BOUNDARY_FIXED_NEGATIVE;ThisWork;heap;cornerExt_border_sand;0,044944;0,031027;0,039738
Q4_LAYERS_BOUNDARY_FIXED_NEGATIVE/DESERT/10x10x5;desert;10x10x5;Q4_LAYERS_BOUNDARY_FIXED_NEGATIVE;ThisWork;heap;sand_end;0,044944;0,333479;0,355413
Q4_LAYERS_BOUNDARY_FIXED_NEGATIVE/DESERT/10x10x5;desert;10x10x5;Q4_LAYERS_BOUNDARY_FIXED_NEGATIVE;ThisWork;heap;palm;0,168539;0,270954;0,249361
Q4_LAYERS_BOUNDARY_FIXED_NEGATIVE/DESERT/10x10x5;desert;10x10x5;Q4_LAYERS_BOUNDARY_FIXED_NEGATIVE;ThisWork;heap;sand_end_extCorner;0,044944;0,05558;0,059236
Q4_LAYERS_BOUNDARY_FIXED_NEGATIVE/DESERT/10x10x5;desert;10x10x5;Q4_LAYERS_BOUNDARY_FIXED_NEGATIVE;ThisWork;heap;sand_wall;0,134831;0,038788;0,041344
Q4_LAYERS_BOUNDARY_FIXED_NEGATIVE/DESERT/10x10x5;desert;10x10x5;Q4_LAYERS_BOUNDARY_FIXED_NEGATIVE;DeBroglie;matched;sand;0,11236;0,180636;0,174396
Q4_LAYERS_BOUNDARY_FIXED_NEGATIVE/DESERT/10x10x5;desert;10x10x5;Q4_LAYERS_BOUNDARY_FIXED_NEGATIVE;DeBroglie;matched;borderSand;0,044944;0,024513;0,041633
Q4_LAYERS_BOUNDARY_FIXED_NEGATIVE/DESERT/10x10x5;desert;10x10x5;Q4_LAYERS_BOUNDARY_FIXED_NEGATIVE;DeBroglie;matched;cornerInt_wall_sand;0,224719;0,018488;0,001067
Q4_LAYERS_BOUNDARY_FIXED_NEGATIVE/DESERT/10x10x5;desert;10x10x5;Q4_LAYERS_BOUNDARY_FIXED_NEGATIVE;DeBroglie;matched;cornerInt_border_sand;0,044944;0,00493;0,001067
Q4_LAYERS_BOUNDARY_FIXED_NEGATIVE/DESERT/10x10x5;desert;10x10x5;Q4_LAYERS_BOUNDARY_FIXED_NEGATIVE;DeBroglie;matched;cornerExt_wall_sand;0,134831;0,041605;0,035403
Q4_LAYERS_BOUNDARY_FIXED_NEGATIVE/DESERT/10x10x5;desert;10x10x5;Q4_LAYERS_BOUNDARY_FIXED_NEGATIVE;DeBroglie;matched;cornerExt_border_sand;0,044944;0,031027;0,035403
Q4_LAYERS_BOUNDARY_FIXED_NEGATIVE/DESERT/10x10x5;desert;10x10x5;Q4_LAYERS_BOUNDARY_FIXED_NEGATIVE;DeBroglie;matched;sand_end;0,044944;0,333479;0,356863
Q4_LAYERS_BOUNDARY_FIXED_NEGATIVE/DESERT/10x10x5;desert;10x10x5;Q4_LAYERS_BOUNDARY_FIXED_NEGATIVE;DeBroglie;matched;palm;0,168539;0,270954;0,253058
Q4_LAYERS_BOUNDARY_FIXED_NEGATIVE/DESERT/10x10x5;desert;10x10x5;Q4_LAYERS_BOUNDARY_FIXED_NEGATIVE;DeBroglie;matched;sand_end_extCorner;0,044944;0,05558;0,059477
Q4_LAYERS_BOUNDARY_FIXED_NEGATIVE/DESERT/10x10x5;desert;10x10x5;Q4_LAYERS_BOUNDARY_FIXED_NEGATIVE;DeBroglie;matched;sand_wall;0,134831;0,038788;0,041633
Q0_BASELINE/DESERT/20x20x5;desert;20x20x5;Q0_BASELINE;ThisWork;heap;sand;0,11236;0,11236;0,014682
Q0_BASELINE/DESERT/20x20x5;desert;20x20x5;Q0_BASELINE;ThisWork;heap;borderSand;0,044944;0,044944;0,19357
Q0_BASELINE/DESERT/20x20x5;desert;20x20x5;Q0_BASELINE;ThisWork;heap;cornerInt_wall_sand;0,224719;0,224719;0,149463
Q0_BASELINE/DESERT/20x20x5;desert;20x20x5;Q0_BASELINE;ThisWork;heap;cornerInt_border_sand;0,044944;0,044944;0,149649
Q0_BASELINE/DESERT/20x20x5;desert;20x20x5;Q0_BASELINE;ThisWork;heap;cornerExt_wall_sand;0,134831;0,134831;0,135162
Q0_BASELINE/DESERT/20x20x5;desert;20x20x5;Q0_BASELINE;ThisWork;heap;cornerExt_border_sand;0,044944;0,044944;0,134455
Q0_BASELINE/DESERT/20x20x5;desert;20x20x5;Q0_BASELINE;ThisWork;heap;sand_end;0,044944;0,044944;0,007289
Q0_BASELINE/DESERT/20x20x5;desert;20x20x5;Q0_BASELINE;ThisWork;heap;palm;0,168539;0,168539;0,020832
Q0_BASELINE/DESERT/20x20x5;desert;20x20x5;Q0_BASELINE;ThisWork;heap;sand_end_extCorner;0,044944;0,044944;0,001016
Q0_BASELINE/DESERT/20x20x5;desert;20x20x5;Q0_BASELINE;ThisWork;heap;sand_wall;0,134831;0,134831;0,193881
Q0_BASELINE/DESERT/20x20x5;desert;20x20x5;Q0_BASELINE;DeBroglie;matched;sand;0,11236;0,11236;0,014388
Q0_BASELINE/DESERT/20x20x5;desert;20x20x5;Q0_BASELINE;DeBroglie;matched;borderSand;0,044944;0,044944;0,19252
Q0_BASELINE/DESERT/20x20x5;desert;20x20x5;Q0_BASELINE;DeBroglie;matched;cornerInt_wall_sand;0,224719;0,224719;0,154331
Q0_BASELINE/DESERT/20x20x5;desert;20x20x5;Q0_BASELINE;DeBroglie;matched;cornerInt_border_sand;0,044944;0,044944;0,154566
Q0_BASELINE/DESERT/20x20x5;desert;20x20x5;Q0_BASELINE;DeBroglie;matched;cornerExt_wall_sand;0,134831;0,134831;0,135283
Q0_BASELINE/DESERT/20x20x5;desert;20x20x5;Q0_BASELINE;DeBroglie;matched;cornerExt_border_sand;0,044944;0,044944;0,135074
Q0_BASELINE/DESERT/20x20x5;desert;20x20x5;Q0_BASELINE;DeBroglie;matched;sand_end;0,044944;0,044944;0
Q0_BASELINE/DESERT/20x20x5;desert;20x20x5;Q0_BASELINE;DeBroglie;matched;palm;0,168539;0,168539;0,021083
Q0_BASELINE/DESERT/20x20x5;desert;20x20x5;Q0_BASELINE;DeBroglie;matched;sand_end_extCorner;0,044944;0,044944;0
Q0_BASELINE/DESERT/20x20x5;desert;20x20x5;Q0_BASELINE;DeBroglie;matched;sand_wall;0,134831;0,134831;0,192756
Q1_LAYERS/DESERT/20x20x5;desert;20x20x5;Q1_LAYERS;ThisWork;heap;sand;0,11236;0,152122;0,033013
Q1_LAYERS/DESERT/20x20x5;desert;20x20x5;Q1_LAYERS;ThisWork;heap;borderSand;0,044944;0,041823;0,135237
Q1_LAYERS/DESERT/20x20x5;desert;20x20x5;Q1_LAYERS;ThisWork;heap;cornerInt_wall_sand;0,224719;0,169332;0,177713
Q1_LAYERS/DESERT/20x20x5;desert;20x20x5;Q1_LAYERS;ThisWork;heap;cornerInt_border_sand;0,044944;0,041823;0,177713
Q1_LAYERS/DESERT/20x20x5;desert;20x20x5;Q1_LAYERS;ThisWork;heap;cornerExt_wall_sand;0,134831;0,101599;0,139337
Q1_LAYERS/DESERT/20x20x5;desert;20x20x5;Q1_LAYERS;ThisWork;heap;cornerExt_border_sand;0,044944;0,041823;0,139337
Q1_LAYERS/DESERT/20x20x5;desert;20x20x5;Q1_LAYERS;ThisWork;heap;sand_end;0,044944;0,060849;0,012569
Q1_LAYERS/DESERT/20x20x5;desert;20x20x5;Q1_LAYERS;ThisWork;heap;palm;0,168539;0,228183;0,049037
Q1_LAYERS/DESERT/20x20x5;desert;20x20x5;Q1_LAYERS;ThisWork;heap;sand_end_extCorner;0,044944;0,060849;0,000808
Q1_LAYERS/DESERT/20x20x5;desert;20x20x5;Q1_LAYERS;ThisWork;heap;sand_wall;0,134831;0,101599;0,135237
Q1_LAYERS/DESERT/20x20x5;desert;20x20x5;Q1_LAYERS;DeBroglie;matched;sand;0,11236;0,152122;0,033325
Q1_LAYERS/DESERT/20x20x5;desert;20x20x5;Q1_LAYERS;DeBroglie;matched;borderSand;0,044944;0,041823;0,135633
Q1_LAYERS/DESERT/20x20x5;desert;20x20x5;Q1_LAYERS;DeBroglie;matched;cornerInt_wall_sand;0,224719;0,169332;0,175898
Q1_LAYERS/DESERT/20x20x5;desert;20x20x5;Q1_LAYERS;DeBroglie;matched;cornerInt_border_sand;0,044944;0,041823;0,175898
Q1_LAYERS/DESERT/20x20x5;desert;20x20x5;Q1_LAYERS;DeBroglie;matched;cornerExt_wall_sand;0,134831;0,101599;0,135263
Q1_LAYERS/DESERT/20x20x5;desert;20x20x5;Q1_LAYERS;DeBroglie;matched;cornerExt_border_sand;0,044944;0,041823;0,135263
Q1_LAYERS/DESERT/20x20x5;desert;20x20x5;Q1_LAYERS;DeBroglie;matched;sand_end;0,044944;0,060849;0,021756
Q1_LAYERS/DESERT/20x20x5;desert;20x20x5;Q1_LAYERS;DeBroglie;matched;palm;0,168539;0,228183;0,049142
Q1_LAYERS/DESERT/20x20x5;desert;20x20x5;Q1_LAYERS;DeBroglie;matched;sand_end_extCorner;0,044944;0,060849;0,002189
Q1_LAYERS/DESERT/20x20x5;desert;20x20x5;Q1_LAYERS;DeBroglie;matched;sand_wall;0,134831;0,101599;0,135633
Q2_LAYERS_BOUNDARY/DESERT/20x20x5;desert;20x20x5;Q2_LAYERS_BOUNDARY;ThisWork;heap;sand;0,11236;0,153325;0,075219
Q2_LAYERS_BOUNDARY/DESERT/20x20x5;desert;20x20x5;Q2_LAYERS_BOUNDARY;ThisWork;heap;borderSand;0,044944;0,048117;0,099203
Q2_LAYERS_BOUNDARY/DESERT/20x20x5;desert;20x20x5;Q2_LAYERS_BOUNDARY;ThisWork;heap;cornerInt_wall_sand;0,224719;0,12967;0,088746
Q2_LAYERS_BOUNDARY/DESERT/20x20x5;desert;20x20x5;Q2_LAYERS_BOUNDARY;ThisWork;heap;cornerInt_border_sand;0,044944;0,035398;0,088746
Q2_LAYERS_BOUNDARY/DESERT/20x20x5;desert;20x20x5;Q2_LAYERS_BOUNDARY;ThisWork;heap;cornerExt_wall_sand;0,134831;0,100673;0,151737
Q2_LAYERS_BOUNDARY/DESERT/20x20x5;desert;20x20x5;Q2_LAYERS_BOUNDARY;ThisWork;heap;cornerExt_border_sand;0,044944;0,061992;0,151737
Q2_LAYERS_BOUNDARY/DESERT/20x20x5;desert;20x20x5;Q2_LAYERS_BOUNDARY;ThisWork;heap;sand_end;0,044944;0,059276;0,130432
Q2_LAYERS_BOUNDARY/DESERT/20x20x5;desert;20x20x5;Q2_LAYERS_BOUNDARY;ThisWork;heap;palm;0,168539;0,229987;0,106824
Q2_LAYERS_BOUNDARY/DESERT/20x20x5;desert;20x20x5;Q2_LAYERS_BOUNDARY;ThisWork;heap;sand_end_extCorner;0,044944;0,092825;0,008152
Q2_LAYERS_BOUNDARY/DESERT/20x20x5;desert;20x20x5;Q2_LAYERS_BOUNDARY;ThisWork;heap;sand_wall;0,134831;0,088739;0,099203
Q2_LAYERS_BOUNDARY/DESERT/20x20x5;desert;20x20x5;Q2_LAYERS_BOUNDARY;DeBroglie;matched;sand;0,11236;0,153325;0,06787
Q2_LAYERS_BOUNDARY/DESERT/20x20x5;desert;20x20x5;Q2_LAYERS_BOUNDARY;DeBroglie;matched;borderSand;0,044944;0,048117;0,107468
Q2_LAYERS_BOUNDARY/DESERT/20x20x5;desert;20x20x5;Q2_LAYERS_BOUNDARY;DeBroglie;matched;cornerInt_wall_sand;0,224719;0,12967;0,086974
Q2_LAYERS_BOUNDARY/DESERT/20x20x5;desert;20x20x5;Q2_LAYERS_BOUNDARY;DeBroglie;matched;cornerInt_border_sand;0,044944;0,035398;0,086974
Q2_LAYERS_BOUNDARY/DESERT/20x20x5;desert;20x20x5;Q2_LAYERS_BOUNDARY;DeBroglie;matched;cornerExt_wall_sand;0,134831;0,100673;0,152085
Q2_LAYERS_BOUNDARY/DESERT/20x20x5;desert;20x20x5;Q2_LAYERS_BOUNDARY;DeBroglie;matched;cornerExt_border_sand;0,044944;0,061992;0,152085
Q2_LAYERS_BOUNDARY/DESERT/20x20x5;desert;20x20x5;Q2_LAYERS_BOUNDARY;DeBroglie;matched;sand_end;0,044944;0,059276;0,129743
Q2_LAYERS_BOUNDARY/DESERT/20x20x5;desert;20x20x5;Q2_LAYERS_BOUNDARY;DeBroglie;matched;palm;0,168539;0,229987;0,099275
Q2_LAYERS_BOUNDARY/DESERT/20x20x5;desert;20x20x5;Q2_LAYERS_BOUNDARY;DeBroglie;matched;sand_end_extCorner;0,044944;0,092825;0,010055
Q2_LAYERS_BOUNDARY/DESERT/20x20x5;desert;20x20x5;Q2_LAYERS_BOUNDARY;DeBroglie;matched;sand_wall;0,134831;0,088739;0,107468
Q3_LAYERS_BOUNDARY_FIXED/DESERT/20x20x5;desert;20x20x5;Q3_LAYERS_BOUNDARY_FIXED;ThisWork;heap;sand;0,11236;0,152743;0,079627
Q3_LAYERS_BOUNDARY_FIXED/DESERT/20x20x5;desert;20x20x5;Q3_LAYERS_BOUNDARY_FIXED;ThisWork;heap;borderSand;0,044944;0,049641;0,102781
Q3_LAYERS_BOUNDARY_FIXED/DESERT/20x20x5;desert;20x20x5;Q3_LAYERS_BOUNDARY_FIXED;ThisWork;heap;cornerInt_wall_sand;0,224719;0,121831;0,075855
Q3_LAYERS_BOUNDARY_FIXED/DESERT/20x20x5;desert;20x20x5;Q3_LAYERS_BOUNDARY_FIXED;ThisWork;heap;cornerInt_border_sand;0,044944;0,033893;0,075855
Q3_LAYERS_BOUNDARY_FIXED/DESERT/20x20x5;desert;20x20x5;Q3_LAYERS_BOUNDARY_FIXED;ThisWork;heap;cornerExt_wall_sand;0,134831;0,101923;0,149607
Q3_LAYERS_BOUNDARY_FIXED/DESERT/20x20x5;desert;20x20x5;Q3_LAYERS_BOUNDARY_FIXED;ThisWork;heap;cornerExt_border_sand;0,044944;0,067193;0,149607
Q3_LAYERS_BOUNDARY_FIXED/DESERT/20x20x5;desert;20x20x5;Q3_LAYERS_BOUNDARY_FIXED;ThisWork;heap;sand_end;0,044944;0,062448;0,135261
Q3_LAYERS_BOUNDARY_FIXED/DESERT/20x20x5;desert;20x20x5;Q3_LAYERS_BOUNDARY_FIXED;ThisWork;heap;palm;0,168539;0,229114;0,117854
Q3_LAYERS_BOUNDARY_FIXED/DESERT/20x20x5;desert;20x20x5;Q3_LAYERS_BOUNDARY_FIXED;ThisWork;heap;sand_end_extCorner;0,044944;0,094475;0,010772
Q3_LAYERS_BOUNDARY_FIXED/DESERT/20x20x5;desert;20x20x5;Q3_LAYERS_BOUNDARY_FIXED;ThisWork;heap;sand_wall;0,134831;0,08674;0,102781
Q3_LAYERS_BOUNDARY_FIXED/DESERT/20x20x5;desert;20x20x5;Q3_LAYERS_BOUNDARY_FIXED;DeBroglie;matched;sand;0,11236;0,152743;0,077362
Q3_LAYERS_BOUNDARY_FIXED/DESERT/20x20x5;desert;20x20x5;Q3_LAYERS_BOUNDARY_FIXED;DeBroglie;matched;borderSand;0,044944;0,049641;0,10399
Q3_LAYERS_BOUNDARY_FIXED/DESERT/20x20x5;desert;20x20x5;Q3_LAYERS_BOUNDARY_FIXED;DeBroglie;matched;cornerInt_wall_sand;0,224719;0,121831;0,07524
Q3_LAYERS_BOUNDARY_FIXED/DESERT/20x20x5;desert;20x20x5;Q3_LAYERS_BOUNDARY_FIXED;DeBroglie;matched;cornerInt_border_sand;0,044944;0,033893;0,07524
Q3_LAYERS_BOUNDARY_FIXED/DESERT/20x20x5;desert;20x20x5;Q3_LAYERS_BOUNDARY_FIXED;DeBroglie;matched;cornerExt_wall_sand;0,134831;0,101923;0,151712
Q3_LAYERS_BOUNDARY_FIXED/DESERT/20x20x5;desert;20x20x5;Q3_LAYERS_BOUNDARY_FIXED;DeBroglie;matched;cornerExt_border_sand;0,044944;0,067193;0,151712
Q3_LAYERS_BOUNDARY_FIXED/DESERT/20x20x5;desert;20x20x5;Q3_LAYERS_BOUNDARY_FIXED;DeBroglie;matched;sand_end;0,044944;0,062448;0,132981
Q3_LAYERS_BOUNDARY_FIXED/DESERT/20x20x5;desert;20x20x5;Q3_LAYERS_BOUNDARY_FIXED;DeBroglie;matched;palm;0,168539;0,229114;0,119462
Q3_LAYERS_BOUNDARY_FIXED/DESERT/20x20x5;desert;20x20x5;Q3_LAYERS_BOUNDARY_FIXED;DeBroglie;matched;sand_end_extCorner;0,044944;0,094475;0,008311
Q3_LAYERS_BOUNDARY_FIXED/DESERT/20x20x5;desert;20x20x5;Q3_LAYERS_BOUNDARY_FIXED;DeBroglie;matched;sand_wall;0,134831;0,08674;0,10399
Q4_LAYERS_BOUNDARY_FIXED_NEGATIVE/DESERT/20x20x5;desert;20x20x5;Q4_LAYERS_BOUNDARY_FIXED_NEGATIVE;ThisWork;heap;sand;0,11236;0,178367;0,097071
Q4_LAYERS_BOUNDARY_FIXED_NEGATIVE/DESERT/20x20x5;desert;20x20x5;Q4_LAYERS_BOUNDARY_FIXED_NEGATIVE;ThisWork;heap;borderSand;0,044944;0,047995;0,168079
Q4_LAYERS_BOUNDARY_FIXED_NEGATIVE/DESERT/20x20x5;desert;20x20x5;Q4_LAYERS_BOUNDARY_FIXED_NEGATIVE;ThisWork;heap;cornerInt_wall_sand;0,224719;0,113595;0,034549
Q4_LAYERS_BOUNDARY_FIXED_NEGATIVE/DESERT/20x20x5;desert;20x20x5;Q4_LAYERS_BOUNDARY_FIXED_NEGATIVE;ThisWork;heap;cornerInt_border_sand;0,044944;0,028094;0,034549
Q4_LAYERS_BOUNDARY_FIXED_NEGATIVE/DESERT/20x20x5;desert;20x20x5;Q4_LAYERS_BOUNDARY_FIXED_NEGATIVE;ThisWork;heap;cornerExt_wall_sand;0,134831;0,097612;0,10143
Q4_LAYERS_BOUNDARY_FIXED_NEGATIVE/DESERT/20x20x5;desert;20x20x5;Q4_LAYERS_BOUNDARY_FIXED_NEGATIVE;ThisWork;heap;cornerExt_border_sand;0,044944;0,057967;0,10143
Q4_LAYERS_BOUNDARY_FIXED_NEGATIVE/DESERT/20x20x5;desert;20x20x5;Q4_LAYERS_BOUNDARY_FIXED_NEGATIVE;ThisWork;heap;sand_end;0,044944;0,108568;0,138324
Q4_LAYERS_BOUNDARY_FIXED_NEGATIVE/DESERT/20x20x5;desert;20x20x5;Q4_LAYERS_BOUNDARY_FIXED_NEGATIVE;ThisWork;heap;palm;0,168539;0,26755;0,147845
Q4_LAYERS_BOUNDARY_FIXED_NEGATIVE/DESERT/20x20x5;desert;20x20x5;Q4_LAYERS_BOUNDARY_FIXED_NEGATIVE;ThisWork;heap;sand_end_extCorner;0,044944;0,006786;0,008645
Q4_LAYERS_BOUNDARY_FIXED_NEGATIVE/DESERT/20x20x5;desert;20x20x5;Q4_LAYERS_BOUNDARY_FIXED_NEGATIVE;ThisWork;heap;sand_wall;0,134831;0,093466;0,168079
Q4_LAYERS_BOUNDARY_FIXED_NEGATIVE/DESERT/20x20x5;desert;20x20x5;Q4_LAYERS_BOUNDARY_FIXED_NEGATIVE;DeBroglie;matched;sand;0,11236;0,178367;0,095352
Q4_LAYERS_BOUNDARY_FIXED_NEGATIVE/DESERT/20x20x5;desert;20x20x5;Q4_LAYERS_BOUNDARY_FIXED_NEGATIVE;DeBroglie;matched;borderSand;0,044944;0,047995;0,16627
Q4_LAYERS_BOUNDARY_FIXED_NEGATIVE/DESERT/20x20x5;desert;20x20x5;Q4_LAYERS_BOUNDARY_FIXED_NEGATIVE;DeBroglie;matched;cornerInt_wall_sand;0,224719;0,113595;0,036468
Q4_LAYERS_BOUNDARY_FIXED_NEGATIVE/DESERT/20x20x5;desert;20x20x5;Q4_LAYERS_BOUNDARY_FIXED_NEGATIVE;DeBroglie;matched;cornerInt_border_sand;0,044944;0,028094;0,036468
Q4_LAYERS_BOUNDARY_FIXED_NEGATIVE/DESERT/20x20x5;desert;20x20x5;Q4_LAYERS_BOUNDARY_FIXED_NEGATIVE;DeBroglie;matched;cornerExt_wall_sand;0,134831;0,097612;0,101548
Q4_LAYERS_BOUNDARY_FIXED_NEGATIVE/DESERT/20x20x5;desert;20x20x5;Q4_LAYERS_BOUNDARY_FIXED_NEGATIVE;DeBroglie;matched;cornerExt_border_sand;0,044944;0,057967;0,101548
Q4_LAYERS_BOUNDARY_FIXED_NEGATIVE/DESERT/20x20x5;desert;20x20x5;Q4_LAYERS_BOUNDARY_FIXED_NEGATIVE;DeBroglie;matched;sand_end;0,044944;0,108568;0,138278
Q4_LAYERS_BOUNDARY_FIXED_NEGATIVE/DESERT/20x20x5;desert;20x20x5;Q4_LAYERS_BOUNDARY_FIXED_NEGATIVE;DeBroglie;matched;palm;0,168539;0,26755;0,149155
Q4_LAYERS_BOUNDARY_FIXED_NEGATIVE/DESERT/20x20x5;desert;20x20x5;Q4_LAYERS_BOUNDARY_FIXED_NEGATIVE;DeBroglie;matched;sand_end_extCorner;0,044944;0,006786;0,008642
Q4_LAYERS_BOUNDARY_FIXED_NEGATIVE/DESERT/20x20x5;desert;20x20x5;Q4_LAYERS_BOUNDARY_FIXED_NEGATIVE;DeBroglie;matched;sand_wall;0,134831;0,093466;0,16627
Q0_BASELINE/DESERT/30x30x5;desert;30x30x5;Q0_BASELINE;ThisWork;heap;sand;0,11236;0,11236;0,014233
Q0_BASELINE/DESERT/30x30x5;desert;30x30x5;Q0_BASELINE;ThisWork;heap;borderSand;0,044944;0,044944;0,189447
Q0_BASELINE/DESERT/30x30x5;desert;30x30x5;Q0_BASELINE;ThisWork;heap;cornerInt_wall_sand;0,224719;0,224719;0,14956
Q0_BASELINE/DESERT/30x30x5;desert;30x30x5;Q0_BASELINE;ThisWork;heap;cornerInt_border_sand;0,044944;0,044944;0,149745
Q0_BASELINE/DESERT/30x30x5;desert;30x30x5;Q0_BASELINE;ThisWork;heap;cornerExt_wall_sand;0,134831;0,134831;0,138951
Q0_BASELINE/DESERT/30x30x5;desert;30x30x5;Q0_BASELINE;ThisWork;heap;cornerExt_border_sand;0,044944;0,044944;0,138744
Q0_BASELINE/DESERT/30x30x5;desert;30x30x5;Q0_BASELINE;ThisWork;heap;sand_end;0,044944;0,044944;0,007239
Q0_BASELINE/DESERT/30x30x5;desert;30x30x5;Q0_BASELINE;ThisWork;heap;palm;0,168539;0,168539;0,022092
Q0_BASELINE/DESERT/30x30x5;desert;30x30x5;Q0_BASELINE;ThisWork;heap;sand_end_extCorner;0,044944;0,044944;0,000403
Q0_BASELINE/DESERT/30x30x5;desert;30x30x5;Q0_BASELINE;ThisWork;heap;sand_wall;0,134831;0,134831;0,189586
Q0_BASELINE/DESERT/30x30x5;desert;30x30x5;Q0_BASELINE;DeBroglie;matched;sand;0,11236;0,11236;0,013859
Q0_BASELINE/DESERT/30x30x5;desert;30x30x5;Q0_BASELINE;DeBroglie;matched;borderSand;0,044944;0,044944;0,193069
Q0_BASELINE/DESERT/30x30x5;desert;30x30x5;Q0_BASELINE;DeBroglie;matched;cornerInt_wall_sand;0,224719;0,224719;0,1484
Q0_BASELINE/DESERT/30x30x5;desert;30x30x5;Q0_BASELINE;DeBroglie;matched;cornerInt_border_sand;0,044944;0,044944;0,148622
Q0_BASELINE/DESERT/30x30x5;desert;30x30x5;Q0_BASELINE;DeBroglie;matched;cornerExt_wall_sand;0,134831;0,134831;0,138268
Q0_BASELINE/DESERT/30x30x5;desert;30x30x5;Q0_BASELINE;DeBroglie;matched;cornerExt_border_sand;0,044944;0,044944;0,137887
Q0_BASELINE/DESERT/30x30x5;desert;30x30x5;Q0_BASELINE;DeBroglie;matched;sand_end;0,044944;0,044944;0,004788
Q0_BASELINE/DESERT/30x30x5;desert;30x30x5;Q0_BASELINE;DeBroglie;matched;palm;0,168539;0,168539;0,021589
Q0_BASELINE/DESERT/30x30x5;desert;30x30x5;Q0_BASELINE;DeBroglie;matched;sand_end_extCorner;0,044944;0,044944;0,000392
Q0_BASELINE/DESERT/30x30x5;desert;30x30x5;Q0_BASELINE;DeBroglie;matched;sand_wall;0,134831;0,134831;0,193126
Q1_LAYERS/DESERT/30x30x5;desert;30x30x5;Q1_LAYERS;ThisWork;heap;sand;0,11236;0,152122;0,034591
Q1_LAYERS/DESERT/30x30x5;desert;30x30x5;Q1_LAYERS;ThisWork;heap;borderSand;0,044944;0,041823;0,129361
Q1_LAYERS/DESERT/30x30x5;desert;30x30x5;Q1_LAYERS;ThisWork;heap;cornerInt_wall_sand;0,224719;0,169332;0,172826
Q1_LAYERS/DESERT/30x30x5;desert;30x30x5;Q1_LAYERS;ThisWork;heap;cornerInt_border_sand;0,044944;0,041823;0,172826
Q1_LAYERS/DESERT/30x30x5;desert;30x30x5;Q1_LAYERS;ThisWork;heap;cornerExt_wall_sand;0,134831;0,101599;0,148698
Q1_LAYERS/DESERT/30x30x5;desert;30x30x5;Q1_LAYERS;ThisWork;heap;cornerExt_border_sand;0,044944;0,041823;0,148698
Q1_LAYERS/DESERT/30x30x5;desert;30x30x5;Q1_LAYERS;ThisWork;heap;sand_end;0,044944;0,060849;0,009248
Q1_LAYERS/DESERT/30x30x5;desert;30x30x5;Q1_LAYERS;ThisWork;heap;palm;0,168539;0,228183;0,053975
Q1_LAYERS/DESERT/30x30x5;desert;30x30x5;Q1_LAYERS;ThisWork;heap;sand_end_extCorner;0,044944;0,060849;0,000417
Q1_LAYERS/DESERT/30x30x5;desert;30x30x5;Q1_LAYERS;ThisWork;heap;sand_wall;0,134831;0,101599;0,129361
Q1_LAYERS/DESERT/30x30x5;desert;30x30x5;Q1_LAYERS;DeBroglie;matched;sand;0,11236;0,152122;0,035347
Q1_LAYERS/DESERT/30x30x5;desert;30x30x5;Q1_LAYERS;DeBroglie;matched;borderSand;0,044944;0,041823;0,126977
Q1_LAYERS/DESERT/30x30x5;desert;30x30x5;Q1_LAYERS;DeBroglie;matched;cornerInt_wall_sand;0,224719;0,169332;0,176533
Q1_LAYERS/DESERT/30x30x5;desert;30x30x5;Q1_LAYERS;DeBroglie;matched;cornerInt_border_sand;0,044944;0,041823;0,176533
Q1_LAYERS/DESERT/30x30x5;desert;30x30x5;Q1_LAYERS;DeBroglie;matched;cornerExt_wall_sand;0,134831;0,101599;0,14887
Q1_LAYERS/DESERT/30x30x5;desert;30x30x5;Q1_LAYERS;DeBroglie;matched;cornerExt_border_sand;0,044944;0,041823;0,14887
Q1_LAYERS/DESERT/30x30x5;desert;30x30x5;Q1_LAYERS;DeBroglie;matched;sand_end;0,044944;0,060849;0,006406
Q1_LAYERS/DESERT/30x30x5;desert;30x30x5;Q1_LAYERS;DeBroglie;matched;palm;0,168539;0,228183;0,053262
Q1_LAYERS/DESERT/30x30x5;desert;30x30x5;Q1_LAYERS;DeBroglie;matched;sand_end_extCorner;0,044944;0,060849;0,000227
Q1_LAYERS/DESERT/30x30x5;desert;30x30x5;Q1_LAYERS;DeBroglie;matched;sand_wall;0,134831;0,101599;0,126977
Q2_LAYERS_BOUNDARY/DESERT/30x30x5;desert;30x30x5;Q2_LAYERS_BOUNDARY;ThisWork;heap;sand;0,11236;0,159685;0,055566
Q2_LAYERS_BOUNDARY/DESERT/30x30x5;desert;30x30x5;Q2_LAYERS_BOUNDARY;ThisWork;heap;borderSand;0,044944;0,04875;0,110582
Q2_LAYERS_BOUNDARY/DESERT/30x30x5;desert;30x30x5;Q2_LAYERS_BOUNDARY;ThisWork;heap;cornerInt_wall_sand;0,224719;0,148557;0,116346
Q2_LAYERS_BOUNDARY/DESERT/30x30x5;desert;30x30x5;Q2_LAYERS_BOUNDARY;ThisWork;heap;cornerInt_border_sand;0,044944;0,040436;0,116346
Q2_LAYERS_BOUNDARY/DESERT/30x30x5;desert;30x30x5;Q2_LAYERS_BOUNDARY;ThisWork;heap;cornerExt_wall_sand;0,134831;0,103716;0,158759
Q2_LAYERS_BOUNDARY/DESERT/30x30x5;desert;30x30x5;Q2_LAYERS_BOUNDARY;ThisWork;heap;cornerExt_border_sand;0,044944;0,057491;0,158759
Q2_LAYERS_BOUNDARY/DESERT/30x30x5;desert;30x30x5;Q2_LAYERS_BOUNDARY;ThisWork;heap;sand_end;0,044944;0,042986;0,086138
Q2_LAYERS_BOUNDARY/DESERT/30x30x5;desert;30x30x5;Q2_LAYERS_BOUNDARY;ThisWork;heap;palm;0,168539;0,239527;0,083327
Q2_LAYERS_BOUNDARY/DESERT/30x30x5;desert;30x30x5;Q2_LAYERS_BOUNDARY;ThisWork;heap;sand_end_extCorner;0,044944;0,06261;0,003595
Q2_LAYERS_BOUNDARY/DESERT/30x30x5;desert;30x30x5;Q2_LAYERS_BOUNDARY;ThisWork;heap;sand_wall;0,134831;0,096241;0,110582
Q2_LAYERS_BOUNDARY/DESERT/30x30x5;desert;30x30x5;Q2_LAYERS_BOUNDARY;DeBroglie;matched;sand;0,11236;0,159685;0,058574
Q2_LAYERS_BOUNDARY/DESERT/30x30x5;desert;30x30x5;Q2_LAYERS_BOUNDARY;DeBroglie;matched;borderSand;0,044944;0,04875;0,108108
Q2_LAYERS_BOUNDARY/DESERT/30x30x5;desert;30x30x5;Q2_LAYERS_BOUNDARY;DeBroglie;matched;cornerInt_wall_sand;0,224719;0,148557;0,110312
Q2_LAYERS_BOUNDARY/DESERT/30x30x5;desert;30x30x5;Q2_LAYERS_BOUNDARY;DeBroglie;matched;cornerInt_border_sand;0,044944;0,040436;0,110312
Q2_LAYERS_BOUNDARY/DESERT/30x30x5;desert;30x30x5;Q2_LAYERS_BOUNDARY;DeBroglie;matched;cornerExt_wall_sand;0,134831;0,103716;0,157349
Q2_LAYERS_BOUNDARY/DESERT/30x30x5;desert;30x30x5;Q2_LAYERS_BOUNDARY;DeBroglie;matched;cornerExt_border_sand;0,044944;0,057491;0,157349
Q2_LAYERS_BOUNDARY/DESERT/30x30x5;desert;30x30x5;Q2_LAYERS_BOUNDARY;DeBroglie;matched;sand_end;0,044944;0,042986;0,095074
Q2_LAYERS_BOUNDARY/DESERT/30x30x5;desert;30x30x5;Q2_LAYERS_BOUNDARY;DeBroglie;matched;palm;0,168539;0,239527;0,088229
Q2_LAYERS_BOUNDARY/DESERT/30x30x5;desert;30x30x5;Q2_LAYERS_BOUNDARY;DeBroglie;matched;sand_end_extCorner;0,044944;0,06261;0,006585
Q2_LAYERS_BOUNDARY/DESERT/30x30x5;desert;30x30x5;Q2_LAYERS_BOUNDARY;DeBroglie;matched;sand_wall;0,134831;0,096241;0,108108
Q3_LAYERS_BOUNDARY_FIXED/DESERT/30x30x5;desert;30x30x5;Q3_LAYERS_BOUNDARY_FIXED;ThisWork;heap;sand;0,11236;0,159207;0,058229
Q3_LAYERS_BOUNDARY_FIXED/DESERT/30x30x5;desert;30x30x5;Q3_LAYERS_BOUNDARY_FIXED;ThisWork;heap;borderSand;0,044944;0,049695;0,109898
Q3_LAYERS_BOUNDARY_FIXED/DESERT/30x30x5;desert;30x30x5;Q3_LAYERS_BOUNDARY_FIXED;ThisWork;heap;cornerInt_wall_sand;0,224719;0,145319;0,114646
Q3_LAYERS_BOUNDARY_FIXED/DESERT/30x30x5;desert;30x30x5;Q3_LAYERS_BOUNDARY_FIXED;ThisWork;heap;cornerInt_border_sand;0,044944;0,039824;0,114646
Q3_LAYERS_BOUNDARY_FIXED/DESERT/30x30x5;desert;30x30x5;Q3_LAYERS_BOUNDARY_FIXED;ThisWork;heap;cornerExt_wall_sand;0,134831;0,104538;0,158983
Q3_LAYERS_BOUNDARY_FIXED/DESERT/30x30x5;desert;30x30x5;Q3_LAYERS_BOUNDARY_FIXED;ThisWork;heap;cornerExt_border_sand;0,044944;0,060158;0,158983
Q3_LAYERS_BOUNDARY_FIXED/DESERT/30x30x5;desert;30x30x5;Q3_LAYERS_BOUNDARY_FIXED;ThisWork;heap;sand_end;0,044944;0,043795;0,081986
Q3_LAYERS_BOUNDARY_FIXED/DESERT/30x30x5;desert;30x30x5;Q3_LAYERS_BOUNDARY_FIXED;ThisWork;heap;palm;0,168539;0,23881;0,089579
Q3_LAYERS_BOUNDARY_FIXED/DESERT/30x30x5;desert;30x30x5;Q3_LAYERS_BOUNDARY_FIXED;ThisWork;heap;sand_end_extCorner;0,044944;0,063043;0,003153
Q3_LAYERS_BOUNDARY_FIXED/DESERT/30x30x5;desert;30x30x5;Q3_LAYERS_BOUNDARY_FIXED;ThisWork;heap;sand_wall;0,134831;0,095611;0,109898
Q3_LAYERS_BOUNDARY_FIXED/DESERT/30x30x5;desert;30x30x5;Q3_LAYERS_BOUNDARY_FIXED;DeBroglie;matched;sand;0,11236;0,159209;0,058642
Q3_LAYERS_BOUNDARY_FIXED/DESERT/30x30x5;desert;30x30x5;Q3_LAYERS_BOUNDARY_FIXED;DeBroglie;matched;borderSand;0,044944;0,049694;0,11115
Q3_LAYERS_BOUNDARY_FIXED/DESERT/30x30x5;desert;30x30x5;Q3_LAYERS_BOUNDARY_FIXED;DeBroglie;matched;cornerInt_wall_sand;0,224719;0,145313;0,112229
Q3_LAYERS_BOUNDARY_FIXED/DESERT/30x30x5;desert;30x30x5;Q3_LAYERS_BOUNDARY_FIXED;DeBroglie;matched;cornerInt_border_sand;0,044944;0,039822;0,112229
Q3_LAYERS_BOUNDARY_FIXED/DESERT/30x30x5;desert;30x30x5;Q3_LAYERS_BOUNDARY_FIXED;DeBroglie;matched;cornerExt_wall_sand;0,134831;0,104537;0,157476
Q3_LAYERS_BOUNDARY_FIXED/DESERT/30x30x5;desert;30x30x5;Q3_LAYERS_BOUNDARY_FIXED;DeBroglie;matched;cornerExt_border_sand;0,044944;0,06016;0,157476
Q3_LAYERS_BOUNDARY_FIXED/DESERT/30x30x5;desert;30x30x5;Q3_LAYERS_BOUNDARY_FIXED;DeBroglie;matched;sand_end;0,044944;0,043797;0,085516
Q3_LAYERS_BOUNDARY_FIXED/DESERT/30x30x5;desert;30x30x5;Q3_LAYERS_BOUNDARY_FIXED;DeBroglie;matched;palm;0,168539;0,238814;0,090701
Q3_LAYERS_BOUNDARY_FIXED/DESERT/30x30x5;desert;30x30x5;Q3_LAYERS_BOUNDARY_FIXED;DeBroglie;matched;sand_end_extCorner;0,044944;0,063045;0,003432
Q3_LAYERS_BOUNDARY_FIXED/DESERT/30x30x5;desert;30x30x5;Q3_LAYERS_BOUNDARY_FIXED;DeBroglie;matched;sand_wall;0,134831;0,095608;0,11115
Q4_LAYERS_BOUNDARY_FIXED_NEGATIVE/DESERT/30x30x5;desert;30x30x5;Q4_LAYERS_BOUNDARY_FIXED_NEGATIVE;ThisWork;heap;sand;0,11236;0,176389;0,080877
Q4_LAYERS_BOUNDARY_FIXED_NEGATIVE/DESERT/30x30x5;desert;30x30x5;Q4_LAYERS_BOUNDARY_FIXED_NEGATIVE;ThisWork;heap;borderSand;0,044944;0,048942;0,191921
Q4_LAYERS_BOUNDARY_FIXED_NEGATIVE/DESERT/30x30x5;desert;30x30x5;Q4_LAYERS_BOUNDARY_FIXED_NEGATIVE;ThisWork;heap;cornerInt_wall_sand;0,224719;0,144502;0,044622
Q4_LAYERS_BOUNDARY_FIXED_NEGATIVE/DESERT/30x30x5;desert;30x30x5;Q4_LAYERS_BOUNDARY_FIXED_NEGATIVE;ThisWork;heap;cornerInt_border_sand;0,044944;0,03616;0,044622
Q4_LAYERS_BOUNDARY_FIXED_NEGATIVE/DESERT/30x30x5;desert;30x30x5;Q4_LAYERS_BOUNDARY_FIXED_NEGATIVE;ThisWork;heap;cornerExt_wall_sand;0,134831;0,10561;0,117126
Q4_LAYERS_BOUNDARY_FIXED_NEGATIVE/DESERT/30x30x5;desert;30x30x5;Q4_LAYERS_BOUNDARY_FIXED_NEGATIVE;ThisWork;heap;cornerExt_border_sand;0,044944;0,055685;0,117126
Q4_LAYERS_BOUNDARY_FIXED_NEGATIVE/DESERT/30x30x5;desert;30x30x5;Q4_LAYERS_BOUNDARY_FIXED_NEGATIVE;ThisWork;heap;sand_end;0,044944;0,062937;0,085957
Q4_LAYERS_BOUNDARY_FIXED_NEGATIVE/DESERT/30x30x5;desert;30x30x5;Q4_LAYERS_BOUNDARY_FIXED_NEGATIVE;ThisWork;heap;palm;0,168539;0,264584;0,122522
Q4_LAYERS_BOUNDARY_FIXED_NEGATIVE/DESERT/30x30x5;desert;30x30x5;Q4_LAYERS_BOUNDARY_FIXED_NEGATIVE;ThisWork;heap;sand_end_extCorner;0,044944;0,002421;0,003306
Q4_LAYERS_BOUNDARY_FIXED_NEGATIVE/DESERT/30x30x5;desert;30x30x5;Q4_LAYERS_BOUNDARY_FIXED_NEGATIVE;ThisWork;heap;sand_wall;0,134831;0,102771;0,191921
Q4_LAYERS_BOUNDARY_FIXED_NEGATIVE/DESERT/30x30x5;desert;30x30x5;Q4_LAYERS_BOUNDARY_FIXED_NEGATIVE;DeBroglie;matched;sand;0,11236;0,176387;0,082867
Q4_LAYERS_BOUNDARY_FIXED_NEGATIVE/DESERT/30x30x5;desert;30x30x5;Q4_LAYERS_BOUNDARY_FIXED_NEGATIVE;DeBroglie;matched;borderSand;0,044944;0,048919;0,192122
Q4_LAYERS_BOUNDARY_FIXED_NEGATIVE/DESERT/30x30x5;desert;30x30x5;Q4_LAYERS_BOUNDARY_FIXED_NEGATIVE;DeBroglie;matched;cornerInt_wall_sand;0,224719;0,144589;0,043379
Q4_LAYERS_BOUNDARY_FIXED_NEGATIVE/DESERT/30x30x5;desert;30x30x5;Q4_LAYERS_BOUNDARY_FIXED_NEGATIVE;DeBroglie;matched;cornerInt_border_sand;0,044944;0,036184;0,043379
Q4_LAYERS_BOUNDARY_FIXED_NEGATIVE/DESERT/30x30x5;desert;30x30x5;Q4_LAYERS_BOUNDARY_FIXED_NEGATIVE;DeBroglie;matched;cornerExt_wall_sand;0,134831;0,105594;0,116257
Q4_LAYERS_BOUNDARY_FIXED_NEGATIVE/DESERT/30x30x5;desert;30x30x5;Q4_LAYERS_BOUNDARY_FIXED_NEGATIVE;DeBroglie;matched;cornerExt_border_sand;0,044944;0,055635;0,116257
Q4_LAYERS_BOUNDARY_FIXED_NEGATIVE/DESERT/30x30x5;desert;30x30x5;Q4_LAYERS_BOUNDARY_FIXED_NEGATIVE;DeBroglie;matched;sand_end;0,044944;0,062925;0,086211
Q4_LAYERS_BOUNDARY_FIXED_NEGATIVE/DESERT/30x30x5;desert;30x30x5;Q4_LAYERS_BOUNDARY_FIXED_NEGATIVE;DeBroglie;matched;palm;0,168539;0,264581;0,124092
Q4_LAYERS_BOUNDARY_FIXED_NEGATIVE/DESERT/30x30x5;desert;30x30x5;Q4_LAYERS_BOUNDARY_FIXED_NEGATIVE;DeBroglie;matched;sand_end_extCorner;0,044944;0,00242;0,003316
Q4_LAYERS_BOUNDARY_FIXED_NEGATIVE/DESERT/30x30x5;desert;30x30x5;Q4_LAYERS_BOUNDARY_FIXED_NEGATIVE;DeBroglie;matched;sand_wall;0,134831;0,102766;0,192122
Q0_BASELINE/FARM/10x10x5;farm;10x10x5;Q0_BASELINE;ThisWork;heap;wall;0,033841;0,033841;0,012137
Q0_BASELINE/FARM/10x10x5;farm;10x10x5;Q0_BASELINE;ThisWork;heap;wall_outerCorner;0,006768;0,006768;0,051868
Q0_BASELINE/FARM/10x10x5;farm;10x10x5;Q0_BASELINE;ThisWork;heap;wall_window;0,033841;0,033841;0,011145
Q0_BASELINE/FARM/10x10x5;farm;10x10x5;Q0_BASELINE;ThisWork;heap;grass;0,169205;0,169205;0,194695
Q0_BASELINE/FARM/10x10x5;farm;10x10x5;Q0_BASELINE;ThisWork;heap;roofSide;0,006768;0,006768;0,007789
Q0_BASELINE/FARM/10x10x5;farm;10x10x5;Q0_BASELINE;ThisWork;heap;roofSide_OuterCorner;0,006768;0,006768;0,02685
Q0_BASELINE/FARM/10x10x5;farm;10x10x5;Q0_BASELINE;ThisWork;heap;roofSide_OuterCorner_F;0,006768;0,006768;0,026779
Q0_BASELINE/FARM/10x10x5;farm;10x10x5;Q0_BASELINE;ThisWork;heap;roofTop_ext;0,006768;0,006768;0,014207
Q0_BASELINE/FARM/10x10x5;farm;10x10x5;Q0_BASELINE;ThisWork;heap;roofTop_int;0,006768;0,006768;0,001077
Q0_BASELINE/FARM/10x10x5;farm;10x10x5;Q0_BASELINE;ThisWork;heap;WallRoof;0,006768;0,006768;0,0154
Q0_BASELINE/FARM/10x10x5;farm;10x10x5;Q0_BASELINE;ThisWork;heap;grass_innerCorner;0,135364;0,135364;0,064816
Q0_BASELINE/FARM/10x10x5;farm;10x10x5;Q0_BASELINE;ThisWork;heap;grass_outerCorner;0,135364;0,135364;0,010882
Q0_BASELINE/FARM/10x10x5;farm;10x10x5;Q0_BASELINE;ThisWork;heap;grass_side;0,135364;0,135364;0,028539
Q0_BASELINE/FARM/10x10x5;farm;10x10x5;Q0_BASELINE;ThisWork;heap;sand;0,042301;0,042301;0,002654
Q0_BASELINE/FARM/10x10x5;farm;10x10x5;Q0_BASELINE;ThisWork;heap;cliff_corner;0,006768;0,006768;0,027648
Q0_BASELINE/FARM/10x10x5;farm;10x10x5;Q0_BASELINE;ThisWork;heap;cliff;0,006768;0,006768;0,08765
Q0_BASELINE/FARM/10x10x5;farm;10x10x5;Q0_BASELINE;ThisWork;heap;cliff_corner_top;0,006768;0,006768;0,027681
Q0_BASELINE/FARM/10x10x5;farm;10x10x5;Q0_BASELINE;ThisWork;heap;cliff_border;0,006768;0,006768;0,094089
Q0_BASELINE/FARM/10x10x5;farm;10x10x5;Q0_BASELINE;ThisWork;heap;hayBale;0,01692;0,01692;0,015255
Q0_BASELINE/FARM/10x10x5;farm;10x10x5;Q0_BASELINE;ThisWork;heap;siloBase;0,033841;0,033841;0,065503
Q0_BASELINE/FARM/10x10x5;farm;10x10x5;Q0_BASELINE;ThisWork;heap;siloMiddle;0,006768;0,006768;0,097184
Q0_BASELINE/FARM/10x10x5;farm;10x10x5;Q0_BASELINE;ThisWork;heap;siloTop;0,006768;0,006768;0,048428
Q0_BASELINE/FARM/10x10x5;farm;10x10x5;Q0_BASELINE;ThisWork;heap;wallDoor;0,006768;0,006768;0,002149
Q0_BASELINE/FARM/10x10x5;farm;10x10x5;Q0_BASELINE;ThisWork;heap;fence;0,135364;0,135364;0,051136
Q0_BASELINE/FARM/10x10x5;farm;10x10x5;Q0_BASELINE;ThisWork;heap;fenceCorner;0,033841;0,033841;0,014439
Q0_BASELINE/FARM/10x10x5;farm;10x10x5;Q0_BASELINE;DeBroglie;matched;wall;0,033841;0,033841;0,009093
Q0_BASELINE/FARM/10x10x5;farm;10x10x5;Q0_BASELINE;DeBroglie;matched;wall_outerCorner;0,006768;0,006768;0,061918
Q0_BASELINE/FARM/10x10x5;farm;10x10x5;Q0_BASELINE;DeBroglie;matched;wall_window;0,033841;0,033841;0,010004
Q0_BASELINE/FARM/10x10x5;farm;10x10x5;Q0_BASELINE;DeBroglie;matched;grass;0,169205;0,169205;0,182174
Q0_BASELINE/FARM/10x10x5;farm;10x10x5;Q0_BASELINE;DeBroglie;matched;roofSide;0,006768;0,006768;0,004813
Q0_BASELINE/FARM/10x10x5;farm;10x10x5;Q0_BASELINE;DeBroglie;matched;roofSide_OuterCorner;0,006768;0,006768;0,031772
Q0_BASELINE/FARM/10x10x5;farm;10x10x5;Q0_BASELINE;DeBroglie;matched;roofSide_OuterCorner_F;0,006768;0,006768;0,032321
Q0_BASELINE/FARM/10x10x5;farm;10x10x5;Q0_BASELINE;DeBroglie;matched;roofTop_ext;0,006768;0,006768;0,01637
Q0_BASELINE/FARM/10x10x5;farm;10x10x5;Q0_BASELINE;DeBroglie;matched;roofTop_int;0,006768;0,006768;0,001219
Q0_BASELINE/FARM/10x10x5;farm;10x10x5;Q0_BASELINE;DeBroglie;matched;WallRoof;0,006768;0,006768;0,017002
Q0_BASELINE/FARM/10x10x5;farm;10x10x5;Q0_BASELINE;DeBroglie;matched;grass_innerCorner;0,135364;0,135364;0,072513
Q0_BASELINE/FARM/10x10x5;farm;10x10x5;Q0_BASELINE;DeBroglie;matched;grass_outerCorner;0,135364;0,135364;0,013579
Q0_BASELINE/FARM/10x10x5;farm;10x10x5;Q0_BASELINE;DeBroglie;matched;grass_side;0,135364;0,135364;0,040079
Q0_BASELINE/FARM/10x10x5;farm;10x10x5;Q0_BASELINE;DeBroglie;matched;sand;0,042301;0,042301;0,004508
Q0_BASELINE/FARM/10x10x5;farm;10x10x5;Q0_BASELINE;DeBroglie;matched;cliff_corner;0,006768;0,006768;0,03058
Q0_BASELINE/FARM/10x10x5;farm;10x10x5;Q0_BASELINE;DeBroglie;matched;cliff;0,006768;0,006768;0,09095
Q0_BASELINE/FARM/10x10x5;farm;10x10x5;Q0_BASELINE;DeBroglie;matched;cliff_corner_top;0,006768;0,006768;0,031673
Q0_BASELINE/FARM/10x10x5;farm;10x10x5;Q0_BASELINE;DeBroglie;matched;cliff_border;0,006768;0,006768;0,096561
Q0_BASELINE/FARM/10x10x5;farm;10x10x5;Q0_BASELINE;DeBroglie;matched;hayBale;0,01692;0,01692;0,020596
Q0_BASELINE/FARM/10x10x5;farm;10x10x5;Q0_BASELINE;DeBroglie;matched;siloBase;0,033841;0,033841;0,059974
Q0_BASELINE/FARM/10x10x5;farm;10x10x5;Q0_BASELINE;DeBroglie;matched;siloMiddle;0,006768;0,006768;0,097281
Q0_BASELINE/FARM/10x10x5;farm;10x10x5;Q0_BASELINE;DeBroglie;matched;siloTop;0,006768;0,006768;0,047204
Q0_BASELINE/FARM/10x10x5;farm;10x10x5;Q0_BASELINE;DeBroglie;matched;wallDoor;0,006768;0,006768;0,002097
Q0_BASELINE/FARM/10x10x5;farm;10x10x5;Q0_BASELINE;DeBroglie;matched;fence;0,135364;0,135364;0,022356
Q0_BASELINE/FARM/10x10x5;farm;10x10x5;Q0_BASELINE;DeBroglie;matched;fenceCorner;0,033841;0,033841;0,003365
Q1_LAYERS/FARM/10x10x5;farm;10x10x5;Q1_LAYERS;ThisWork;heap;wall;0,033841;0,024049;0,003856
Q1_LAYERS/FARM/10x10x5;farm;10x10x5;Q1_LAYERS;ThisWork;heap;wall_outerCorner;0,006768;0,00481;0,051769
Q1_LAYERS/FARM/10x10x5;farm;10x10x5;Q1_LAYERS;ThisWork;heap;wall_window;0,033841;0,024049;0,00485
Q1_LAYERS/FARM/10x10x5;farm;10x10x5;Q1_LAYERS;ThisWork;heap;grass;0,169205;0,182407;0,234004
Q1_LAYERS/FARM/10x10x5;farm;10x10x5;Q1_LAYERS;ThisWork;heap;roofSide;0,006768;0,004671;0,004567
Q1_LAYERS/FARM/10x10x5;farm;10x10x5;Q1_LAYERS;ThisWork;heap;roofSide_OuterCorner;0,006768;0,004671;0,02566
Q1_LAYERS/FARM/10x10x5;farm;10x10x5;Q1_LAYERS;ThisWork;heap;roofSide_OuterCorner_F;0,006768;0,004671;0,026109
Q1_LAYERS/FARM/10x10x5;farm;10x10x5;Q1_LAYERS;ThisWork;heap;roofTop_ext;0,006768;0,002486;0,005683
Q1_LAYERS/FARM/10x10x5;farm;10x10x5;Q1_LAYERS;ThisWork;heap;roofTop_int;0,006768;0,007296;0,000564
Q1_LAYERS/FARM/10x10x5;farm;10x10x5;Q1_LAYERS;ThisWork;heap;WallRoof;0,006768;0,002185;0,005683
Q1_LAYERS/FARM/10x10x5;farm;10x10x5;Q1_LAYERS;ThisWork;heap;grass_innerCorner;0,135364;0,145925;0,100205
Q1_LAYERS/FARM/10x10x5;farm;10x10x5;Q1_LAYERS;ThisWork;heap;grass_outerCorner;0,135364;0,145925;0,022139
Q1_LAYERS/FARM/10x10x5;farm;10x10x5;Q1_LAYERS;ThisWork;heap;grass_side;0,135364;0,145925;0,058256
Q1_LAYERS/FARM/10x10x5;farm;10x10x5;Q1_LAYERS;ThisWork;heap;sand;0,042301;0,045602;0,00675
Q1_LAYERS/FARM/10x10x5;farm;10x10x5;Q1_LAYERS;ThisWork;heap;cliff_corner;0,006768;0,00481;0,04062
Q1_LAYERS/FARM/10x10x5;farm;10x10x5;Q1_LAYERS;ThisWork;heap;cliff;0,006768;0,00481;0,107633
Q1_LAYERS/FARM/10x10x5;farm;10x10x5;Q1_LAYERS;ThisWork;heap;cliff_corner_top;0,006768;0,004671;0,04062
Q1_LAYERS/FARM/10x10x5;farm;10x10x5;Q1_LAYERS;ThisWork;heap;cliff_border;0,006768;0,004671;0,107633
Q1_LAYERS/FARM/10x10x5;farm;10x10x5;Q1_LAYERS;ThisWork;heap;hayBale;0,01692;0,018241;0,023385
Q1_LAYERS/FARM/10x10x5;farm;10x10x5;Q1_LAYERS;ThisWork;heap;siloBase;0,033841;0,024049;0,028396
Q1_LAYERS/FARM/10x10x5;farm;10x10x5;Q1_LAYERS;ThisWork;heap;siloMiddle;0,006768;0,002185;0,00594
Q1_LAYERS/FARM/10x10x5;farm;10x10x5;Q1_LAYERS;ThisWork;heap;siloTop;0,006768;0,004671;0,028396
Q1_LAYERS/FARM/10x10x5;farm;10x10x5;Q1_LAYERS;ThisWork;heap;wallDoor;0,006768;0,00481;0,001544
Q1_LAYERS/FARM/10x10x5;farm;10x10x5;Q1_LAYERS;ThisWork;heap;fence;0,135364;0,145925;0,053623
Q1_LAYERS/FARM/10x10x5;farm;10x10x5;Q1_LAYERS;ThisWork;heap;fenceCorner;0,033841;0,036481;0,012116
Q1_LAYERS/FARM/10x10x5;farm;10x10x5;Q1_LAYERS;DeBroglie;matched;wall;0,033841;0,024049;0,006353
Q1_LAYERS/FARM/10x10x5;farm;10x10x5;Q1_LAYERS;DeBroglie;matched;wall_outerCorner;0,006768;0,00481;0,052838
Q1_LAYERS/FARM/10x10x5;farm;10x10x5;Q1_LAYERS;DeBroglie;matched;wall_window;0,033841;0,024049;0,007522
Q1_LAYERS/FARM/10x10x5;farm;10x10x5;Q1_LAYERS;DeBroglie;matched;grass;0,169205;0,182407;0,240944
Q1_LAYERS/FARM/10x10x5;farm;10x10x5;Q1_LAYERS;DeBroglie;matched;roofSide;0,006768;0,004671;0,00623
Q1_LAYERS/FARM/10x10x5;farm;10x10x5;Q1_LAYERS;DeBroglie;matched;roofSide_OuterCorner;0,006768;0,004671;0,026485
Q1_LAYERS/FARM/10x10x5;farm;10x10x5;Q1_LAYERS;DeBroglie;matched;roofSide_OuterCorner_F;0,006768;0,004671;0,026352
Q1_LAYERS/FARM/10x10x5;farm;10x10x5;Q1_LAYERS;DeBroglie;matched;roofTop_ext;0,006768;0,002486;0,008907
Q1_LAYERS/FARM/10x10x5;farm;10x10x5;Q1_LAYERS;DeBroglie;matched;roofTop_int;0,006768;0,007296;0,000972
Q1_LAYERS/FARM/10x10x5;farm;10x10x5;Q1_LAYERS;DeBroglie;matched;WallRoof;0,006768;0,002185;0,008907
Q1_LAYERS/FARM/10x10x5;farm;10x10x5;Q1_LAYERS;DeBroglie;matched;grass_innerCorner;0,135364;0,145925;0,10502
Q1_LAYERS/FARM/10x10x5;farm;10x10x5;Q1_LAYERS;DeBroglie;matched;grass_outerCorner;0,135364;0,145925;0,015644
Q1_LAYERS/FARM/10x10x5;farm;10x10x5;Q1_LAYERS;DeBroglie;matched;grass_side;0,135364;0,145925;0,045561
Q1_LAYERS/FARM/10x10x5;farm;10x10x5;Q1_LAYERS;DeBroglie;matched;sand;0,042301;0,045602;0,004051
Q1_LAYERS/FARM/10x10x5;farm;10x10x5;Q1_LAYERS;DeBroglie;matched;cliff_corner;0,006768;0,00481;0,042571
Q1_LAYERS/FARM/10x10x5;farm;10x10x5;Q1_LAYERS;DeBroglie;matched;cliff;0,006768;0,00481;0,112829
Q1_LAYERS/FARM/10x10x5;farm;10x10x5;Q1_LAYERS;DeBroglie;matched;cliff_corner_top;0,006768;0,004671;0,042571
Q1_LAYERS/FARM/10x10x5;farm;10x10x5;Q1_LAYERS;DeBroglie;matched;cliff_border;0,006768;0,004671;0,112829
Q1_LAYERS/FARM/10x10x5;farm;10x10x5;Q1_LAYERS;DeBroglie;matched;hayBale;0,01692;0,018241;0,025822
Q1_LAYERS/FARM/10x10x5;farm;10x10x5;Q1_LAYERS;DeBroglie;matched;siloBase;0,033841;0,024049;0,029692
Q1_LAYERS/FARM/10x10x5;farm;10x10x5;Q1_LAYERS;DeBroglie;matched;siloMiddle;0,006768;0,002185;0,006346
Q1_LAYERS/FARM/10x10x5;farm;10x10x5;Q1_LAYERS;DeBroglie;matched;siloTop;0,006768;0,004671;0,029692
Q1_LAYERS/FARM/10x10x5;farm;10x10x5;Q1_LAYERS;DeBroglie;matched;wallDoor;0,006768;0,00481;0,001264
Q1_LAYERS/FARM/10x10x5;farm;10x10x5;Q1_LAYERS;DeBroglie;matched;fence;0,135364;0,145925;0,031471
Q1_LAYERS/FARM/10x10x5;farm;10x10x5;Q1_LAYERS;DeBroglie;matched;fenceCorner;0,033841;0,036481;0,009125
Q2_LAYERS_BOUNDARY/FARM/10x10x5;farm;10x10x5;Q2_LAYERS_BOUNDARY;ThisWork;heap;wall;0,033841;0,013638;0,005477
Q2_LAYERS_BOUNDARY/FARM/10x10x5;farm;10x10x5;Q2_LAYERS_BOUNDARY;ThisWork;heap;wall_outerCorner;0,006768;0,004181;0,041132
Q2_LAYERS_BOUNDARY/FARM/10x10x5;farm;10x10x5;Q2_LAYERS_BOUNDARY;ThisWork;heap;wall_window;0,033841;0,013638;0,004453
Q2_LAYERS_BOUNDARY/FARM/10x10x5;farm;10x10x5;Q2_LAYERS_BOUNDARY;ThisWork;heap;grass;0,169205;0,207849;0,153515
Q2_LAYERS_BOUNDARY/FARM/10x10x5;farm;10x10x5;Q2_LAYERS_BOUNDARY;ThisWork;heap;roofSide;0,006768;0,006027;0,000513
Q2_LAYERS_BOUNDARY/FARM/10x10x5;farm;10x10x5;Q2_LAYERS_BOUNDARY;ThisWork;heap;roofSide_OuterCorner;0,006768;0,010082;0,020566
Q2_LAYERS_BOUNDARY/FARM/10x10x5;farm;10x10x5;Q2_LAYERS_BOUNDARY;ThisWork;heap;roofSide_OuterCorner_F;0,006768;0,010082;0,020566
Q2_LAYERS_BOUNDARY/FARM/10x10x5;farm;10x10x5;Q2_LAYERS_BOUNDARY;ThisWork;heap;roofTop_ext;0,006768;0,008881;0,010394
Q2_LAYERS_BOUNDARY/FARM/10x10x5;farm;10x10x5;Q2_LAYERS_BOUNDARY;ThisWork;heap;roofTop_int;0,006768;0,00659;0
Q2_LAYERS_BOUNDARY/FARM/10x10x5;farm;10x10x5;Q2_LAYERS_BOUNDARY;ThisWork;heap;WallRoof;0,006768;0,004291;0,010394
Q2_LAYERS_BOUNDARY/FARM/10x10x5;farm;10x10x5;Q2_LAYERS_BOUNDARY;ThisWork;heap;grass_innerCorner;0,135364;0,087549;0,051455
Q2_LAYERS_BOUNDARY/FARM/10x10x5;farm;10x10x5;Q2_LAYERS_BOUNDARY;ThisWork;heap;grass_outerCorner;0,135364;0,034298;0,004575
Q2_LAYERS_BOUNDARY/FARM/10x10x5;farm;10x10x5;Q2_LAYERS_BOUNDARY;ThisWork;heap;grass_side;0,135364;0,054554;0,01864
Q2_LAYERS_BOUNDARY/FARM/10x10x5;farm;10x10x5;Q2_LAYERS_BOUNDARY;ThisWork;heap;sand;0,042301;0,010718;0,002322
Q2_LAYERS_BOUNDARY/FARM/10x10x5;farm;10x10x5;Q2_LAYERS_BOUNDARY;ThisWork;heap;cliff_corner;0,006768;0,004181;0,012808
Q2_LAYERS_BOUNDARY/FARM/10x10x5;farm;10x10x5;Q2_LAYERS_BOUNDARY;ThisWork;heap;cliff;0,006768;0,002728;0
Q2_LAYERS_BOUNDARY/FARM/10x10x5;farm;10x10x5;Q2_LAYERS_BOUNDARY;ThisWork;heap;cliff_corner_top;0,006768;0,010082;0,012808
Q2_LAYERS_BOUNDARY/FARM/10x10x5;farm;10x10x5;Q2_LAYERS_BOUNDARY;ThisWork;heap;cliff_border;0,006768;0,006027;0
Q2_LAYERS_BOUNDARY/FARM/10x10x5;farm;10x10x5;Q2_LAYERS_BOUNDARY;ThisWork;heap;hayBale;0,01692;0,020785;0,016035
Q2_LAYERS_BOUNDARY/FARM/10x10x5;farm;10x10x5;Q2_LAYERS_BOUNDARY;ThisWork;heap;siloBase;0,033841;0,026576;0,031407
Q2_LAYERS_BOUNDARY/FARM/10x10x5;farm;10x10x5;Q2_LAYERS_BOUNDARY;ThisWork;heap;siloMiddle;0,006768;0,006895;0,022027
Q2_LAYERS_BOUNDARY/FARM/10x10x5;farm;10x10x5;Q2_LAYERS_BOUNDARY;ThisWork;heap;siloTop;0,006768;0,018653;0,031407
Q2_LAYERS_BOUNDARY/FARM/10x10x5;farm;10x10x5;Q2_LAYERS_BOUNDARY;ThisWork;heap;wallDoor;0,006768;0,002728;0,000976
Q2_LAYERS_BOUNDARY/FARM/10x10x5;farm;10x10x5;Q2_LAYERS_BOUNDARY;ThisWork;heap;fence;0,135364;0,283699;0,382167
Q2_LAYERS_BOUNDARY/FARM/10x10x5;farm;10x10x5;Q2_LAYERS_BOUNDARY;ThisWork;heap;fenceCorner;0,033841;0,145267;0,146365
Q2_LAYERS_BOUNDARY/FARM/10x10x5;farm;10x10x5;Q2_LAYERS_BOUNDARY;DeBroglie;matched;wall;0,033841;0,013638;0,004914
Q2_LAYERS_BOUNDARY/FARM/10x10x5;farm;10x10x5;Q2_LAYERS_BOUNDARY;DeBroglie;matched;wall_outerCorner;0,006768;0,004181;0,038031
Q2_LAYERS_BOUNDARY/FARM/10x10x5;farm;10x10x5;Q2_LAYERS_BOUNDARY;DeBroglie;matched;wall_window;0,033841;0,013638;0,003561
Q2_LAYERS_BOUNDARY/FARM/10x10x5;farm;10x10x5;Q2_LAYERS_BOUNDARY;DeBroglie;matched;grass;0,169205;0,207849;0,183781
Q2_LAYERS_BOUNDARY/FARM/10x10x5;farm;10x10x5;Q2_LAYERS_BOUNDARY;DeBroglie;matched;roofSide;0,006768;0,006027;0
Q2_LAYERS_BOUNDARY/FARM/10x10x5;farm;10x10x5;Q2_LAYERS_BOUNDARY;DeBroglie;matched;roofSide_OuterCorner;0,006768;0,010082;0,019015
Q2_LAYERS_BOUNDARY/FARM/10x10x5;farm;10x10x5;Q2_LAYERS_BOUNDARY;DeBroglie;matched;roofSide_OuterCorner_F;0,006768;0,010082;0,019015
Q2_LAYERS_BOUNDARY/FARM/10x10x5;farm;10x10x5;Q2_LAYERS_BOUNDARY;DeBroglie;matched;roofTop_ext;0,006768;0,008881;0,008713
Q2_LAYERS_BOUNDARY/FARM/10x10x5;farm;10x10x5;Q2_LAYERS_BOUNDARY;DeBroglie;matched;roofTop_int;0,006768;0,00659;0
Q2_LAYERS_BOUNDARY/FARM/10x10x5;farm;10x10x5;Q2_LAYERS_BOUNDARY;DeBroglie;matched;WallRoof;0,006768;0,004291;0,008713
Q2_LAYERS_BOUNDARY/FARM/10x10x5;farm;10x10x5;Q2_LAYERS_BOUNDARY;DeBroglie;matched;grass_innerCorner;0,135364;0,087549;0,043166
Q2_LAYERS_BOUNDARY/FARM/10x10x5;farm;10x10x5;Q2_LAYERS_BOUNDARY;DeBroglie;matched;grass_outerCorner;0,135364;0,034298;0,003512
Q2_LAYERS_BOUNDARY/FARM/10x10x5;farm;10x10x5;Q2_LAYERS_BOUNDARY;DeBroglie;matched;grass_side;0,135364;0,054554;0,014553
Q2_LAYERS_BOUNDARY/FARM/10x10x5;farm;10x10x5;Q2_LAYERS_BOUNDARY;DeBroglie;matched;sand;0,042301;0,010718;0,001401
Q2_LAYERS_BOUNDARY/FARM/10x10x5;farm;10x10x5;Q2_LAYERS_BOUNDARY;DeBroglie;matched;cliff_corner;0,006768;0,004181;0,012841
Q2_LAYERS_BOUNDARY/FARM/10x10x5;farm;10x10x5;Q2_LAYERS_BOUNDARY;DeBroglie;matched;cliff;0,006768;0,002728;0
Q2_LAYERS_BOUNDARY/FARM/10x10x5;farm;10x10x5;Q2_LAYERS_BOUNDARY;DeBroglie;matched;cliff_corner_top;0,006768;0,010082;0,012841
Q2_LAYERS_BOUNDARY/FARM/10x10x5;farm;10x10x5;Q2_LAYERS_BOUNDARY;DeBroglie;matched;cliff_border;0,006768;0,006027;0
Q2_LAYERS_BOUNDARY/FARM/10x10x5;farm;10x10x5;Q2_LAYERS_BOUNDARY;DeBroglie;matched;hayBale;0,01692;0,020785;0,017963
Q2_LAYERS_BOUNDARY/FARM/10x10x5;farm;10x10x5;Q2_LAYERS_BOUNDARY;DeBroglie;matched;siloBase;0,033841;0,026576;0,026523
Q2_LAYERS_BOUNDARY/FARM/10x10x5;farm;10x10x5;Q2_LAYERS_BOUNDARY;DeBroglie;matched;siloMiddle;0,006768;0,006895;0,013768
Q2_LAYERS_BOUNDARY/FARM/10x10x5;farm;10x10x5;Q2_LAYERS_BOUNDARY;DeBroglie;matched;siloTop;0,006768;0,018653;0,026523
Q2_LAYERS_BOUNDARY/FARM/10x10x5;farm;10x10x5;Q2_LAYERS_BOUNDARY;DeBroglie;matched;wallDoor;0,006768;0,002728;0,000238
Q2_LAYERS_BOUNDARY/FARM/10x10x5;farm;10x10x5;Q2_LAYERS_BOUNDARY;DeBroglie;matched;fence;0,135364;0,283699;0,395298
Q2_LAYERS_BOUNDARY/FARM/10x10x5;farm;10x10x5;Q2_LAYERS_BOUNDARY;DeBroglie;matched;fenceCorner;0,033841;0,145267;0,145627
Q3_LAYERS_BOUNDARY_FIXED/FARM/10x10x5;farm;10x10x5;Q3_LAYERS_BOUNDARY_FIXED;ThisWork;heap;wall;0,033841;0,010617;0,005322
Q3_LAYERS_BOUNDARY_FIXED/FARM/10x10x5;farm;10x10x5;Q3_LAYERS_BOUNDARY_FIXED;ThisWork;heap;wall_outerCorner;0,006768;0,003883;0,037863
Q3_LAYERS_BOUNDARY_FIXED/FARM/10x10x5;farm;10x10x5;Q3_LAYERS_BOUNDARY_FIXED;ThisWork;heap;wall_window;0,033841;0,010617;0,004012
Q3_LAYERS_BOUNDARY_FIXED/FARM/10x10x5;farm;10x10x5;Q3_LAYERS_BOUNDARY_FIXED;ThisWork;heap;grass;0,169205;0,232991;0,224289
Q3_LAYERS_BOUNDARY_FIXED/FARM/10x10x5;farm;10x10x5;Q3_LAYERS_BOUNDARY_FIXED;ThisWork;heap;roofSide;0,006768;0,00506;0,000556
Q3_LAYERS_BOUNDARY_FIXED/FARM/10x10x5;farm;10x10x5;Q3_LAYERS_BOUNDARY_FIXED;ThisWork;heap;roofSide_OuterCorner;0,006768;0,009426;0,018932
Q3_LAYERS_BOUNDARY_FIXED/FARM/10x10x5;farm;10x10x5;Q3_LAYERS_BOUNDARY_FIXED;ThisWork;heap;roofSide_OuterCorner_F;0,006768;0,009426;0,018932
Q3_LAYERS_BOUNDARY_FIXED/FARM/10x10x5;farm;10x10x5;Q3_LAYERS_BOUNDARY_FIXED;ThisWork;heap;roofTop_ext;0,006768;0,008187;0,009612
Q3_LAYERS_BOUNDARY_FIXED/FARM/10x10x5;farm;10x10x5;Q3_LAYERS_BOUNDARY_FIXED;ThisWork;heap;roofTop_int;0,006768;0,005005;0
Q3_LAYERS_BOUNDARY_FIXED/FARM/10x10x5;farm;10x10x5;Q3_LAYERS_BOUNDARY_FIXED;ThisWork;heap;WallRoof;0,006768;0,004543;0,009612
Q3_LAYERS_BOUNDARY_FIXED/FARM/10x10x5;farm;10x10x5;Q3_LAYERS_BOUNDARY_FIXED;ThisWork;heap;grass_innerCorner;0,135364;0,077667;0,049781
Q3_LAYERS_BOUNDARY_FIXED/FARM/10x10x5;farm;10x10x5;Q3_LAYERS_BOUNDARY_FIXED;ThisWork;heap;grass_outerCorner;0,135364;0,022005;0,003133
Q3_LAYERS_BOUNDARY_FIXED/FARM/10x10x5;farm;10x10x5;Q3_LAYERS_BOUNDARY_FIXED;ThisWork;heap;grass_side;0,135364;0,042467;0,011699
Q3_LAYERS_BOUNDARY_FIXED/FARM/10x10x5;farm;10x10x5;Q3_LAYERS_BOUNDARY_FIXED;ThisWork;heap;sand;0,042301;0,006045;0,000286
Q3_LAYERS_BOUNDARY_FIXED/FARM/10x10x5;farm;10x10x5;Q3_LAYERS_BOUNDARY_FIXED;ThisWork;heap;cliff_corner;0,006768;0,003883;0,010849
Q3_LAYERS_BOUNDARY_FIXED/FARM/10x10x5;farm;10x10x5;Q3_LAYERS_BOUNDARY_FIXED;ThisWork;heap;cliff;0,006768;0,002123;0
Q3_LAYERS_BOUNDARY_FIXED/FARM/10x10x5;farm;10x10x5;Q3_LAYERS_BOUNDARY_FIXED;ThisWork;heap;cliff_corner_top;0,006768;0,009426;0,010849
Q3_LAYERS_BOUNDARY_FIXED/FARM/10x10x5;farm;10x10x5;Q3_LAYERS_BOUNDARY_FIXED;ThisWork;heap;cliff_border;0,006768;0,00506;0
Q3_LAYERS_BOUNDARY_FIXED/FARM/10x10x5;farm;10x10x5;Q3_LAYERS_BOUNDARY_FIXED;ThisWork;heap;hayBale;0,01692;0,023299;0,020332
Q3_LAYERS_BOUNDARY_FIXED/FARM/10x10x5;farm;10x10x5;Q3_LAYERS_BOUNDARY_FIXED;ThisWork;heap;siloBase;0,033841;0,025882;0,034674
Q3_LAYERS_BOUNDARY_FIXED/FARM/10x10x5;farm;10x10x5;Q3_LAYERS_BOUNDARY_FIXED;ThisWork;heap;siloMiddle;0,006768;0,008044;0,022542
Q3_LAYERS_BOUNDARY_FIXED/FARM/10x10x5;farm;10x10x5;Q3_LAYERS_BOUNDARY_FIXED;ThisWork;heap;siloTop;0,006768;0,020103;0,034674
Q3_LAYERS_BOUNDARY_FIXED/FARM/10x10x5;farm;10x10x5;Q3_LAYERS_BOUNDARY_FIXED;ThisWork;heap;wallDoor;0,006768;0,002123;0,000834
Q3_LAYERS_BOUNDARY_FIXED/FARM/10x10x5;farm;10x10x5;Q3_LAYERS_BOUNDARY_FIXED;ThisWork;heap;fence;0,135364;0,314767;0,37227
Q3_LAYERS_BOUNDARY_FIXED/FARM/10x10x5;farm;10x10x5;Q3_LAYERS_BOUNDARY_FIXED;ThisWork;heap;fenceCorner;0,033841;0,137347;0,098947
Q3_LAYERS_BOUNDARY_FIXED/FARM/10x10x5;farm;10x10x5;Q3_LAYERS_BOUNDARY_FIXED;DeBroglie;matched;wall;0,033841;0,010617;0,00325
Q3_LAYERS_BOUNDARY_FIXED/FARM/10x10x5;farm;10x10x5;Q3_LAYERS_BOUNDARY_FIXED;DeBroglie;matched;wall_outerCorner;0,006768;0,003883;0,032981
Q3_LAYERS_BOUNDARY_FIXED/FARM/10x10x5;farm;10x10x5;Q3_LAYERS_BOUNDARY_FIXED;DeBroglie;matched;wall_window;0,033841;0,010617;0,002921
Q3_LAYERS_BOUNDARY_FIXED/FARM/10x10x5;farm;10x10x5;Q3_LAYERS_BOUNDARY_FIXED;DeBroglie;matched;grass;0,169205;0,232991;0,228157
Q3_LAYERS_BOUNDARY_FIXED/FARM/10x10x5;farm;10x10x5;Q3_LAYERS_BOUNDARY_FIXED;DeBroglie;matched;roofSide;0,006768;0,00506;0
Q3_LAYERS_BOUNDARY_FIXED/FARM/10x10x5;farm;10x10x5;Q3_LAYERS_BOUNDARY_FIXED;DeBroglie;matched;roofSide_OuterCorner;0,006768;0,009426;0,01649
Q3_LAYERS_BOUNDARY_FIXED/FARM/10x10x5;farm;10x10x5;Q3_LAYERS_BOUNDARY_FIXED;DeBroglie;matched;roofSide_OuterCorner_F;0,006768;0,009426;0,01649
Q3_LAYERS_BOUNDARY_FIXED/FARM/10x10x5;farm;10x10x5;Q3_LAYERS_BOUNDARY_FIXED;DeBroglie;matched;roofTop_ext;0,006768;0,008187;0,006981
Q3_LAYERS_BOUNDARY_FIXED/FARM/10x10x5;farm;10x10x5;Q3_LAYERS_BOUNDARY_FIXED;DeBroglie;matched;roofTop_int;0,006768;0,005005;0
Q3_LAYERS_BOUNDARY_FIXED/FARM/10x10x5;farm;10x10x5;Q3_LAYERS_BOUNDARY_FIXED;DeBroglie;matched;WallRoof;0,006768;0,004543;0,006981
Q3_LAYERS_BOUNDARY_FIXED/FARM/10x10x5;farm;10x10x5;Q3_LAYERS_BOUNDARY_FIXED;DeBroglie;matched;grass_innerCorner;0,135364;0,077667;0,064454
Q3_LAYERS_BOUNDARY_FIXED/FARM/10x10x5;farm;10x10x5;Q3_LAYERS_BOUNDARY_FIXED;DeBroglie;matched;grass_outerCorner;0,135364;0,022005;0,003058
Q3_LAYERS_BOUNDARY_FIXED/FARM/10x10x5;farm;10x10x5;Q3_LAYERS_BOUNDARY_FIXED;DeBroglie;matched;grass_side;0,135364;0,042467;0,01562
Q3_LAYERS_BOUNDARY_FIXED/FARM/10x10x5;farm;10x10x5;Q3_LAYERS_BOUNDARY_FIXED;DeBroglie;matched;sand;0,042301;0,006045;0,000303
Q3_LAYERS_BOUNDARY_FIXED/FARM/10x10x5;farm;10x10x5;Q3_LAYERS_BOUNDARY_FIXED;DeBroglie;matched;cliff_corner;0,006768;0,003883;0,01357
Q3_LAYERS_BOUNDARY_FIXED/FARM/10x10x5;farm;10x10x5;Q3_LAYERS_BOUNDARY_FIXED;DeBroglie;matched;cliff;0,006768;0,002123;0
Q3_LAYERS_BOUNDARY_FIXED/FARM/10x10x5;farm;10x10x5;Q3_LAYERS_BOUNDARY_FIXED;DeBroglie;matched;cliff_corner_top;0,006768;0,009426;0,01357
Q3_LAYERS_BOUNDARY_FIXED/FARM/10x10x5;farm;10x10x5;Q3_LAYERS_BOUNDARY_FIXED;DeBroglie;matched;cliff_border;0,006768;0,00506;0
Q3_LAYERS_BOUNDARY_FIXED/FARM/10x10x5;farm;10x10x5;Q3_LAYERS_BOUNDARY_FIXED;DeBroglie;matched;hayBale;0,01692;0,023299;0,022731
Q3_LAYERS_BOUNDARY_FIXED/FARM/10x10x5;farm;10x10x5;Q3_LAYERS_BOUNDARY_FIXED;DeBroglie;matched;siloBase;0,033841;0,025882;0,028418
Q3_LAYERS_BOUNDARY_FIXED/FARM/10x10x5;farm;10x10x5;Q3_LAYERS_BOUNDARY_FIXED;DeBroglie;matched;siloMiddle;0,006768;0,008044;0,020534
Q3_LAYERS_BOUNDARY_FIXED/FARM/10x10x5;farm;10x10x5;Q3_LAYERS_BOUNDARY_FIXED;DeBroglie;matched;siloTop;0,006768;0,020103;0,028418
Q3_LAYERS_BOUNDARY_FIXED/FARM/10x10x5;farm;10x10x5;Q3_LAYERS_BOUNDARY_FIXED;DeBroglie;matched;wallDoor;0,006768;0,002123;0,000811
Q3_LAYERS_BOUNDARY_FIXED/FARM/10x10x5;farm;10x10x5;Q3_LAYERS_BOUNDARY_FIXED;DeBroglie;matched;fence;0,135364;0,314767;0,373235
Q3_LAYERS_BOUNDARY_FIXED/FARM/10x10x5;farm;10x10x5;Q3_LAYERS_BOUNDARY_FIXED;DeBroglie;matched;fenceCorner;0,033841;0,137347;0,101029
Q4_LAYERS_BOUNDARY_FIXED_NEGATIVE/FARM/10x10x5;farm;10x10x5;Q4_LAYERS_BOUNDARY_FIXED_NEGATIVE;ThisWork;heap;wall;0,033841;0,010751;0,003428
Q4_LAYERS_BOUNDARY_FIXED_NEGATIVE/FARM/10x10x5;farm;10x10x5;Q4_LAYERS_BOUNDARY_FIXED_NEGATIVE;ThisWork;heap;wall_outerCorner;0,006768;0,003931;0,039174
Q4_LAYERS_BOUNDARY_FIXED_NEGATIVE/FARM/10x10x5;farm;10x10x5;Q4_LAYERS_BOUNDARY_FIXED_NEGATIVE;ThisWork;heap;wall_window;0,033841;0,010751;0,004253
Q4_LAYERS_BOUNDARY_FIXED_NEGATIVE/FARM/10x10x5;farm;10x10x5;Q4_LAYERS_BOUNDARY_FIXED_NEGATIVE;ThisWork;heap;grass;0,169205;0,236006;0,221586
Q4_LAYERS_BOUNDARY_FIXED_NEGATIVE/FARM/10x10x5;farm;10x10x5;Q4_LAYERS_BOUNDARY_FIXED_NEGATIVE;ThisWork;heap;roofSide;0,006768;0,005182;0
Q4_LAYERS_BOUNDARY_FIXED_NEGATIVE/FARM/10x10x5;farm;10x10x5;Q4_LAYERS_BOUNDARY_FIXED_NEGATIVE;ThisWork;heap;roofSide_OuterCorner;0,006768;0,009625;0,019587
Q4_LAYERS_BOUNDARY_FIXED_NEGATIVE/FARM/10x10x5;farm;10x10x5;Q4_LAYERS_BOUNDARY_FIXED_NEGATIVE;ThisWork;heap;roofSide_OuterCorner_F;0,006768;0,009625;0,019587
Q4_LAYERS_BOUNDARY_FIXED_NEGATIVE/FARM/10x10x5;farm;10x10x5;Q4_LAYERS_BOUNDARY_FIXED_NEGATIVE;ThisWork;heap;roofTop_ext;0,006768;0,008289;0,00908
Q4_LAYERS_BOUNDARY_FIXED_NEGATIVE/FARM/10x10x5;farm;10x10x5;Q4_LAYERS_BOUNDARY_FIXED_NEGATIVE;ThisWork;heap;roofTop_int;0,006768;0,00509;0
Q4_LAYERS_BOUNDARY_FIXED_NEGATIVE/FARM/10x10x5;farm;10x10x5;Q4_LAYERS_BOUNDARY_FIXED_NEGATIVE;ThisWork;heap;WallRoof;0,006768;0,004647;0,00908
Q4_LAYERS_BOUNDARY_FIXED_NEGATIVE/FARM/10x10x5;farm;10x10x5;Q4_LAYERS_BOUNDARY_FIXED_NEGATIVE;ThisWork;heap;grass_innerCorner;0,135364;0,078625;0,052473
Q4_LAYERS_BOUNDARY_FIXED_NEGATIVE/FARM/10x10x5;farm;10x10x5;Q4_LAYERS_BOUNDARY_FIXED_NEGATIVE;ThisWork;heap;grass_outerCorner;0,135364;0,022296;0,004491
Q4_LAYERS_BOUNDARY_FIXED_NEGATIVE/FARM/10x10x5;farm;10x10x5;Q4_LAYERS_BOUNDARY_FIXED_NEGATIVE;ThisWork;heap;grass_side;0,135364;0,043006;0,015931
Q4_LAYERS_BOUNDARY_FIXED_NEGATIVE/FARM/10x10x5;farm;10x10x5;Q4_LAYERS_BOUNDARY_FIXED_NEGATIVE;ThisWork;heap;sand;0,042301;0,006125;0,000571
Q4_LAYERS_BOUNDARY_FIXED_NEGATIVE/FARM/10x10x5;farm;10x10x5;Q4_LAYERS_BOUNDARY_FIXED_NEGATIVE;ThisWork;heap;cliff_corner;0,006768;0,001739;0,008298
Q4_LAYERS_BOUNDARY_FIXED_NEGATIVE/FARM/10x10x5;farm;10x10x5;Q4_LAYERS_BOUNDARY_FIXED_NEGATIVE;ThisWork;heap;cliff;0,006768;0,001384;0,008298
Q4_LAYERS_BOUNDARY_FIXED_NEGATIVE/FARM/10x10x5;farm;10x10x5;Q4_LAYERS_BOUNDARY_FIXED_NEGATIVE;ThisWork;heap;cliff_corner_top;0,006768;0,004162;0,008298
Q4_LAYERS_BOUNDARY_FIXED_NEGATIVE/FARM/10x10x5;farm;10x10x5;Q4_LAYERS_BOUNDARY_FIXED_NEGATIVE;ThisWork;heap;cliff_border;0,006768;0,00334;0,008298
Q4_LAYERS_BOUNDARY_FIXED_NEGATIVE/FARM/10x10x5;farm;10x10x5;Q4_LAYERS_BOUNDARY_FIXED_NEGATIVE;ThisWork;heap;hayBale;0,01692;0,023601;0,016226
Q4_LAYERS_BOUNDARY_FIXED_NEGATIVE/FARM/10x10x5;farm;10x10x5;Q4_LAYERS_BOUNDARY_FIXED_NEGATIVE;ThisWork;heap;siloBase;0,033841;0,026297;0,03255
Q4_LAYERS_BOUNDARY_FIXED_NEGATIVE/FARM/10x10x5;farm;10x10x5;Q4_LAYERS_BOUNDARY_FIXED_NEGATIVE;ThisWork;heap;siloMiddle;0,006768;0,008206;0,024772
Q4_LAYERS_BOUNDARY_FIXED_NEGATIVE/FARM/10x10x5;farm;10x10x5;Q4_LAYERS_BOUNDARY_FIXED_NEGATIVE;ThisWork;heap;siloTop;0,006768;0,020388;0,03255
Q4_LAYERS_BOUNDARY_FIXED_NEGATIVE/FARM/10x10x5;farm;10x10x5;Q4_LAYERS_BOUNDARY_FIXED_NEGATIVE;ThisWork;heap;wallDoor;0,006768;0,00215;0,001399
Q4_LAYERS_BOUNDARY_FIXED_NEGATIVE/FARM/10x10x5;farm;10x10x5;Q4_LAYERS_BOUNDARY_FIXED_NEGATIVE;ThisWork;heap;fence;0,135364;0,316671;0,365692
Q4_LAYERS_BOUNDARY_FIXED_NEGATIVE/FARM/10x10x5;farm;10x10x5;Q4_LAYERS_BOUNDARY_FIXED_NEGATIVE;ThisWork;heap;fenceCorner;0,033841;0,138112;0,094377
Q4_LAYERS_BOUNDARY_FIXED_NEGATIVE/FARM/10x10x5;farm;10x10x5;Q4_LAYERS_BOUNDARY_FIXED_NEGATIVE;DeBroglie;matched;wall;0,033841;0,010751;0,002968
Q4_LAYERS_BOUNDARY_FIXED_NEGATIVE/FARM/10x10x5;farm;10x10x5;Q4_LAYERS_BOUNDARY_FIXED_NEGATIVE;DeBroglie;matched;wall_outerCorner;0,006768;0,003931;0,032866
Q4_LAYERS_BOUNDARY_FIXED_NEGATIVE/FARM/10x10x5;farm;10x10x5;Q4_LAYERS_BOUNDARY_FIXED_NEGATIVE;DeBroglie;matched;wall_window;0,033841;0,010751;0,003237
Q4_LAYERS_BOUNDARY_FIXED_NEGATIVE/FARM/10x10x5;farm;10x10x5;Q4_LAYERS_BOUNDARY_FIXED_NEGATIVE;DeBroglie;matched;grass;0,169205;0,236006;0,225703
Q4_LAYERS_BOUNDARY_FIXED_NEGATIVE/FARM/10x10x5;farm;10x10x5;Q4_LAYERS_BOUNDARY_FIXED_NEGATIVE;DeBroglie;matched;roofSide;0,006768;0,005182;0
Q4_LAYERS_BOUNDARY_FIXED_NEGATIVE/FARM/10x10x5;farm;10x10x5;Q4_LAYERS_BOUNDARY_FIXED_NEGATIVE;DeBroglie;matched;roofSide_OuterCorner;0,006768;0,009625;0,016433
Q4_LAYERS_BOUNDARY_FIXED_NEGATIVE/FARM/10x10x5;farm;10x10x5;Q4_LAYERS_BOUNDARY_FIXED_NEGATIVE;DeBroglie;matched;roofSide_OuterCorner_F;0,006768;0,009625;0,016433
Q4_LAYERS_BOUNDARY_FIXED_NEGATIVE/FARM/10x10x5;farm;10x10x5;Q4_LAYERS_BOUNDARY_FIXED_NEGATIVE;DeBroglie;matched;roofTop_ext;0,006768;0,008289;0,007589
Q4_LAYERS_BOUNDARY_FIXED_NEGATIVE/FARM/10x10x5;farm;10x10x5;Q4_LAYERS_BOUNDARY_FIXED_NEGATIVE;DeBroglie;matched;roofTop_int;0,006768;0,00509;0
Q4_LAYERS_BOUNDARY_FIXED_NEGATIVE/FARM/10x10x5;farm;10x10x5;Q4_LAYERS_BOUNDARY_FIXED_NEGATIVE;DeBroglie;matched;WallRoof;0,006768;0,004647;0,007589
Q4_LAYERS_BOUNDARY_FIXED_NEGATIVE/FARM/10x10x5;farm;10x10x5;Q4_LAYERS_BOUNDARY_FIXED_NEGATIVE;DeBroglie;matched;grass_innerCorner;0,135364;0,078625;0,050997
Q4_LAYERS_BOUNDARY_FIXED_NEGATIVE/FARM/10x10x5;farm;10x10x5;Q4_LAYERS_BOUNDARY_FIXED_NEGATIVE;DeBroglie;matched;grass_outerCorner;0,135364;0,022296;0,002719
Q4_LAYERS_BOUNDARY_FIXED_NEGATIVE/FARM/10x10x5;farm;10x10x5;Q4_LAYERS_BOUNDARY_FIXED_NEGATIVE;DeBroglie;matched;grass_side;0,135364;0,043006;0,016117
Q4_LAYERS_BOUNDARY_FIXED_NEGATIVE/FARM/10x10x5;farm;10x10x5;Q4_LAYERS_BOUNDARY_FIXED_NEGATIVE;DeBroglie;matched;sand;0,042301;0,006125;0,000571
Q4_LAYERS_BOUNDARY_FIXED_NEGATIVE/FARM/10x10x5;farm;10x10x5;Q4_LAYERS_BOUNDARY_FIXED_NEGATIVE;DeBroglie;matched;cliff_corner;0,006768;0,001739;0,003367
Q4_LAYERS_BOUNDARY_FIXED_NEGATIVE/FARM/10x10x5;farm;10x10x5;Q4_LAYERS_BOUNDARY_FIXED_NEGATIVE;DeBroglie;matched;cliff;0,006768;0,001384;0,003367
Q4_LAYERS_BOUNDARY_FIXED_NEGATIVE/FARM/10x10x5;farm;10x10x5;Q4_LAYERS_BOUNDARY_FIXED_NEGATIVE;DeBroglie;matched;cliff_corner_top;0,006768;0,004162;0,003367
Q4_LAYERS_BOUNDARY_FIXED_NEGATIVE/FARM/10x10x5;farm;10x10x5;Q4_LAYERS_BOUNDARY_FIXED_NEGATIVE;DeBroglie;matched;cliff_border;0,006768;0,00334;0,003367
Q4_LAYERS_BOUNDARY_FIXED_NEGATIVE/FARM/10x10x5;farm;10x10x5;Q4_LAYERS_BOUNDARY_FIXED_NEGATIVE;DeBroglie;matched;hayBale;0,01692;0,023601;0,020588
Q4_LAYERS_BOUNDARY_FIXED_NEGATIVE/FARM/10x10x5;farm;10x10x5;Q4_LAYERS_BOUNDARY_FIXED_NEGATIVE;DeBroglie;matched;siloBase;0,033841;0,026297;0,031847
Q4_LAYERS_BOUNDARY_FIXED_NEGATIVE/FARM/10x10x5;farm;10x10x5;Q4_LAYERS_BOUNDARY_FIXED_NEGATIVE;DeBroglie;matched;siloMiddle;0,006768;0,008206;0,019516
Q4_LAYERS_BOUNDARY_FIXED_NEGATIVE/FARM/10x10x5;farm;10x10x5;Q4_LAYERS_BOUNDARY_FIXED_NEGATIVE;DeBroglie;matched;siloTop;0,006768;0,020388;0,031847
Q4_LAYERS_BOUNDARY_FIXED_NEGATIVE/FARM/10x10x5;farm;10x10x5;Q4_LAYERS_BOUNDARY_FIXED_NEGATIVE;DeBroglie;matched;wallDoor;0,006768;0,00215;0,001384
Q4_LAYERS_BOUNDARY_FIXED_NEGATIVE/FARM/10x10x5;farm;10x10x5;Q4_LAYERS_BOUNDARY_FIXED_NEGATIVE;DeBroglie;matched;fence;0,135364;0,316671;0,38067
Q4_LAYERS_BOUNDARY_FIXED_NEGATIVE/FARM/10x10x5;farm;10x10x5;Q4_LAYERS_BOUNDARY_FIXED_NEGATIVE;DeBroglie;matched;fenceCorner;0,033841;0,138112;0,11746
Q0_BASELINE/FARM/20x20x5;farm;20x20x5;Q0_BASELINE;ThisWork;heap;wall;0,033841;0,033841;0,009285
Q0_BASELINE/FARM/20x20x5;farm;20x20x5;Q0_BASELINE;ThisWork;heap;wall_outerCorner;0,006768;0,006768;0,064961
Q0_BASELINE/FARM/20x20x5;farm;20x20x5;Q0_BASELINE;ThisWork;heap;wall_window;0,033841;0,033841;0,009317
Q0_BASELINE/FARM/20x20x5;farm;20x20x5;Q0_BASELINE;ThisWork;heap;grass;0,169205;0,169205;0,2207
Q0_BASELINE/FARM/20x20x5;farm;20x20x5;Q0_BASELINE;ThisWork;heap;roofSide;0,006768;0,006768;0,002371
Q0_BASELINE/FARM/20x20x5;farm;20x20x5;Q0_BASELINE;ThisWork;heap;roofSide_OuterCorner;0,006768;0,006768;0,032411
Q0_BASELINE/FARM/20x20x5;farm;20x20x5;Q0_BASELINE;ThisWork;heap;roofSide_OuterCorner_F;0,006768;0,006768;0,032479
Q0_BASELINE/FARM/20x20x5;farm;20x20x5;Q0_BASELINE;ThisWork;heap;roofTop_ext;0,006768;0,006768;0,017898
Q0_BASELINE/FARM/20x20x5;farm;20x20x5;Q0_BASELINE;ThisWork;heap;roofTop_int;0,006768;0,006768;0,00071
Q0_BASELINE/FARM/20x20x5;farm;20x20x5;Q0_BASELINE;ThisWork;heap;WallRoof;0,006768;0,006768;0,017968
Q0_BASELINE/FARM/20x20x5;farm;20x20x5;Q0_BASELINE;ThisWork;heap;grass_innerCorner;0,135364;0,135364;0,087679
Q0_BASELINE/FARM/20x20x5;farm;20x20x5;Q0_BASELINE;ThisWork;heap;grass_outerCorner;0,135364;0,135364;0,018054
Q0_BASELINE/FARM/20x20x5;farm;20x20x5;Q0_BASELINE;ThisWork;heap;grass_side;0,135364;0,135364;0,040113
Q0_BASELINE/FARM/20x20x5;farm;20x20x5;Q0_BASELINE;ThisWork;heap;sand;0,042301;0,042301;0,004882
Q0_BASELINE/FARM/20x20x5;farm;20x20x5;Q0_BASELINE;ThisWork;heap;cliff_corner;0,006768;0,006768;0,024003
Q0_BASELINE/FARM/20x20x5;farm;20x20x5;Q0_BASELINE;ThisWork;heap;cliff;0,006768;0,006768;0,060699
Q0_BASELINE/FARM/20x20x5;farm;20x20x5;Q0_BASELINE;ThisWork;heap;cliff_corner_top;0,006768;0,006768;0,023936
Q0_BASELINE/FARM/20x20x5;farm;20x20x5;Q0_BASELINE;ThisWork;heap;cliff_border;0,006768;0,006768;0,060632
Q0_BASELINE/FARM/20x20x5;farm;20x20x5;Q0_BASELINE;ThisWork;heap;hayBale;0,01692;0,01692;0,022124
Q0_BASELINE/FARM/20x20x5;farm;20x20x5;Q0_BASELINE;ThisWork;heap;siloBase;0,033841;0,033841;0,075704
Q0_BASELINE/FARM/20x20x5;farm;20x20x5;Q0_BASELINE;ThisWork;heap;siloMiddle;0,006768;0,006768;0,107193
Q0_BASELINE/FARM/20x20x5;farm;20x20x5;Q0_BASELINE;ThisWork;heap;siloTop;0,006768;0,006768;0,051181
Q0_BASELINE/FARM/20x20x5;farm;20x20x5;Q0_BASELINE;ThisWork;heap;wallDoor;0,006768;0,006768;0,001808
Q0_BASELINE/FARM/20x20x5;farm;20x20x5;Q0_BASELINE;ThisWork;heap;fence;0,135364;0,135364;0,011118
Q0_BASELINE/FARM/20x20x5;farm;20x20x5;Q0_BASELINE;ThisWork;heap;fenceCorner;0,033841;0,033841;0,002773
Q0_BASELINE/FARM/20x20x5;farm;20x20x5;Q0_BASELINE;DeBroglie;matched;wall;0,033841;0,033841;0,009724
Q0_BASELINE/FARM/20x20x5;farm;20x20x5;Q0_BASELINE;DeBroglie;matched;wall_outerCorner;0,006768;0,006768;0,068861
Q0_BASELINE/FARM/20x20x5;farm;20x20x5;Q0_BASELINE;DeBroglie;matched;wall_window;0,033841;0,033841;0,010134
Q0_BASELINE/FARM/20x20x5;farm;20x20x5;Q0_BASELINE;DeBroglie;matched;grass;0,169205;0,169205;0,211739
Q0_BASELINE/FARM/20x20x5;farm;20x20x5;Q0_BASELINE;DeBroglie;matched;roofSide;0,006768;0,006768;0,004105
Q0_BASELINE/FARM/20x20x5;farm;20x20x5;Q0_BASELINE;DeBroglie;matched;roofSide_OuterCorner;0,006768;0,006768;0,034385
Q0_BASELINE/FARM/20x20x5;farm;20x20x5;Q0_BASELINE;DeBroglie;matched;roofSide_OuterCorner_F;0,006768;0,006768;0,034335
Q0_BASELINE/FARM/20x20x5;farm;20x20x5;Q0_BASELINE;DeBroglie;matched;roofTop_ext;0,006768;0,006768;0,017739
Q0_BASELINE/FARM/20x20x5;farm;20x20x5;Q0_BASELINE;DeBroglie;matched;roofTop_int;0,006768;0,006768;0,001266
Q0_BASELINE/FARM/20x20x5;farm;20x20x5;Q0_BASELINE;DeBroglie;matched;WallRoof;0,006768;0,006768;0,017814
Q0_BASELINE/FARM/20x20x5;farm;20x20x5;Q0_BASELINE;DeBroglie;matched;grass_innerCorner;0,135364;0,135364;0,082702
Q0_BASELINE/FARM/20x20x5;farm;20x20x5;Q0_BASELINE;DeBroglie;matched;grass_outerCorner;0,135364;0,135364;0,019008
Q0_BASELINE/FARM/20x20x5;farm;20x20x5;Q0_BASELINE;DeBroglie;matched;grass_side;0,135364;0,135364;0,040942
Q0_BASELINE/FARM/20x20x5;farm;20x20x5;Q0_BASELINE;DeBroglie;matched;sand;0,042301;0,042301;0,005476
Q0_BASELINE/FARM/20x20x5;farm;20x20x5;Q0_BASELINE;DeBroglie;matched;cliff_corner;0,006768;0,006768;0,025343
Q0_BASELINE/FARM/20x20x5;farm;20x20x5;Q0_BASELINE;DeBroglie;matched;cliff;0,006768;0,006768;0,053384
Q0_BASELINE/FARM/20x20x5;farm;20x20x5;Q0_BASELINE;DeBroglie;matched;cliff_corner_top;0,006768;0,006768;0,025343
Q0_BASELINE/FARM/20x20x5;farm;20x20x5;Q0_BASELINE;DeBroglie;matched;cliff_border;0,006768;0,006768;0,053384
Q0_BASELINE/FARM/20x20x5;farm;20x20x5;Q0_BASELINE;DeBroglie;matched;hayBale;0,01692;0,01692;0,021286
Q0_BASELINE/FARM/20x20x5;farm;20x20x5;Q0_BASELINE;DeBroglie;matched;siloBase;0,033841;0,033841;0,075673
Q0_BASELINE/FARM/20x20x5;farm;20x20x5;Q0_BASELINE;DeBroglie;matched;siloMiddle;0,006768;0,006768;0,1114
Q0_BASELINE/FARM/20x20x5;farm;20x20x5;Q0_BASELINE;DeBroglie;matched;siloTop;0,006768;0,006768;0,052781
Q0_BASELINE/FARM/20x20x5;farm;20x20x5;Q0_BASELINE;DeBroglie;matched;wallDoor;0,006768;0,006768;0,002131
Q0_BASELINE/FARM/20x20x5;farm;20x20x5;Q0_BASELINE;DeBroglie;matched;fence;0,135364;0,135364;0,018411
Q0_BASELINE/FARM/20x20x5;farm;20x20x5;Q0_BASELINE;DeBroglie;matched;fenceCorner;0,033841;0,033841;0,002632
Q1_LAYERS/FARM/20x20x5;farm;20x20x5;Q1_LAYERS;ThisWork;heap;wall;0,033841;0,024049;0,007085
Q1_LAYERS/FARM/20x20x5;farm;20x20x5;Q1_LAYERS;ThisWork;heap;wall_outerCorner;0,006768;0,00481;0,066505
Q1_LAYERS/FARM/20x20x5;farm;20x20x5;Q1_LAYERS;ThisWork;heap;wall_window;0,033841;0,024049;0,006631
Q1_LAYERS/FARM/20x20x5;farm;20x20x5;Q1_LAYERS;ThisWork;heap;grass;0,169205;0,182407;0,266236
Q1_LAYERS/FARM/20x20x5;farm;20x20x5;Q1_LAYERS;ThisWork;heap;roofSide;0,006768;0,004671;0,003216
Q1_LAYERS/FARM/20x20x5;farm;20x20x5;Q1_LAYERS;ThisWork;heap;roofSide_OuterCorner;0,006768;0,004671;0,033189
Q1_LAYERS/FARM/20x20x5;farm;20x20x5;Q1_LAYERS;ThisWork;heap;roofSide_OuterCorner_F;0,006768;0,004671;0,033315
Q1_LAYERS/FARM/20x20x5;farm;20x20x5;Q1_LAYERS;ThisWork;heap;roofTop_ext;0,006768;0,002486;0,011703
Q1_LAYERS/FARM/20x20x5;farm;20x20x5;Q1_LAYERS;ThisWork;heap;roofTop_int;0,006768;0,007296;0,000623
Q1_LAYERS/FARM/20x20x5;farm;20x20x5;Q1_LAYERS;ThisWork;heap;WallRoof;0,006768;0,002185;0,011703
Q1_LAYERS/FARM/20x20x5;farm;20x20x5;Q1_LAYERS;ThisWork;heap;grass_innerCorner;0,135364;0,145925;0,118192
Q1_LAYERS/FARM/20x20x5;farm;20x20x5;Q1_LAYERS;ThisWork;heap;grass_outerCorner;0,135364;0,145925;0,032258
Q1_LAYERS/FARM/20x20x5;farm;20x20x5;Q1_LAYERS;ThisWork;heap;grass_side;0,135364;0,145925;0,06679
Q1_LAYERS/FARM/20x20x5;farm;20x20x5;Q1_LAYERS;ThisWork;heap;sand;0,042301;0,045602;0,009072
Q1_LAYERS/FARM/20x20x5;farm;20x20x5;Q1_LAYERS;ThisWork;heap;cliff_corner;0,006768;0,00481;0,030505
Q1_LAYERS/FARM/20x20x5;farm;20x20x5;Q1_LAYERS;ThisWork;heap;cliff;0,006768;0,00481;0,051348
Q1_LAYERS/FARM/20x20x5;farm;20x20x5;Q1_LAYERS;ThisWork;heap;cliff_corner_top;0,006768;0,004671;0,030505
Q1_LAYERS/FARM/20x20x5;farm;20x20x5;Q1_LAYERS;ThisWork;heap;cliff_border;0,006768;0,004671;0,051348
Q1_LAYERS/FARM/20x20x5;farm;20x20x5;Q1_LAYERS;ThisWork;heap;hayBale;0,01692;0,018241;0,024918
Q1_LAYERS/FARM/20x20x5;farm;20x20x5;Q1_LAYERS;ThisWork;heap;siloBase;0,033841;0,024049;0,035927
Q1_LAYERS/FARM/20x20x5;farm;20x20x5;Q1_LAYERS;ThisWork;heap;siloMiddle;0,006768;0,002185;0,012244
Q1_LAYERS/FARM/20x20x5;farm;20x20x5;Q1_LAYERS;ThisWork;heap;siloTop;0,006768;0,004671;0,035927
Q1_LAYERS/FARM/20x20x5;farm;20x20x5;Q1_LAYERS;ThisWork;heap;wallDoor;0,006768;0,00481;0,001203
Q1_LAYERS/FARM/20x20x5;farm;20x20x5;Q1_LAYERS;ThisWork;heap;fence;0,135364;0,145925;0,047491
Q1_LAYERS/FARM/20x20x5;farm;20x20x5;Q1_LAYERS;ThisWork;heap;fenceCorner;0,033841;0,036481;0,012065
Q1_LAYERS/FARM/20x20x5;farm;20x20x5;Q1_LAYERS;DeBroglie;matched;wall;0,033841;0,024049;0,006899
Q1_LAYERS/FARM/20x20x5;farm;20x20x5;Q1_LAYERS;DeBroglie;matched;wall_outerCorner;0,006768;0,00481;0,067118
Q1_LAYERS/FARM/20x20x5;farm;20x20x5;Q1_LAYERS;DeBroglie;matched;wall_window;0,033841;0,024049;0,006571
Q1_LAYERS/FARM/20x20x5;farm;20x20x5;Q1_LAYERS;DeBroglie;matched;grass;0,169205;0,182407;0,262469
Q1_LAYERS/FARM/20x20x5;farm;20x20x5;Q1_LAYERS;DeBroglie;matched;roofSide;0,006768;0,004671;0,003915
Q1_LAYERS/FARM/20x20x5;farm;20x20x5;Q1_LAYERS;DeBroglie;matched;roofSide_OuterCorner;0,006768;0,004671;0,033562
Q1_LAYERS/FARM/20x20x5;farm;20x20x5;Q1_LAYERS;DeBroglie;matched;roofSide_OuterCorner_F;0,006768;0,004671;0,033556
Q1_LAYERS/FARM/20x20x5;farm;20x20x5;Q1_LAYERS;DeBroglie;matched;roofTop_ext;0,006768;0,002486;0,011046
Q1_LAYERS/FARM/20x20x5;farm;20x20x5;Q1_LAYERS;DeBroglie;matched;roofTop_int;0,006768;0,007296;0,00029
Q1_LAYERS/FARM/20x20x5;farm;20x20x5;Q1_LAYERS;DeBroglie;matched;WallRoof;0,006768;0,002185;0,011046
Q1_LAYERS/FARM/20x20x5;farm;20x20x5;Q1_LAYERS;DeBroglie;matched;grass_innerCorner;0,135364;0,145925;0,113282
Q1_LAYERS/FARM/20x20x5;farm;20x20x5;Q1_LAYERS;DeBroglie;matched;grass_outerCorner;0,135364;0,145925;0,026887
Q1_LAYERS/FARM/20x20x5;farm;20x20x5;Q1_LAYERS;DeBroglie;matched;grass_side;0,135364;0,145925;0,060131
Q1_LAYERS/FARM/20x20x5;farm;20x20x5;Q1_LAYERS;DeBroglie;matched;sand;0,042301;0,045602;0,007351
Q1_LAYERS/FARM/20x20x5;farm;20x20x5;Q1_LAYERS;DeBroglie;matched;cliff_corner;0,006768;0,00481;0,030085
Q1_LAYERS/FARM/20x20x5;farm;20x20x5;Q1_LAYERS;DeBroglie;matched;cliff;0,006768;0,00481;0,0605
Q1_LAYERS/FARM/20x20x5;farm;20x20x5;Q1_LAYERS;DeBroglie;matched;cliff_corner_top;0,006768;0,004671;0,030085
Q1_LAYERS/FARM/20x20x5;farm;20x20x5;Q1_LAYERS;DeBroglie;matched;cliff_border;0,006768;0,004671;0,0605
Q1_LAYERS/FARM/20x20x5;farm;20x20x5;Q1_LAYERS;DeBroglie;matched;hayBale;0,01692;0,018241;0,026216
Q1_LAYERS/FARM/20x20x5;farm;20x20x5;Q1_LAYERS;DeBroglie;matched;siloBase;0,033841;0,024049;0,032539
Q1_LAYERS/FARM/20x20x5;farm;20x20x5;Q1_LAYERS;DeBroglie;matched;siloMiddle;0,006768;0,002185;0,012757
Q1_LAYERS/FARM/20x20x5;farm;20x20x5;Q1_LAYERS;DeBroglie;matched;siloTop;0,006768;0,004671;0,032539
Q1_LAYERS/FARM/20x20x5;farm;20x20x5;Q1_LAYERS;DeBroglie;matched;wallDoor;0,006768;0,00481;0,001491
Q1_LAYERS/FARM/20x20x5;farm;20x20x5;Q1_LAYERS;DeBroglie;matched;fence;0,135364;0,145925;0,053939
Q1_LAYERS/FARM/20x20x5;farm;20x20x5;Q1_LAYERS;DeBroglie;matched;fenceCorner;0,033841;0,036481;0,015227
Q2_LAYERS_BOUNDARY/FARM/20x20x5;farm;20x20x5;Q2_LAYERS_BOUNDARY;ThisWork;heap;wall;0,033841;0,022571;0,009171
Q2_LAYERS_BOUNDARY/FARM/20x20x5;farm;20x20x5;Q2_LAYERS_BOUNDARY;ThisWork;heap;wall_outerCorner;0,006768;0,005155;0,073291
Q2_LAYERS_BOUNDARY/FARM/20x20x5;farm;20x20x5;Q2_LAYERS_BOUNDARY;ThisWork;heap;wall_window;0,033841;0,022571;0,009981
Q2_LAYERS_BOUNDARY/FARM/20x20x5;farm;20x20x5;Q2_LAYERS_BOUNDARY;ThisWork;heap;grass;0,169205;0,221024;0,251677
Q2_LAYERS_BOUNDARY/FARM/20x20x5;farm;20x20x5;Q2_LAYERS_BOUNDARY;ThisWork;heap;roofSide;0,006768;0,006798;0,000883
Q2_LAYERS_BOUNDARY/FARM/20x20x5;farm;20x20x5;Q2_LAYERS_BOUNDARY;ThisWork;heap;roofSide_OuterCorner;0,006768;0,008685;0,036646
Q2_LAYERS_BOUNDARY/FARM/20x20x5;farm;20x20x5;Q2_LAYERS_BOUNDARY;ThisWork;heap;roofSide_OuterCorner_F;0,006768;0,008685;0,036646
Q2_LAYERS_BOUNDARY/FARM/20x20x5;farm;20x20x5;Q2_LAYERS_BOUNDARY;ThisWork;heap;roofTop_ext;0,006768;0,006794;0,01984
Q2_LAYERS_BOUNDARY/FARM/20x20x5;farm;20x20x5;Q2_LAYERS_BOUNDARY;ThisWork;heap;roofTop_int;0,006768;0,005707;0,00035
Q2_LAYERS_BOUNDARY/FARM/20x20x5;farm;20x20x5;Q2_LAYERS_BOUNDARY;ThisWork;heap;WallRoof;0,006768;0,003682;0,01984
Q2_LAYERS_BOUNDARY/FARM/20x20x5;farm;20x20x5;Q2_LAYERS_BOUNDARY;ThisWork;heap;grass_innerCorner;0,135364;0,139241;0,098859
Q2_LAYERS_BOUNDARY/FARM/20x20x5;farm;20x20x5;Q2_LAYERS_BOUNDARY;ThisWork;heap;grass_outerCorner;0,135364;0,105116;0,015827
Q2_LAYERS_BOUNDARY/FARM/20x20x5;farm;20x20x5;Q2_LAYERS_BOUNDARY;ThisWork;heap;grass_side;0,135364;0,121315;0,048974
Q2_LAYERS_BOUNDARY/FARM/20x20x5;farm;20x20x5;Q2_LAYERS_BOUNDARY;ThisWork;heap;sand;0,042301;0,032849;0,004192
Q2_LAYERS_BOUNDARY/FARM/20x20x5;farm;20x20x5;Q2_LAYERS_BOUNDARY;ThisWork;heap;cliff_corner;0,006768;0,005155;0,018534
Q2_LAYERS_BOUNDARY/FARM/20x20x5;farm;20x20x5;Q2_LAYERS_BOUNDARY;ThisWork;heap;cliff;0,006768;0,004514;0,00219
Q2_LAYERS_BOUNDARY/FARM/20x20x5;farm;20x20x5;Q2_LAYERS_BOUNDARY;ThisWork;heap;cliff_corner_top;0,006768;0,008685;0,018534
Q2_LAYERS_BOUNDARY/FARM/20x20x5;farm;20x20x5;Q2_LAYERS_BOUNDARY;ThisWork;heap;cliff_border;0,006768;0,006798;0,00219
Q2_LAYERS_BOUNDARY/FARM/20x20x5;farm;20x20x5;Q2_LAYERS_BOUNDARY;ThisWork;heap;hayBale;0,01692;0,022102;0,024401
Q2_LAYERS_BOUNDARY/FARM/20x20x5;farm;20x20x5;Q2_LAYERS_BOUNDARY;ThisWork;heap;siloBase;0,033841;0,028566;0,040045
Q2_LAYERS_BOUNDARY/FARM/20x20x5;farm;20x20x5;Q2_LAYERS_BOUNDARY;ThisWork;heap;siloMiddle;0,006768;0,004727;0,022295
Q2_LAYERS_BOUNDARY/FARM/20x20x5;farm;20x20x5;Q2_LAYERS_BOUNDARY;ThisWork;heap;siloTop;0,006768;0,012688;0,040045
Q2_LAYERS_BOUNDARY/FARM/20x20x5;farm;20x20x5;Q2_LAYERS_BOUNDARY;ThisWork;heap;wallDoor;0,006768;0,004514;0,00157
Q2_LAYERS_BOUNDARY/FARM/20x20x5;farm;20x20x5;Q2_LAYERS_BOUNDARY;ThisWork;heap;fence;0,135364;0,137961;0,180895
Q2_LAYERS_BOUNDARY/FARM/20x20x5;farm;20x20x5;Q2_LAYERS_BOUNDARY;ThisWork;heap;fenceCorner;0,033841;0,054095;0,023126
Q2_LAYERS_BOUNDARY/FARM/20x20x5;farm;20x20x5;Q2_LAYERS_BOUNDARY;DeBroglie;matched;wall;0,033841;0,022571;0,00845
Q2_LAYERS_BOUNDARY/FARM/20x20x5;farm;20x20x5;Q2_LAYERS_BOUNDARY;DeBroglie;matched;wall_outerCorner;0,006768;0,005155;0,072452
Q2_LAYERS_BOUNDARY/FARM/20x20x5;farm;20x20x5;Q2_LAYERS_BOUNDARY;DeBroglie;matched;wall_window;0,033841;0,022571;0,009527
Q2_LAYERS_BOUNDARY/FARM/20x20x5;farm;20x20x5;Q2_LAYERS_BOUNDARY;DeBroglie;matched;grass;0,169205;0,221024;0,242297
Q2_LAYERS_BOUNDARY/FARM/20x20x5;farm;20x20x5;Q2_LAYERS_BOUNDARY;DeBroglie;matched;roofSide;0,006768;0,006798;0,000981
Q2_LAYERS_BOUNDARY/FARM/20x20x5;farm;20x20x5;Q2_LAYERS_BOUNDARY;DeBroglie;matched;roofSide_OuterCorner;0,006768;0,008685;0,036226
Q2_LAYERS_BOUNDARY/FARM/20x20x5;farm;20x20x5;Q2_LAYERS_BOUNDARY;DeBroglie;matched;roofSide_OuterCorner_F;0,006768;0,008685;0,036226
Q2_LAYERS_BOUNDARY/FARM/20x20x5;farm;20x20x5;Q2_LAYERS_BOUNDARY;DeBroglie;matched;roofTop_ext;0,006768;0,006794;0,018719
Q2_LAYERS_BOUNDARY/FARM/20x20x5;farm;20x20x5;Q2_LAYERS_BOUNDARY;DeBroglie;matched;roofTop_int;0,006768;0,005707;0,000391
Q2_LAYERS_BOUNDARY/FARM/20x20x5;farm;20x20x5;Q2_LAYERS_BOUNDARY;DeBroglie;matched;WallRoof;0,006768;0,003682;0,018719
Q2_LAYERS_BOUNDARY/FARM/20x20x5;farm;20x20x5;Q2_LAYERS_BOUNDARY;DeBroglie;matched;grass_innerCorner;0,135364;0,139241;0,104033
Q2_LAYERS_BOUNDARY/FARM/20x20x5;farm;20x20x5;Q2_LAYERS_BOUNDARY;DeBroglie;matched;grass_outerCorner;0,135364;0,105116;0,021458
Q2_LAYERS_BOUNDARY/FARM/20x20x5;farm;20x20x5;Q2_LAYERS_BOUNDARY;DeBroglie;matched;grass_side;0,135364;0,121315;0,050494
Q2_LAYERS_BOUNDARY/FARM/20x20x5;farm;20x20x5;Q2_LAYERS_BOUNDARY;DeBroglie;matched;sand;0,042301;0,032849;0,006038
Q2_LAYERS_BOUNDARY/FARM/20x20x5;farm;20x20x5;Q2_LAYERS_BOUNDARY;DeBroglie;matched;cliff_corner;0,006768;0,005155;0,016561
Q2_LAYERS_BOUNDARY/FARM/20x20x5;farm;20x20x5;Q2_LAYERS_BOUNDARY;DeBroglie;matched;cliff;0,006768;0,004514;0,000864
Q2_LAYERS_BOUNDARY/FARM/20x20x5;farm;20x20x5;Q2_LAYERS_BOUNDARY;DeBroglie;matched;cliff_corner_top;0,006768;0,008685;0,016561
Q2_LAYERS_BOUNDARY/FARM/20x20x5;farm;20x20x5;Q2_LAYERS_BOUNDARY;DeBroglie;matched;cliff_border;0,006768;0,006798;0,000864
Q2_LAYERS_BOUNDARY/FARM/20x20x5;farm;20x20x5;Q2_LAYERS_BOUNDARY;DeBroglie;matched;hayBale;0,01692;0,022102;0,024475
Q2_LAYERS_BOUNDARY/FARM/20x20x5;farm;20x20x5;Q2_LAYERS_BOUNDARY;DeBroglie;matched;siloBase;0,033841;0,028566;0,039286
Q2_LAYERS_BOUNDARY/FARM/20x20x5;farm;20x20x5;Q2_LAYERS_BOUNDARY;DeBroglie;matched;siloMiddle;0,006768;0,004727;0,021579
Q2_LAYERS_BOUNDARY/FARM/20x20x5;farm;20x20x5;Q2_LAYERS_BOUNDARY;DeBroglie;matched;siloTop;0,006768;0,012688;0,039286
Q2_LAYERS_BOUNDARY/FARM/20x20x5;farm;20x20x5;Q2_LAYERS_BOUNDARY;DeBroglie;matched;wallDoor;0,006768;0,004514;0,001722
Q2_LAYERS_BOUNDARY/FARM/20x20x5;farm;20x20x5;Q2_LAYERS_BOUNDARY;DeBroglie;matched;fence;0,135364;0,137961;0,187628
Q2_LAYERS_BOUNDARY/FARM/20x20x5;farm;20x20x5;Q2_LAYERS_BOUNDARY;DeBroglie;matched;fenceCorner;0,033841;0,054095;0,025164
Q3_LAYERS_BOUNDARY_FIXED/FARM/20x20x5;farm;20x20x5;Q3_LAYERS_BOUNDARY_FIXED;ThisWork;heap;wall;0,033841;0,022277;0,008515
Q3_LAYERS_BOUNDARY_FIXED/FARM/20x20x5;farm;20x20x5;Q3_LAYERS_BOUNDARY_FIXED;ThisWork;heap;wall_outerCorner;0,006768;0,005286;0,069076
Q3_LAYERS_BOUNDARY_FIXED/FARM/20x20x5;farm;20x20x5;Q3_LAYERS_BOUNDARY_FIXED;ThisWork;heap;wall_window;0,033841;0,022277;0,00903
Q3_LAYERS_BOUNDARY_FIXED/FARM/20x20x5;farm;20x20x5;Q3_LAYERS_BOUNDARY_FIXED;ThisWork;heap;grass;0,169205;0,231191;0,265956
Q3_LAYERS_BOUNDARY_FIXED/FARM/20x20x5;farm;20x20x5;Q3_LAYERS_BOUNDARY_FIXED;ThisWork;heap;roofSide;0,006768;0,007367;0,00197
Q3_LAYERS_BOUNDARY_FIXED/FARM/20x20x5;farm;20x20x5;Q3_LAYERS_BOUNDARY_FIXED;ThisWork;heap;roofSide_OuterCorner;0,006768;0,009778;0,034538
Q3_LAYERS_BOUNDARY_FIXED/FARM/20x20x5;farm;20x20x5;Q3_LAYERS_BOUNDARY_FIXED;ThisWork;heap;roofSide_OuterCorner_F;0,006768;0,009778;0,034538
Q3_LAYERS_BOUNDARY_FIXED/FARM/20x20x5;farm;20x20x5;Q3_LAYERS_BOUNDARY_FIXED;ThisWork;heap;roofTop_ext;0,006768;0,00813;0,017364
Q3_LAYERS_BOUNDARY_FIXED/FARM/20x20x5;farm;20x20x5;Q3_LAYERS_BOUNDARY_FIXED;ThisWork;heap;roofTop_int;0,006768;0,006655;0,00069
Q3_LAYERS_BOUNDARY_FIXED/FARM/20x20x5;farm;20x20x5;Q3_LAYERS_BOUNDARY_FIXED;ThisWork;heap;WallRoof;0,006768;0,004128;0,017364
Q3_LAYERS_BOUNDARY_FIXED/FARM/20x20x5;farm;20x20x5;Q3_LAYERS_BOUNDARY_FIXED;ThisWork;heap;grass_innerCorner;0,135364;0,135423;0,097234
Q3_LAYERS_BOUNDARY_FIXED/FARM/20x20x5;farm;20x20x5;Q3_LAYERS_BOUNDARY_FIXED;ThisWork;heap;grass_outerCorner;0,135364;0,092827;0,016439
Q3_LAYERS_BOUNDARY_FIXED/FARM/20x20x5;farm;20x20x5;Q3_LAYERS_BOUNDARY_FIXED;ThisWork;heap;grass_side;0,135364;0,112675;0,046229
Q3_LAYERS_BOUNDARY_FIXED/FARM/20x20x5;farm;20x20x5;Q3_LAYERS_BOUNDARY_FIXED;ThisWork;heap;sand;0,042301;0,028608;0,005373
Q3_LAYERS_BOUNDARY_FIXED/FARM/20x20x5;farm;20x20x5;Q3_LAYERS_BOUNDARY_FIXED;ThisWork;heap;cliff_corner;0,006768;0,005286;0,017974
Q3_LAYERS_BOUNDARY_FIXED/FARM/20x20x5;farm;20x20x5;Q3_LAYERS_BOUNDARY_FIXED;ThisWork;heap;cliff;0,006768;0,004455;0,001474
Q3_LAYERS_BOUNDARY_FIXED/FARM/20x20x5;farm;20x20x5;Q3_LAYERS_BOUNDARY_FIXED;ThisWork;heap;cliff_corner_top;0,006768;0,009778;0,017974
Q3_LAYERS_BOUNDARY_FIXED/FARM/20x20x5;farm;20x20x5;Q3_LAYERS_BOUNDARY_FIXED;ThisWork;heap;cliff_border;0,006768;0,007367;0,001474
Q3_LAYERS_BOUNDARY_FIXED/FARM/20x20x5;farm;20x20x5;Q3_LAYERS_BOUNDARY_FIXED;ThisWork;heap;hayBale;0,01692;0,023119;0,026722
Q3_LAYERS_BOUNDARY_FIXED/FARM/20x20x5;farm;20x20x5;Q3_LAYERS_BOUNDARY_FIXED;ThisWork;heap;siloBase;0,033841;0,030155;0,043998
Q3_LAYERS_BOUNDARY_FIXED/FARM/20x20x5;farm;20x20x5;Q3_LAYERS_BOUNDARY_FIXED;ThisWork;heap;siloMiddle;0,006768;0,005443;0,02398
Q3_LAYERS_BOUNDARY_FIXED/FARM/20x20x5;farm;20x20x5;Q3_LAYERS_BOUNDARY_FIXED;ThisWork;heap;siloTop;0,006768;0,015046;0,043998
Q3_LAYERS_BOUNDARY_FIXED/FARM/20x20x5;farm;20x20x5;Q3_LAYERS_BOUNDARY_FIXED;ThisWork;heap;wallDoor;0,006768;0,004455;0,001789
Q3_LAYERS_BOUNDARY_FIXED/FARM/20x20x5;farm;20x20x5;Q3_LAYERS_BOUNDARY_FIXED;ThisWork;heap;fence;0,135364;0,143369;0,177802
Q3_LAYERS_BOUNDARY_FIXED/FARM/20x20x5;farm;20x20x5;Q3_LAYERS_BOUNDARY_FIXED;ThisWork;heap;fenceCorner;0,033841;0,055125;0,018499
Q3_LAYERS_BOUNDARY_FIXED/FARM/20x20x5;farm;20x20x5;Q3_LAYERS_BOUNDARY_FIXED;DeBroglie;matched;wall;0,033841;0,022274;0,008471
Q3_LAYERS_BOUNDARY_FIXED/FARM/20x20x5;farm;20x20x5;Q3_LAYERS_BOUNDARY_FIXED;DeBroglie;matched;wall_outerCorner;0,006768;0,00528;0,068767
Q3_LAYERS_BOUNDARY_FIXED/FARM/20x20x5;farm;20x20x5;Q3_LAYERS_BOUNDARY_FIXED;DeBroglie;matched;wall_window;0,033841;0,022274;0,008845
Q3_LAYERS_BOUNDARY_FIXED/FARM/20x20x5;farm;20x20x5;Q3_LAYERS_BOUNDARY_FIXED;DeBroglie;matched;grass;0,169205;0,230998;0,254298
Q3_LAYERS_BOUNDARY_FIXED/FARM/20x20x5;farm;20x20x5;Q3_LAYERS_BOUNDARY_FIXED;DeBroglie;matched;roofSide;0,006768;0,007344;0,00092
Q3_LAYERS_BOUNDARY_FIXED/FARM/20x20x5;farm;20x20x5;Q3_LAYERS_BOUNDARY_FIXED;DeBroglie;matched;roofSide_OuterCorner;0,006768;0,00974;0,034384
Q3_LAYERS_BOUNDARY_FIXED/FARM/20x20x5;farm;20x20x5;Q3_LAYERS_BOUNDARY_FIXED;DeBroglie;matched;roofSide_OuterCorner_F;0,006768;0,00974;0,034384
Q3_LAYERS_BOUNDARY_FIXED/FARM/20x20x5;farm;20x20x5;Q3_LAYERS_BOUNDARY_FIXED;DeBroglie;matched;roofTop_ext;0,006768;0,008083;0,018268
Q3_LAYERS_BOUNDARY_FIXED/FARM/20x20x5;farm;20x20x5;Q3_LAYERS_BOUNDARY_FIXED;DeBroglie;matched;roofTop_int;0,006768;0,006618;0,000458
Q3_LAYERS_BOUNDARY_FIXED/FARM/20x20x5;farm;20x20x5;Q3_LAYERS_BOUNDARY_FIXED;DeBroglie;matched;WallRoof;0,006768;0,004114;0,018268
Q3_LAYERS_BOUNDARY_FIXED/FARM/20x20x5;farm;20x20x5;Q3_LAYERS_BOUNDARY_FIXED;DeBroglie;matched;grass_innerCorner;0,135364;0,135487;0,104237
Q3_LAYERS_BOUNDARY_FIXED/FARM/20x20x5;farm;20x20x5;Q3_LAYERS_BOUNDARY_FIXED;DeBroglie;matched;grass_outerCorner;0,135364;0,093227;0,020793
Q3_LAYERS_BOUNDARY_FIXED/FARM/20x20x5;farm;20x20x5;Q3_LAYERS_BOUNDARY_FIXED;DeBroglie;matched;grass_side;0,135364;0,112901;0,051203
Q3_LAYERS_BOUNDARY_FIXED/FARM/20x20x5;farm;20x20x5;Q3_LAYERS_BOUNDARY_FIXED;DeBroglie;matched;sand;0,042301;0,028739;0,005917
Q3_LAYERS_BOUNDARY_FIXED/FARM/20x20x5;farm;20x20x5;Q3_LAYERS_BOUNDARY_FIXED;DeBroglie;matched;cliff_corner;0,006768;0,00528;0,016493
Q3_LAYERS_BOUNDARY_FIXED/FARM/20x20x5;farm;20x20x5;Q3_LAYERS_BOUNDARY_FIXED;DeBroglie;matched;cliff;0,006768;0,004455;0,000697
Q3_LAYERS_BOUNDARY_FIXED/FARM/20x20x5;farm;20x20x5;Q3_LAYERS_BOUNDARY_FIXED;DeBroglie;matched;cliff_corner_top;0,006768;0,00974;0,016493
Q3_LAYERS_BOUNDARY_FIXED/FARM/20x20x5;farm;20x20x5;Q3_LAYERS_BOUNDARY_FIXED;DeBroglie;matched;cliff_border;0,006768;0,007344;0,000697
Q3_LAYERS_BOUNDARY_FIXED/FARM/20x20x5;farm;20x20x5;Q3_LAYERS_BOUNDARY_FIXED;DeBroglie;matched;hayBale;0,01692;0,0231;0,024531
Q3_LAYERS_BOUNDARY_FIXED/FARM/20x20x5;farm;20x20x5;Q3_LAYERS_BOUNDARY_FIXED;DeBroglie;matched;siloBase;0,033841;0,030097;0,039535
Q3_LAYERS_BOUNDARY_FIXED/FARM/20x20x5;farm;20x20x5;Q3_LAYERS_BOUNDARY_FIXED;DeBroglie;matched;siloMiddle;0,006768;0,005423;0,020335
Q3_LAYERS_BOUNDARY_FIXED/FARM/20x20x5;farm;20x20x5;Q3_LAYERS_BOUNDARY_FIXED;DeBroglie;matched;siloTop;0,006768;0,014972;0,039535
Q3_LAYERS_BOUNDARY_FIXED/FARM/20x20x5;farm;20x20x5;Q3_LAYERS_BOUNDARY_FIXED;DeBroglie;matched;wallDoor;0,006768;0,004455;0,001873
Q3_LAYERS_BOUNDARY_FIXED/FARM/20x20x5;farm;20x20x5;Q3_LAYERS_BOUNDARY_FIXED;DeBroglie;matched;fence;0,135364;0,143299;0,186161
Q3_LAYERS_BOUNDARY_FIXED/FARM/20x20x5;farm;20x20x5;Q3_LAYERS_BOUNDARY_FIXED;DeBroglie;matched;fenceCorner;0,033841;0,055014;0,024436
Q4_LAYERS_BOUNDARY_FIXED_NEGATIVE/FARM/20x20x5;farm;20x20x5;Q4_LAYERS_BOUNDARY_FIXED_NEGATIVE;ThisWork;heap;wall;0,033841;0,022359;0,008633
Q4_LAYERS_BOUNDARY_FIXED_NEGATIVE/FARM/20x20x5;farm;20x20x5;Q4_LAYERS_BOUNDARY_FIXED_NEGATIVE;ThisWork;heap;wall_outerCorner;0,006768;0,005303;0,062258
Q4_LAYERS_BOUNDARY_FIXED_NEGATIVE/FARM/20x20x5;farm;20x20x5;Q4_LAYERS_BOUNDARY_FIXED_NEGATIVE;ThisWork;heap;wall_window;0,033841;0,022359;0,008222
Q4_LAYERS_BOUNDARY_FIXED_NEGATIVE/FARM/20x20x5;farm;20x20x5;Q4_LAYERS_BOUNDARY_FIXED_NEGATIVE;ThisWork;heap;grass;0,169205;0,2323;0,259134
Q4_LAYERS_BOUNDARY_FIXED_NEGATIVE/FARM/20x20x5;farm;20x20x5;Q4_LAYERS_BOUNDARY_FIXED_NEGATIVE;ThisWork;heap;roofSide;0,006768;0,007397;0,001298
Q4_LAYERS_BOUNDARY_FIXED_NEGATIVE/FARM/20x20x5;farm;20x20x5;Q4_LAYERS_BOUNDARY_FIXED_NEGATIVE;ThisWork;heap;roofSide_OuterCorner;0,006768;0,009804;0,031129
Q4_LAYERS_BOUNDARY_FIXED_NEGATIVE/FARM/20x20x5;farm;20x20x5;Q4_LAYERS_BOUNDARY_FIXED_NEGATIVE;ThisWork;heap;roofSide_OuterCorner_F;0,006768;0,009804;0,031129
Q4_LAYERS_BOUNDARY_FIXED_NEGATIVE/FARM/20x20x5;farm;20x20x5;Q4_LAYERS_BOUNDARY_FIXED_NEGATIVE;ThisWork;heap;roofTop_ext;0,006768;0,008126;0,017404
Q4_LAYERS_BOUNDARY_FIXED_NEGATIVE/FARM/20x20x5;farm;20x20x5;Q4_LAYERS_BOUNDARY_FIXED_NEGATIVE;ThisWork;heap;roofTop_int;0,006768;0,006658;0,000392
Q4_LAYERS_BOUNDARY_FIXED_NEGATIVE/FARM/20x20x5;farm;20x20x5;Q4_LAYERS_BOUNDARY_FIXED_NEGATIVE;ThisWork;heap;WallRoof;0,006768;0,004143;0,017404
Q4_LAYERS_BOUNDARY_FIXED_NEGATIVE/FARM/20x20x5;farm;20x20x5;Q4_LAYERS_BOUNDARY_FIXED_NEGATIVE;ThisWork;heap;grass_innerCorner;0,135364;0,136088;0,101527
Q4_LAYERS_BOUNDARY_FIXED_NEGATIVE/FARM/20x20x5;farm;20x20x5;Q4_LAYERS_BOUNDARY_FIXED_NEGATIVE;ThisWork;heap;grass_outerCorner;0,135364;0,093505;0,021522
Q4_LAYERS_BOUNDARY_FIXED_NEGATIVE/FARM/20x20x5;farm;20x20x5;Q4_LAYERS_BOUNDARY_FIXED_NEGATIVE;ThisWork;heap;grass_side;0,135364;0,113321;0,049368
Q4_LAYERS_BOUNDARY_FIXED_NEGATIVE/FARM/20x20x5;farm;20x20x5;Q4_LAYERS_BOUNDARY_FIXED_NEGATIVE;ThisWork;heap;sand;0,042301;0,028824;0,005905
Q4_LAYERS_BOUNDARY_FIXED_NEGATIVE/FARM/20x20x5;farm;20x20x5;Q4_LAYERS_BOUNDARY_FIXED_NEGATIVE;ThisWork;heap;cliff_corner;0,006768;0,004368;0,011031
Q4_LAYERS_BOUNDARY_FIXED_NEGATIVE/FARM/20x20x5;farm;20x20x5;Q4_LAYERS_BOUNDARY_FIXED_NEGATIVE;ThisWork;heap;cliff;0,006768;0,004096;0,013563
Q4_LAYERS_BOUNDARY_FIXED_NEGATIVE/FARM/20x20x5;farm;20x20x5;Q4_LAYERS_BOUNDARY_FIXED_NEGATIVE;ThisWork;heap;cliff_corner_top;0,006768;0,007762;0,011031
Q4_LAYERS_BOUNDARY_FIXED_NEGATIVE/FARM/20x20x5;farm;20x20x5;Q4_LAYERS_BOUNDARY_FIXED_NEGATIVE;ThisWork;heap;cliff_border;0,006768;0,006614;0,013563
Q4_LAYERS_BOUNDARY_FIXED_NEGATIVE/FARM/20x20x5;farm;20x20x5;Q4_LAYERS_BOUNDARY_FIXED_NEGATIVE;ThisWork;heap;hayBale;0,01692;0,02323;0,023889
Q4_LAYERS_BOUNDARY_FIXED_NEGATIVE/FARM/20x20x5;farm;20x20x5;Q4_LAYERS_BOUNDARY_FIXED_NEGATIVE;ThisWork;heap;siloBase;0,033841;0,030256;0,040038
Q4_LAYERS_BOUNDARY_FIXED_NEGATIVE/FARM/20x20x5;farm;20x20x5;Q4_LAYERS_BOUNDARY_FIXED_NEGATIVE;ThisWork;heap;siloMiddle;0,006768;0,005458;0,023202
Q4_LAYERS_BOUNDARY_FIXED_NEGATIVE/FARM/20x20x5;farm;20x20x5;Q4_LAYERS_BOUNDARY_FIXED_NEGATIVE;ThisWork;heap;siloTop;0,006768;0,015052;0,040038
Q4_LAYERS_BOUNDARY_FIXED_NEGATIVE/FARM/20x20x5;farm;20x20x5;Q4_LAYERS_BOUNDARY_FIXED_NEGATIVE;ThisWork;heap;wallDoor;0,006768;0,004472;0,001846
Q4_LAYERS_BOUNDARY_FIXED_NEGATIVE/FARM/20x20x5;farm;20x20x5;Q4_LAYERS_BOUNDARY_FIXED_NEGATIVE;ThisWork;heap;fence;0,135364;0,143591;0,183616
Q4_LAYERS_BOUNDARY_FIXED_NEGATIVE/FARM/20x20x5;farm;20x20x5;Q4_LAYERS_BOUNDARY_FIXED_NEGATIVE;ThisWork;heap;fenceCorner;0,033841;0,055112;0,022855
Q4_LAYERS_BOUNDARY_FIXED_NEGATIVE/FARM/20x20x5;farm;20x20x5;Q4_LAYERS_BOUNDARY_FIXED_NEGATIVE;DeBroglie;matched;wall;0,033841;0,022356;0,008638
Q4_LAYERS_BOUNDARY_FIXED_NEGATIVE/FARM/20x20x5;farm;20x20x5;Q4_LAYERS_BOUNDARY_FIXED_NEGATIVE;DeBroglie;matched;wall_outerCorner;0,006768;0,005302;0,061309
Q4_LAYERS_BOUNDARY_FIXED_NEGATIVE/FARM/20x20x5;farm;20x20x5;Q4_LAYERS_BOUNDARY_FIXED_NEGATIVE;DeBroglie;matched;wall_window;0,033841;0,022356;0,008216
Q4_LAYERS_BOUNDARY_FIXED_NEGATIVE/FARM/20x20x5;farm;20x20x5;Q4_LAYERS_BOUNDARY_FIXED_NEGATIVE;DeBroglie;matched;grass;0,169205;0,232436;0,247623
Q4_LAYERS_BOUNDARY_FIXED_NEGATIVE/FARM/20x20x5;farm;20x20x5;Q4_LAYERS_BOUNDARY_FIXED_NEGATIVE;DeBroglie;matched;roofSide;0,006768;0,007403;0,001024
Q4_LAYERS_BOUNDARY_FIXED_NEGATIVE/FARM/20x20x5;farm;20x20x5;Q4_LAYERS_BOUNDARY_FIXED_NEGATIVE;DeBroglie;matched;roofSide_OuterCorner;0,006768;0,009812;0,030655
Q4_LAYERS_BOUNDARY_FIXED_NEGATIVE/FARM/20x20x5;farm;20x20x5;Q4_LAYERS_BOUNDARY_FIXED_NEGATIVE;DeBroglie;matched;roofSide_OuterCorner_F;0,006768;0,009812;0,030655
Q4_LAYERS_BOUNDARY_FIXED_NEGATIVE/FARM/20x20x5;farm;20x20x5;Q4_LAYERS_BOUNDARY_FIXED_NEGATIVE;DeBroglie;matched;roofTop_ext;0,006768;0,008139;0,017409
Q4_LAYERS_BOUNDARY_FIXED_NEGATIVE/FARM/20x20x5;farm;20x20x5;Q4_LAYERS_BOUNDARY_FIXED_NEGATIVE;DeBroglie;matched;roofTop_int;0,006768;0,006667;0,000364
Q4_LAYERS_BOUNDARY_FIXED_NEGATIVE/FARM/20x20x5;farm;20x20x5;Q4_LAYERS_BOUNDARY_FIXED_NEGATIVE;DeBroglie;matched;WallRoof;0,006768;0,004148;0,017409
Q4_LAYERS_BOUNDARY_FIXED_NEGATIVE/FARM/20x20x5;farm;20x20x5;Q4_LAYERS_BOUNDARY_FIXED_NEGATIVE;DeBroglie;matched;grass_innerCorner;0,135364;0,136072;0,107846
Q4_LAYERS_BOUNDARY_FIXED_NEGATIVE/FARM/20x20x5;farm;20x20x5;Q4_LAYERS_BOUNDARY_FIXED_NEGATIVE;DeBroglie;matched;grass_outerCorner;0,135364;0,093329;0,021264
Q4_LAYERS_BOUNDARY_FIXED_NEGATIVE/FARM/20x20x5;farm;20x20x5;Q4_LAYERS_BOUNDARY_FIXED_NEGATIVE;DeBroglie;matched;grass_side;0,135364;0,113213;0,050615
Q4_LAYERS_BOUNDARY_FIXED_NEGATIVE/FARM/20x20x5;farm;20x20x5;Q4_LAYERS_BOUNDARY_FIXED_NEGATIVE;DeBroglie;matched;sand;0,042301;0,028768;0,004863
Q4_LAYERS_BOUNDARY_FIXED_NEGATIVE/FARM/20x20x5;farm;20x20x5;Q4_LAYERS_BOUNDARY_FIXED_NEGATIVE;DeBroglie;matched;cliff_corner;0,006768;0,00437;0,011279
Q4_LAYERS_BOUNDARY_FIXED_NEGATIVE/FARM/20x20x5;farm;20x20x5;Q4_LAYERS_BOUNDARY_FIXED_NEGATIVE;DeBroglie;matched;cliff;0,006768;0,004097;0,013544
Q4_LAYERS_BOUNDARY_FIXED_NEGATIVE/FARM/20x20x5;farm;20x20x5;Q4_LAYERS_BOUNDARY_FIXED_NEGATIVE;DeBroglie;matched;cliff_corner_top;0,006768;0,00778;0,011279
Q4_LAYERS_BOUNDARY_FIXED_NEGATIVE/FARM/20x20x5;farm;20x20x5;Q4_LAYERS_BOUNDARY_FIXED_NEGATIVE;DeBroglie;matched;cliff_border;0,006768;0,006627;0,013544
Q4_LAYERS_BOUNDARY_FIXED_NEGATIVE/FARM/20x20x5;farm;20x20x5;Q4_LAYERS_BOUNDARY_FIXED_NEGATIVE;DeBroglie;matched;hayBale;0,01692;0,023244;0,026055
Q4_LAYERS_BOUNDARY_FIXED_NEGATIVE/FARM/20x20x5;farm;20x20x5;Q4_LAYERS_BOUNDARY_FIXED_NEGATIVE;DeBroglie;matched;siloBase;0,033841;0,030274;0,036442
Q4_LAYERS_BOUNDARY_FIXED_NEGATIVE/FARM/20x20x5;farm;20x20x5;Q4_LAYERS_BOUNDARY_FIXED_NEGATIVE;DeBroglie;matched;siloMiddle;0,006768;0,005465;0,019351
Q4_LAYERS_BOUNDARY_FIXED_NEGATIVE/FARM/20x20x5;farm;20x20x5;Q4_LAYERS_BOUNDARY_FIXED_NEGATIVE;DeBroglie;matched;siloTop;0,006768;0,015074;0,036442
Q4_LAYERS_BOUNDARY_FIXED_NEGATIVE/FARM/20x20x5;farm;20x20x5;Q4_LAYERS_BOUNDARY_FIXED_NEGATIVE;DeBroglie;matched;wallDoor;0,006768;0,004471;0,001578
Q4_LAYERS_BOUNDARY_FIXED_NEGATIVE/FARM/20x20x5;farm;20x20x5;Q4_LAYERS_BOUNDARY_FIXED_NEGATIVE;DeBroglie;matched;fence;0,135364;0,143625;0,194522
Q4_LAYERS_BOUNDARY_FIXED_NEGATIVE/FARM/20x20x5;farm;20x20x5;Q4_LAYERS_BOUNDARY_FIXED_NEGATIVE;DeBroglie;matched;fenceCorner;0,033841;0,055161;0,028075
Q0_BASELINE/FARM/30x30x5;farm;30x30x5;Q0_BASELINE;ThisWork;heap;wall;0,033841;0,033841;0,010199
Q0_BASELINE/FARM/30x30x5;farm;30x30x5;Q0_BASELINE;ThisWork;heap;wall_outerCorner;0,006768;0,006768;0,069964
Q0_BASELINE/FARM/30x30x5;farm;30x30x5;Q0_BASELINE;ThisWork;heap;wall_window;0,033841;0,033841;0,009634
Q0_BASELINE/FARM/30x30x5;farm;30x30x5;Q0_BASELINE;ThisWork;heap;grass;0,169205;0,169205;0,223187
Q0_BASELINE/FARM/30x30x5;farm;30x30x5;Q0_BASELINE;ThisWork;heap;roofSide;0,006768;0,006768;0,002263
Q0_BASELINE/FARM/30x30x5;farm;30x30x5;Q0_BASELINE;ThisWork;heap;roofSide_OuterCorner;0,006768;0,006768;0,03491
Q0_BASELINE/FARM/30x30x5;farm;30x30x5;Q0_BASELINE;ThisWork;heap;roofSide_OuterCorner_F;0,006768;0,006768;0,034935
Q0_BASELINE/FARM/30x30x5;farm;30x30x5;Q0_BASELINE;ThisWork;heap;roofTop_ext;0,006768;0,006768;0,019299
Q0_BASELINE/FARM/30x30x5;farm;30x30x5;Q0_BASELINE;ThisWork;heap;roofTop_int;0,006768;0,006768;0,000558
Q0_BASELINE/FARM/30x30x5;farm;30x30x5;Q0_BASELINE;ThisWork;heap;WallRoof;0,006768;0,006768;0,019363
Q0_BASELINE/FARM/30x30x5;farm;30x30x5;Q0_BASELINE;ThisWork;heap;grass_innerCorner;0,135364;0,135364;0,088613
Q0_BASELINE/FARM/30x30x5;farm;30x30x5;Q0_BASELINE;ThisWork;heap;grass_outerCorner;0,135364;0,135364;0,019957
Q0_BASELINE/FARM/30x30x5;farm;30x30x5;Q0_BASELINE;ThisWork;heap;grass_side;0,135364;0,135364;0,046022
Q0_BASELINE/FARM/30x30x5;farm;30x30x5;Q0_BASELINE;ThisWork;heap;sand;0,042301;0,042301;0,005694
Q0_BASELINE/FARM/30x30x5;farm;30x30x5;Q0_BASELINE;ThisWork;heap;cliff_corner;0,006768;0,006768;0,026357
Q0_BASELINE/FARM/30x30x5;farm;30x30x5;Q0_BASELINE;ThisWork;heap;cliff;0,006768;0,006768;0,051693
Q0_BASELINE/FARM/30x30x5;farm;30x30x5;Q0_BASELINE;ThisWork;heap;cliff_corner_top;0,006768;0,006768;0,026357
Q0_BASELINE/FARM/30x30x5;farm;30x30x5;Q0_BASELINE;ThisWork;heap;cliff_border;0,006768;0,006768;0,051693
Q0_BASELINE/FARM/30x30x5;farm;30x30x5;Q0_BASELINE;ThisWork;heap;hayBale;0,01692;0,01692;0,022529
Q0_BASELINE/FARM/30x30x5;farm;30x30x5;Q0_BASELINE;ThisWork;heap;siloBase;0,033841;0,033841;0,071495
Q0_BASELINE/FARM/30x30x5;farm;30x30x5;Q0_BASELINE;ThisWork;heap;siloMiddle;0,006768;0,006768;0,106951
Q0_BASELINE/FARM/30x30x5;farm;30x30x5;Q0_BASELINE;ThisWork;heap;siloTop;0,006768;0,006768;0,048943
Q0_BASELINE/FARM/30x30x5;farm;30x30x5;Q0_BASELINE;ThisWork;heap;wallDoor;0,006768;0,006768;0,001852
Q0_BASELINE/FARM/30x30x5;farm;30x30x5;Q0_BASELINE;ThisWork;heap;fence;0,135364;0,135364;0,00665
Q0_BASELINE/FARM/30x30x5;farm;30x30x5;Q0_BASELINE;ThisWork;heap;fenceCorner;0,033841;0,033841;0,000881
Q0_BASELINE/FARM/30x30x5;farm;30x30x5;Q0_BASELINE;DeBroglie;matched;wall;0,033841;0,033841;0,009601
Q0_BASELINE/FARM/30x30x5;farm;30x30x5;Q0_BASELINE;DeBroglie;matched;wall_outerCorner;0,006768;0,006768;0,06998
Q0_BASELINE/FARM/30x30x5;farm;30x30x5;Q0_BASELINE;DeBroglie;matched;wall_window;0,033841;0,033841;0,009343
Q0_BASELINE/FARM/30x30x5;farm;30x30x5;Q0_BASELINE;DeBroglie;matched;grass;0,169205;0,169205;0,224804
Q0_BASELINE/FARM/30x30x5;farm;30x30x5;Q0_BASELINE;DeBroglie;matched;roofSide;0,006768;0,006768;0,002473
Q0_BASELINE/FARM/30x30x5;farm;30x30x5;Q0_BASELINE;DeBroglie;matched;roofSide_OuterCorner;0,006768;0,006768;0,034993
Q0_BASELINE/FARM/30x30x5;farm;30x30x5;Q0_BASELINE;DeBroglie;matched;roofSide_OuterCorner_F;0,006768;0,006768;0,034987
Q0_BASELINE/FARM/30x30x5;farm;30x30x5;Q0_BASELINE;DeBroglie;matched;roofTop_ext;0,006768;0,006768;0,018332
Q0_BASELINE/FARM/30x30x5;farm;30x30x5;Q0_BASELINE;DeBroglie;matched;roofTop_int;0,006768;0,006768;0,000825
Q0_BASELINE/FARM/30x30x5;farm;30x30x5;Q0_BASELINE;DeBroglie;matched;WallRoof;0,006768;0,006768;0,018396
Q0_BASELINE/FARM/30x30x5;farm;30x30x5;Q0_BASELINE;DeBroglie;matched;grass_innerCorner;0,135364;0,135364;0,09999
Q0_BASELINE/FARM/30x30x5;farm;30x30x5;Q0_BASELINE;DeBroglie;matched;grass_outerCorner;0,135364;0,135364;0,023069
Q0_BASELINE/FARM/30x30x5;farm;30x30x5;Q0_BASELINE;DeBroglie;matched;grass_side;0,135364;0,135364;0,049721
Q0_BASELINE/FARM/30x30x5;farm;30x30x5;Q0_BASELINE;DeBroglie;matched;sand;0,042301;0,042301;0,005898
Q0_BASELINE/FARM/30x30x5;farm;30x30x5;Q0_BASELINE;DeBroglie;matched;cliff_corner;0,006768;0,006768;0,023823
Q0_BASELINE/FARM/30x30x5;farm;30x30x5;Q0_BASELINE;DeBroglie;matched;cliff;0,006768;0,006768;0,036268
Q0_BASELINE/FARM/30x30x5;farm;30x30x5;Q0_BASELINE;DeBroglie;matched;cliff_corner_top;0,006768;0,006768;0,023823
Q0_BASELINE/FARM/30x30x5;farm;30x30x5;Q0_BASELINE;DeBroglie;matched;cliff_border;0,006768;0,006768;0,036268
Q0_BASELINE/FARM/30x30x5;farm;30x30x5;Q0_BASELINE;DeBroglie;matched;hayBale;0,01692;0,01692;0,021774
Q0_BASELINE/FARM/30x30x5;farm;30x30x5;Q0_BASELINE;DeBroglie;matched;siloBase;0,033841;0,033841;0,079437
Q0_BASELINE/FARM/30x30x5;farm;30x30x5;Q0_BASELINE;DeBroglie;matched;siloMiddle;0,006768;0,006768;0,112032
Q0_BASELINE/FARM/30x30x5;farm;30x30x5;Q0_BASELINE;DeBroglie;matched;siloTop;0,006768;0,006768;0,053173
Q0_BASELINE/FARM/30x30x5;farm;30x30x5;Q0_BASELINE;DeBroglie;matched;wallDoor;0,006768;0,006768;0,001925
Q0_BASELINE/FARM/30x30x5;farm;30x30x5;Q0_BASELINE;DeBroglie;matched;fence;0,135364;0,135364;0,007998
Q0_BASELINE/FARM/30x30x5;farm;30x30x5;Q0_BASELINE;DeBroglie;matched;fenceCorner;0,033841;0,033841;0,001065
Q1_LAYERS/FARM/30x30x5;farm;30x30x5;Q1_LAYERS;ThisWork;heap;wall;0,033841;0,024049;0,008095
Q1_LAYERS/FARM/30x30x5;farm;30x30x5;Q1_LAYERS;ThisWork;heap;wall_outerCorner;0,006768;0,00481;0,076657
Q1_LAYERS/FARM/30x30x5;farm;30x30x5;Q1_LAYERS;ThisWork;heap;wall_window;0,033841;0,024049;0,008265
Q1_LAYERS/FARM/30x30x5;farm;30x30x5;Q1_LAYERS;ThisWork;heap;grass;0,169205;0,182407;0,254001
Q1_LAYERS/FARM/30x30x5;farm;30x30x5;Q1_LAYERS;ThisWork;heap;roofSide;0,006768;0,004671;0,002709
Q1_LAYERS/FARM/30x30x5;farm;30x30x5;Q1_LAYERS;ThisWork;heap;roofSide_OuterCorner;0,006768;0,004671;0,03832
Q1_LAYERS/FARM/30x30x5;farm;30x30x5;Q1_LAYERS;ThisWork;heap;roofSide_OuterCorner_F;0,006768;0,004671;0,038337
Q1_LAYERS/FARM/30x30x5;farm;30x30x5;Q1_LAYERS;ThisWork;heap;roofTop_ext;0,006768;0,002486;0,015288
Q1_LAYERS/FARM/30x30x5;farm;30x30x5;Q1_LAYERS;ThisWork;heap;roofTop_int;0,006768;0,007296;0,000484
Q1_LAYERS/FARM/30x30x5;farm;30x30x5;Q1_LAYERS;ThisWork;heap;WallRoof;0,006768;0,002185;0,015288
Q1_LAYERS/FARM/30x30x5;farm;30x30x5;Q1_LAYERS;ThisWork;heap;grass_innerCorner;0,135364;0,145925;0,123532
Q1_LAYERS/FARM/30x30x5;farm;30x30x5;Q1_LAYERS;ThisWork;heap;grass_outerCorner;0,135364;0,145925;0,032534
Q1_LAYERS/FARM/30x30x5;farm;30x30x5;Q1_LAYERS;ThisWork;heap;grass_side;0,135364;0,145925;0,067098
Q1_LAYERS/FARM/30x30x5;farm;30x30x5;Q1_LAYERS;ThisWork;heap;sand;0,042301;0,045602;0,009562
Q1_LAYERS/FARM/30x30x5;farm;30x30x5;Q1_LAYERS;ThisWork;heap;cliff_corner;0,006768;0,00481;0,026094
Q1_LAYERS/FARM/30x30x5;farm;30x30x5;Q1_LAYERS;ThisWork;heap;cliff;0,006768;0,00481;0,036644
Q1_LAYERS/FARM/30x30x5;farm;30x30x5;Q1_LAYERS;ThisWork;heap;cliff_corner_top;0,006768;0,004671;0,026094
Q1_LAYERS/FARM/30x30x5;farm;30x30x5;Q1_LAYERS;ThisWork;heap;cliff_border;0,006768;0,004671;0,036644
Q1_LAYERS/FARM/30x30x5;farm;30x30x5;Q1_LAYERS;ThisWork;heap;hayBale;0,01692;0,018241;0,024961
Q1_LAYERS/FARM/30x30x5;farm;30x30x5;Q1_LAYERS;ThisWork;heap;siloBase;0,033841;0,024049;0,036533
Q1_LAYERS/FARM/30x30x5;farm;30x30x5;Q1_LAYERS;ThisWork;heap;siloMiddle;0,006768;0,002185;0,017176
Q1_LAYERS/FARM/30x30x5;farm;30x30x5;Q1_LAYERS;ThisWork;heap;siloTop;0,006768;0,004671;0,036533
Q1_LAYERS/FARM/30x30x5;farm;30x30x5;Q1_LAYERS;ThisWork;heap;wallDoor;0,006768;0,00481;0,001637
Q1_LAYERS/FARM/30x30x5;farm;30x30x5;Q1_LAYERS;ThisWork;heap;fence;0,135364;0,145925;0,052004
Q1_LAYERS/FARM/30x30x5;farm;30x30x5;Q1_LAYERS;ThisWork;heap;fenceCorner;0,033841;0,036481;0,015507
Q1_LAYERS/FARM/30x30x5;farm;30x30x5;Q1_LAYERS;DeBroglie;matched;wall;0,033841;0,024049;0,007591
Q1_LAYERS/FARM/30x30x5;farm;30x30x5;Q1_LAYERS;DeBroglie;matched;wall_outerCorner;0,006768;0,00481;0,071746
Q1_LAYERS/FARM/30x30x5;farm;30x30x5;Q1_LAYERS;DeBroglie;matched;wall_window;0,033841;0,024049;0,008033
Q1_LAYERS/FARM/30x30x5;farm;30x30x5;Q1_LAYERS;DeBroglie;matched;grass;0,169205;0,182407;0,259935
Q1_LAYERS/FARM/30x30x5;farm;30x30x5;Q1_LAYERS;DeBroglie;matched;roofSide;0,006768;0,004671;0,002416
Q1_LAYERS/FARM/30x30x5;farm;30x30x5;Q1_LAYERS;DeBroglie;matched;roofSide_OuterCorner;0,006768;0,004671;0,035883
Q1_LAYERS/FARM/30x30x5;farm;30x30x5;Q1_LAYERS;DeBroglie;matched;roofSide_OuterCorner_F;0,006768;0,004671;0,035863
Q1_LAYERS/FARM/30x30x5;farm;30x30x5;Q1_LAYERS;DeBroglie;matched;roofTop_ext;0,006768;0,002486;0,014688
Q1_LAYERS/FARM/30x30x5;farm;30x30x5;Q1_LAYERS;DeBroglie;matched;roofTop_int;0,006768;0,007296;0,000649
Q1_LAYERS/FARM/30x30x5;farm;30x30x5;Q1_LAYERS;DeBroglie;matched;WallRoof;0,006768;0,002185;0,014688
Q1_LAYERS/FARM/30x30x5;farm;30x30x5;Q1_LAYERS;DeBroglie;matched;grass_innerCorner;0,135364;0,145925;0,117417
Q1_LAYERS/FARM/30x30x5;farm;30x30x5;Q1_LAYERS;DeBroglie;matched;grass_outerCorner;0,135364;0,145925;0,030528
Q1_LAYERS/FARM/30x30x5;farm;30x30x5;Q1_LAYERS;DeBroglie;matched;grass_side;0,135364;0,145925;0,066513
Q1_LAYERS/FARM/30x30x5;farm;30x30x5;Q1_LAYERS;DeBroglie;matched;sand;0,042301;0,045602;0,009635
Q1_LAYERS/FARM/30x30x5;farm;30x30x5;Q1_LAYERS;DeBroglie;matched;cliff_corner;0,006768;0,00481;0,027125
Q1_LAYERS/FARM/30x30x5;farm;30x30x5;Q1_LAYERS;DeBroglie;matched;cliff;0,006768;0,00481;0,039824
Q1_LAYERS/FARM/30x30x5;farm;30x30x5;Q1_LAYERS;DeBroglie;matched;cliff_corner_top;0,006768;0,004671;0,027125
Q1_LAYERS/FARM/30x30x5;farm;30x30x5;Q1_LAYERS;DeBroglie;matched;cliff_border;0,006768;0,004671;0,039824
Q1_LAYERS/FARM/30x30x5;farm;30x30x5;Q1_LAYERS;DeBroglie;matched;hayBale;0,01692;0,018241;0,026834
Q1_LAYERS/FARM/30x30x5;farm;30x30x5;Q1_LAYERS;DeBroglie;matched;siloBase;0,033841;0,024049;0,039845
Q1_LAYERS/FARM/30x30x5;farm;30x30x5;Q1_LAYERS;DeBroglie;matched;siloMiddle;0,006768;0,002185;0,016662
Q1_LAYERS/FARM/30x30x5;farm;30x30x5;Q1_LAYERS;DeBroglie;matched;siloTop;0,006768;0,004671;0,039845
Q1_LAYERS/FARM/30x30x5;farm;30x30x5;Q1_LAYERS;DeBroglie;matched;wallDoor;0,006768;0,00481;0,00148
Q1_LAYERS/FARM/30x30x5;farm;30x30x5;Q1_LAYERS;DeBroglie;matched;fence;0,135364;0,145925;0,050431
Q1_LAYERS/FARM/30x30x5;farm;30x30x5;Q1_LAYERS;DeBroglie;matched;fenceCorner;0,033841;0,036481;0,015421
Q2_LAYERS_BOUNDARY/FARM/30x30x5;farm;30x30x5;Q2_LAYERS_BOUNDARY;ThisWork;heap;wall;0,033841;0,024309;0,010035
Q2_LAYERS_BOUNDARY/FARM/30x30x5;farm;30x30x5;Q2_LAYERS_BOUNDARY;ThisWork;heap;wall_outerCorner;0,006768;0,005259;0,078143
Q2_LAYERS_BOUNDARY/FARM/30x30x5;farm;30x30x5;Q2_LAYERS_BOUNDARY;ThisWork;heap;wall_window;0,033841;0,024309;0,009794
Q2_LAYERS_BOUNDARY/FARM/30x30x5;farm;30x30x5;Q2_LAYERS_BOUNDARY;ThisWork;heap;grass;0,169205;0,218043;0,257032
Q2_LAYERS_BOUNDARY/FARM/30x30x5;farm;30x30x5;Q2_LAYERS_BOUNDARY;ThisWork;heap;roofSide;0,006768;0,006485;0,001285
Q2_LAYERS_BOUNDARY/FARM/30x30x5;farm;30x30x5;Q2_LAYERS_BOUNDARY;ThisWork;heap;roofSide_OuterCorner;0,006768;0,007665;0,039071
Q2_LAYERS_BOUNDARY/FARM/30x30x5;farm;30x30x5;Q2_LAYERS_BOUNDARY;ThisWork;heap;roofSide_OuterCorner_F;0,006768;0,007665;0,039071
Q2_LAYERS_BOUNDARY/FARM/30x30x5;farm;30x30x5;Q2_LAYERS_BOUNDARY;ThisWork;heap;roofTop_ext;0,006768;0,005503;0,020325
Q2_LAYERS_BOUNDARY/FARM/30x30x5;farm;30x30x5;Q2_LAYERS_BOUNDARY;ThisWork;heap;roofTop_int;0,006768;0,004821;0,000461
Q2_LAYERS_BOUNDARY/FARM/30x30x5;farm;30x30x5;Q2_LAYERS_BOUNDARY;ThisWork;heap;WallRoof;0,006768;0,00332;0,020325
Q2_LAYERS_BOUNDARY/FARM/30x30x5;farm;30x30x5;Q2_LAYERS_BOUNDARY;ThisWork;heap;grass_innerCorner;0,135364;0,150823;0,125944
Q2_LAYERS_BOUNDARY/FARM/30x30x5;farm;30x30x5;Q2_LAYERS_BOUNDARY;ThisWork;heap;grass_outerCorner;0,135364;0,128476;0,028527
Q2_LAYERS_BOUNDARY/FARM/30x30x5;farm;30x30x5;Q2_LAYERS_BOUNDARY;ThisWork;heap;grass_side;0,135364;0,139334;0,062475
Q2_LAYERS_BOUNDARY/FARM/30x30x5;farm;30x30x5;Q2_LAYERS_BOUNDARY;ThisWork;heap;sand;0,042301;0,040149;0,007313
Q2_LAYERS_BOUNDARY/FARM/30x30x5;farm;30x30x5;Q2_LAYERS_BOUNDARY;ThisWork;heap;cliff_corner;0,006768;0,005259;0,020465
Q2_LAYERS_BOUNDARY/FARM/30x30x5;farm;30x30x5;Q2_LAYERS_BOUNDARY;ThisWork;heap;cliff;0,006768;0,004862;0,00113
Q2_LAYERS_BOUNDARY/FARM/30x30x5;farm;30x30x5;Q2_LAYERS_BOUNDARY;ThisWork;heap;cliff_corner_top;0,006768;0,007665;0,020465
Q2_LAYERS_BOUNDARY/FARM/30x30x5;farm;30x30x5;Q2_LAYERS_BOUNDARY;ThisWork;heap;cliff_border;0,006768;0,006485;0,00113
Q2_LAYERS_BOUNDARY/FARM/30x30x5;farm;30x30x5;Q2_LAYERS_BOUNDARY;ThisWork;heap;hayBale;0,01692;0,021804;0,025087
Q2_LAYERS_BOUNDARY/FARM/30x30x5;farm;30x30x5;Q2_LAYERS_BOUNDARY;ThisWork;heap;siloBase;0,033841;0,028056;0,044136
Q2_LAYERS_BOUNDARY/FARM/30x30x5;farm;30x30x5;Q2_LAYERS_BOUNDARY;ThisWork;heap;siloMiddle;0,006768;0,003956;0,025235
Q2_LAYERS_BOUNDARY/FARM/30x30x5;farm;30x30x5;Q2_LAYERS_BOUNDARY;ThisWork;heap;siloTop;0,006768;0,010171;0,044136
Q2_LAYERS_BOUNDARY/FARM/30x30x5;farm;30x30x5;Q2_LAYERS_BOUNDARY;ThisWork;heap;wallDoor;0,006768;0,004862;0,001781
Q2_LAYERS_BOUNDARY/FARM/30x30x5;farm;30x30x5;Q2_LAYERS_BOUNDARY;ThisWork;heap;fence;0,135364;0,104043;0,110827
Q2_LAYERS_BOUNDARY/FARM/30x30x5;farm;30x30x5;Q2_LAYERS_BOUNDARY;ThisWork;heap;fenceCorner;0,033841;0,036677;0,00581
Q2_LAYERS_BOUNDARY/FARM/30x30x5;farm;30x30x5;Q2_LAYERS_BOUNDARY;DeBroglie;matched;wall;0,033841;0,024309;0,010108
Q2_LAYERS_BOUNDARY/FARM/30x30x5;farm;30x30x5;Q2_LAYERS_BOUNDARY;DeBroglie;matched;wall_outerCorner;0,006768;0,005259;0,080928
Q2_LAYERS_BOUNDARY/FARM/30x30x5;farm;30x30x5;Q2_LAYERS_BOUNDARY;DeBroglie;matched;wall_window;0,033841;0,024309;0,009859
Q2_LAYERS_BOUNDARY/FARM/30x30x5;farm;30x30x5;Q2_LAYERS_BOUNDARY;DeBroglie;matched;grass;0,169205;0,218043;0,25637
Q2_LAYERS_BOUNDARY/FARM/30x30x5;farm;30x30x5;Q2_LAYERS_BOUNDARY;DeBroglie;matched;roofSide;0,006768;0,006485;0,000789
Q2_LAYERS_BOUNDARY/FARM/30x30x5;farm;30x30x5;Q2_LAYERS_BOUNDARY;DeBroglie;matched;roofSide_OuterCorner;0,006768;0,007665;0,040464
Q2_LAYERS_BOUNDARY/FARM/30x30x5;farm;30x30x5;Q2_LAYERS_BOUNDARY;DeBroglie;matched;roofSide_OuterCorner_F;0,006768;0,007665;0,040464
Q2_LAYERS_BOUNDARY/FARM/30x30x5;farm;30x30x5;Q2_LAYERS_BOUNDARY;DeBroglie;matched;roofTop_ext;0,006768;0,005503;0,021195
Q2_LAYERS_BOUNDARY/FARM/30x30x5;farm;30x30x5;Q2_LAYERS_BOUNDARY;DeBroglie;matched;roofTop_int;0,006768;0,004821;0,000194
Q2_LAYERS_BOUNDARY/FARM/30x30x5;farm;30x30x5;Q2_LAYERS_BOUNDARY;DeBroglie;matched;WallRoof;0,006768;0,00332;0,021195
Q2_LAYERS_BOUNDARY/FARM/30x30x5;farm;30x30x5;Q2_LAYERS_BOUNDARY;DeBroglie;matched;grass_innerCorner;0,135364;0,150823;0,120044
Q2_LAYERS_BOUNDARY/FARM/30x30x5;farm;30x30x5;Q2_LAYERS_BOUNDARY;DeBroglie;matched;grass_outerCorner;0,135364;0,128476;0,027348
Q2_LAYERS_BOUNDARY/FARM/30x30x5;farm;30x30x5;Q2_LAYERS_BOUNDARY;DeBroglie;matched;grass_side;0,135364;0,139334;0,063995
Q2_LAYERS_BOUNDARY/FARM/30x30x5;farm;30x30x5;Q2_LAYERS_BOUNDARY;DeBroglie;matched;sand;0,042301;0,040149;0,007279
Q2_LAYERS_BOUNDARY/FARM/30x30x5;farm;30x30x5;Q2_LAYERS_BOUNDARY;DeBroglie;matched;cliff_corner;0,006768;0,005259;0,019247
Q2_LAYERS_BOUNDARY/FARM/30x30x5;farm;30x30x5;Q2_LAYERS_BOUNDARY;DeBroglie;matched;cliff;0,006768;0,004862;0,001744
Q2_LAYERS_BOUNDARY/FARM/30x30x5;farm;30x30x5;Q2_LAYERS_BOUNDARY;DeBroglie;matched;cliff_corner_top;0,006768;0,007665;0,019247
Q2_LAYERS_BOUNDARY/FARM/30x30x5;farm;30x30x5;Q2_LAYERS_BOUNDARY;DeBroglie;matched;cliff_border;0,006768;0,006485;0,001744
Q2_LAYERS_BOUNDARY/FARM/30x30x5;farm;30x30x5;Q2_LAYERS_BOUNDARY;DeBroglie;matched;hayBale;0,01692;0,021804;0,025599
Q2_LAYERS_BOUNDARY/FARM/30x30x5;farm;30x30x5;Q2_LAYERS_BOUNDARY;DeBroglie;matched;siloBase;0,033841;0,028056;0,043042
Q2_LAYERS_BOUNDARY/FARM/30x30x5;farm;30x30x5;Q2_LAYERS_BOUNDARY;DeBroglie;matched;siloMiddle;0,006768;0,003956;0,024504
Q2_LAYERS_BOUNDARY/FARM/30x30x5;farm;30x30x5;Q2_LAYERS_BOUNDARY;DeBroglie;matched;siloTop;0,006768;0,010171;0,043042
Q2_LAYERS_BOUNDARY/FARM/30x30x5;farm;30x30x5;Q2_LAYERS_BOUNDARY;DeBroglie;matched;wallDoor;0,006768;0,004862;0,002016
Q2_LAYERS_BOUNDARY/FARM/30x30x5;farm;30x30x5;Q2_LAYERS_BOUNDARY;DeBroglie;matched;fence;0,135364;0,104043;0,112858
Q2_LAYERS_BOUNDARY/FARM/30x30x5;farm;30x30x5;Q2_LAYERS_BOUNDARY;DeBroglie;matched;fenceCorner;0,033841;0,036677;0,006726
Q3_LAYERS_BOUNDARY_FIXED/FARM/30x30x5;farm;30x30x5;Q3_LAYERS_BOUNDARY_FIXED;ThisWork;heap;wall;0,033841;0,024268;0,010659
Q3_LAYERS_BOUNDARY_FIXED/FARM/30x30x5;farm;30x30x5;Q3_LAYERS_BOUNDARY_FIXED;ThisWork;heap;wall_outerCorner;0,006768;0,005327;0,080014
Q3_LAYERS_BOUNDARY_FIXED/FARM/30x30x5;farm;30x30x5;Q3_LAYERS_BOUNDARY_FIXED;ThisWork;heap;wall_window;0,033841;0,024268;0,010056
Q3_LAYERS_BOUNDARY_FIXED/FARM/30x30x5;farm;30x30x5;Q3_LAYERS_BOUNDARY_FIXED;ThisWork;heap;grass;0,169205;0,222797;0,261544
Q3_LAYERS_BOUNDARY_FIXED/FARM/30x30x5;farm;30x30x5;Q3_LAYERS_BOUNDARY_FIXED;ThisWork;heap;roofSide;0,006768;0,006787;0,001552
Q3_LAYERS_BOUNDARY_FIXED/FARM/30x30x5;farm;30x30x5;Q3_LAYERS_BOUNDARY_FIXED;ThisWork;heap;roofSide_OuterCorner;0,006768;0,008187;0,040007
Q3_LAYERS_BOUNDARY_FIXED/FARM/30x30x5;farm;30x30x5;Q3_LAYERS_BOUNDARY_FIXED;ThisWork;heap;roofSide_OuterCorner_F;0,006768;0,008187;0,040007
Q3_LAYERS_BOUNDARY_FIXED/FARM/30x30x5;farm;30x30x5;Q3_LAYERS_BOUNDARY_FIXED;ThisWork;heap;roofTop_ext;0,006768;0,006141;0,021389
Q3_LAYERS_BOUNDARY_FIXED/FARM/30x30x5;farm;30x30x5;Q3_LAYERS_BOUNDARY_FIXED;ThisWork;heap;roofTop_int;0,006768;0,005308;0,000558
Q3_LAYERS_BOUNDARY_FIXED/FARM/30x30x5;farm;30x30x5;Q3_LAYERS_BOUNDARY_FIXED;ThisWork;heap;WallRoof;0,006768;0,003514;0,021389
Q3_LAYERS_BOUNDARY_FIXED/FARM/30x30x5;farm;30x30x5;Q3_LAYERS_BOUNDARY_FIXED;ThisWork;heap;grass_innerCorner;0,135364;0,14948;0,121336
Q3_LAYERS_BOUNDARY_FIXED/FARM/30x30x5;farm;30x30x5;Q3_LAYERS_BOUNDARY_FIXED;ThisWork;heap;grass_outerCorner;0,135364;0,122737;0,027791
Q3_LAYERS_BOUNDARY_FIXED/FARM/30x30x5;farm;30x30x5;Q3_LAYERS_BOUNDARY_FIXED;ThisWork;heap;grass_side;0,135364;0,135637;0,062624
Q3_LAYERS_BOUNDARY_FIXED/FARM/30x30x5;farm;30x30x5;Q3_LAYERS_BOUNDARY_FIXED;ThisWork;heap;sand;0,042301;0,038178;0,007639
Q3_LAYERS_BOUNDARY_FIXED/FARM/30x30x5;farm;30x30x5;Q3_LAYERS_BOUNDARY_FIXED;ThisWork;heap;cliff_corner;0,006768;0,005327;0,017292
Q3_LAYERS_BOUNDARY_FIXED/FARM/30x30x5;farm;30x30x5;Q3_LAYERS_BOUNDARY_FIXED;ThisWork;heap;cliff;0,006768;0,004854;0,001327
Q3_LAYERS_BOUNDARY_FIXED/FARM/30x30x5;farm;30x30x5;Q3_LAYERS_BOUNDARY_FIXED;ThisWork;heap;cliff_corner_top;0,006768;0,008187;0,017292
Q3_LAYERS_BOUNDARY_FIXED/FARM/30x30x5;farm;30x30x5;Q3_LAYERS_BOUNDARY_FIXED;ThisWork;heap;cliff_border;0,006768;0,006787;0,001327
Q3_LAYERS_BOUNDARY_FIXED/FARM/30x30x5;farm;30x30x5;Q3_LAYERS_BOUNDARY_FIXED;ThisWork;heap;hayBale;0,01692;0,02228;0,026049
Q3_LAYERS_BOUNDARY_FIXED/FARM/30x30x5;farm;30x30x5;Q3_LAYERS_BOUNDARY_FIXED;ThisWork;heap;siloBase;0,033841;0,028805;0,043149
Q3_LAYERS_BOUNDARY_FIXED/FARM/30x30x5;farm;30x30x5;Q3_LAYERS_BOUNDARY_FIXED;ThisWork;heap;siloMiddle;0,006768;0,004247;0,026567
Q3_LAYERS_BOUNDARY_FIXED/FARM/30x30x5;farm;30x30x5;Q3_LAYERS_BOUNDARY_FIXED;ThisWork;heap;siloTop;0,006768;0,01121;0,043149
Q3_LAYERS_BOUNDARY_FIXED/FARM/30x30x5;farm;30x30x5;Q3_LAYERS_BOUNDARY_FIXED;ThisWork;heap;wallDoor;0,006768;0,004854;0,002225
Q3_LAYERS_BOUNDARY_FIXED/FARM/30x30x5;farm;30x30x5;Q3_LAYERS_BOUNDARY_FIXED;ThisWork;heap;fence;0,135364;0,105694;0,108845
Q3_LAYERS_BOUNDARY_FIXED/FARM/30x30x5;farm;30x30x5;Q3_LAYERS_BOUNDARY_FIXED;ThisWork;heap;fenceCorner;0,033841;0,036941;0,006212
Q3_LAYERS_BOUNDARY_FIXED/FARM/30x30x5;farm;30x30x5;Q3_LAYERS_BOUNDARY_FIXED;DeBroglie;matched;wall;0,033841;0,024268;0,010246
Q3_LAYERS_BOUNDARY_FIXED/FARM/30x30x5;farm;30x30x5;Q3_LAYERS_BOUNDARY_FIXED;DeBroglie;matched;wall_outerCorner;0,006768;0,005327;0,080418
Q3_LAYERS_BOUNDARY_FIXED/FARM/30x30x5;farm;30x30x5;Q3_LAYERS_BOUNDARY_FIXED;DeBroglie;matched;wall_window;0,033841;0,024268;0,011333
Q3_LAYERS_BOUNDARY_FIXED/FARM/30x30x5;farm;30x30x5;Q3_LAYERS_BOUNDARY_FIXED;DeBroglie;matched;grass;0,169205;0,222797;0,258686
Q3_LAYERS_BOUNDARY_FIXED/FARM/30x30x5;farm;30x30x5;Q3_LAYERS_BOUNDARY_FIXED;DeBroglie;matched;roofSide;0,006768;0,006787;0,001809
Q3_LAYERS_BOUNDARY_FIXED/FARM/30x30x5;farm;30x30x5;Q3_LAYERS_BOUNDARY_FIXED;DeBroglie;matched;roofSide_OuterCorner;0,006768;0,008187;0,040209
Q3_LAYERS_BOUNDARY_FIXED/FARM/30x30x5;farm;30x30x5;Q3_LAYERS_BOUNDARY_FIXED;DeBroglie;matched;roofSide_OuterCorner_F;0,006768;0,008187;0,040209
Q3_LAYERS_BOUNDARY_FIXED/FARM/30x30x5;farm;30x30x5;Q3_LAYERS_BOUNDARY_FIXED;DeBroglie;matched;roofTop_ext;0,006768;0,006141;0,021993
Q3_LAYERS_BOUNDARY_FIXED/FARM/30x30x5;farm;30x30x5;Q3_LAYERS_BOUNDARY_FIXED;DeBroglie;matched;roofTop_int;0,006768;0,005308;0,000763
Q3_LAYERS_BOUNDARY_FIXED/FARM/30x30x5;farm;30x30x5;Q3_LAYERS_BOUNDARY_FIXED;DeBroglie;matched;WallRoof;0,006768;0,003514;0,021993
Q3_LAYERS_BOUNDARY_FIXED/FARM/30x30x5;farm;30x30x5;Q3_LAYERS_BOUNDARY_FIXED;DeBroglie;matched;grass_innerCorner;0,135364;0,14948;0,122711
Q3_LAYERS_BOUNDARY_FIXED/FARM/30x30x5;farm;30x30x5;Q3_LAYERS_BOUNDARY_FIXED;DeBroglie;matched;grass_outerCorner;0,135364;0,122737;0,030035
Q3_LAYERS_BOUNDARY_FIXED/FARM/30x30x5;farm;30x30x5;Q3_LAYERS_BOUNDARY_FIXED;DeBroglie;matched;grass_side;0,135364;0,135637;0,061939
Q3_LAYERS_BOUNDARY_FIXED/FARM/30x30x5;farm;30x30x5;Q3_LAYERS_BOUNDARY_FIXED;DeBroglie;matched;sand;0,042301;0,038178;0,008128
Q3_LAYERS_BOUNDARY_FIXED/FARM/30x30x5;farm;30x30x5;Q3_LAYERS_BOUNDARY_FIXED;DeBroglie;matched;cliff_corner;0,006768;0,005327;0,017417
Q3_LAYERS_BOUNDARY_FIXED/FARM/30x30x5;farm;30x30x5;Q3_LAYERS_BOUNDARY_FIXED;DeBroglie;matched;cliff;0,006768;0,004854;0,001547
Q3_LAYERS_BOUNDARY_FIXED/FARM/30x30x5;farm;30x30x5;Q3_LAYERS_BOUNDARY_FIXED;DeBroglie;matched;cliff_corner_top;0,006768;0,008187;0,017417
Q3_LAYERS_BOUNDARY_FIXED/FARM/30x30x5;farm;30x30x5;Q3_LAYERS_BOUNDARY_FIXED;DeBroglie;matched;cliff_border;0,006768;0,006787;0,001547
Q3_LAYERS_BOUNDARY_FIXED/FARM/30x30x5;farm;30x30x5;Q3_LAYERS_BOUNDARY_FIXED;DeBroglie;matched;hayBale;0,01692;0,02228;0,025403
Q3_LAYERS_BOUNDARY_FIXED/FARM/30x30x5;farm;30x30x5;Q3_LAYERS_BOUNDARY_FIXED;DeBroglie;matched;siloBase;0,033841;0,028805;0,043918
Q3_LAYERS_BOUNDARY_FIXED/FARM/30x30x5;farm;30x30x5;Q3_LAYERS_BOUNDARY_FIXED;DeBroglie;matched;siloMiddle;0,006768;0,004247;0,025295
Q3_LAYERS_BOUNDARY_FIXED/FARM/30x30x5;farm;30x30x5;Q3_LAYERS_BOUNDARY_FIXED;DeBroglie;matched;siloTop;0,006768;0,01121;0,043918
Q3_LAYERS_BOUNDARY_FIXED/FARM/30x30x5;farm;30x30x5;Q3_LAYERS_BOUNDARY_FIXED;DeBroglie;matched;wallDoor;0,006768;0,004854;0,002223
Q3_LAYERS_BOUNDARY_FIXED/FARM/30x30x5;farm;30x30x5;Q3_LAYERS_BOUNDARY_FIXED;DeBroglie;matched;fence;0,135364;0,105694;0,106003
Q3_LAYERS_BOUNDARY_FIXED/FARM/30x30x5;farm;30x30x5;Q3_LAYERS_BOUNDARY_FIXED;DeBroglie;matched;fenceCorner;0,033841;0,036941;0,004842
Q4_LAYERS_BOUNDARY_FIXED_NEGATIVE/FARM/30x30x5;farm;30x30x5;Q4_LAYERS_BOUNDARY_FIXED_NEGATIVE;ThisWork;heap;wall;0,033841;0,024315;0,008129
Q4_LAYERS_BOUNDARY_FIXED_NEGATIVE/FARM/30x30x5;farm;30x30x5;Q4_LAYERS_BOUNDARY_FIXED_NEGATIVE;ThisWork;heap;wall_outerCorner;0,006768;0,005338;0,06488
Q4_LAYERS_BOUNDARY_FIXED_NEGATIVE/FARM/30x30x5;farm;30x30x5;Q4_LAYERS_BOUNDARY_FIXED_NEGATIVE;ThisWork;heap;wall_window;0,033841;0,024315;0,00822
Q4_LAYERS_BOUNDARY_FIXED_NEGATIVE/FARM/30x30x5;farm;30x30x5;Q4_LAYERS_BOUNDARY_FIXED_NEGATIVE;ThisWork;heap;grass;0,169205;0,223499;0,260472
Q4_LAYERS_BOUNDARY_FIXED_NEGATIVE/FARM/30x30x5;farm;30x30x5;Q4_LAYERS_BOUNDARY_FIXED_NEGATIVE;ThisWork;heap;roofSide;0,006768;0,006812;0,001143
Q4_LAYERS_BOUNDARY_FIXED_NEGATIVE/FARM/30x30x5;farm;30x30x5;Q4_LAYERS_BOUNDARY_FIXED_NEGATIVE;ThisWork;heap;roofSide_OuterCorner;0,006768;0,008214;0,03244
Q4_LAYERS_BOUNDARY_FIXED_NEGATIVE/FARM/30x30x5;farm;30x30x5;Q4_LAYERS_BOUNDARY_FIXED_NEGATIVE;ThisWork;heap;roofSide_OuterCorner_F;0,006768;0,008214;0,03244
Q4_LAYERS_BOUNDARY_FIXED_NEGATIVE/FARM/30x30x5;farm;30x30x5;Q4_LAYERS_BOUNDARY_FIXED_NEGATIVE;ThisWork;heap;roofTop_ext;0,006768;0,006157;0,01665
Q4_LAYERS_BOUNDARY_FIXED_NEGATIVE/FARM/30x30x5;farm;30x30x5;Q4_LAYERS_BOUNDARY_FIXED_NEGATIVE;ThisWork;heap;roofTop_int;0,006768;0,005324;0,000409
Q4_LAYERS_BOUNDARY_FIXED_NEGATIVE/FARM/30x30x5;farm;30x30x5;Q4_LAYERS_BOUNDARY_FIXED_NEGATIVE;ThisWork;heap;WallRoof;0,006768;0,003527;0,01665
Q4_LAYERS_BOUNDARY_FIXED_NEGATIVE/FARM/30x30x5;farm;30x30x5;Q4_LAYERS_BOUNDARY_FIXED_NEGATIVE;ThisWork;heap;grass_innerCorner;0,135364;0,149827;0,124706
Q4_LAYERS_BOUNDARY_FIXED_NEGATIVE/FARM/30x30x5;farm;30x30x5;Q4_LAYERS_BOUNDARY_FIXED_NEGATIVE;ThisWork;heap;grass_outerCorner;0,135364;0,122921;0,03078
Q4_LAYERS_BOUNDARY_FIXED_NEGATIVE/FARM/30x30x5;farm;30x30x5;Q4_LAYERS_BOUNDARY_FIXED_NEGATIVE;ThisWork;heap;grass_side;0,135364;0,135895;0,066537
Q4_LAYERS_BOUNDARY_FIXED_NEGATIVE/FARM/30x30x5;farm;30x30x5;Q4_LAYERS_BOUNDARY_FIXED_NEGATIVE;ThisWork;heap;sand;0,042301;0,038235;0,009327
Q4_LAYERS_BOUNDARY_FIXED_NEGATIVE/FARM/30x30x5;farm;30x30x5;Q4_LAYERS_BOUNDARY_FIXED_NEGATIVE;ThisWork;heap;cliff_corner;0,006768;0,004826;0,015814
Q4_LAYERS_BOUNDARY_FIXED_NEGATIVE/FARM/30x30x5;farm;30x30x5;Q4_LAYERS_BOUNDARY_FIXED_NEGATIVE;ThisWork;heap;cliff;0,006768;0,004651;0,01884
Q4_LAYERS_BOUNDARY_FIXED_NEGATIVE/FARM/30x30x5;farm;30x30x5;Q4_LAYERS_BOUNDARY_FIXED_NEGATIVE;ThisWork;heap;cliff_corner_top;0,006768;0,007169;0,015814
Q4_LAYERS_BOUNDARY_FIXED_NEGATIVE/FARM/30x30x5;farm;30x30x5;Q4_LAYERS_BOUNDARY_FIXED_NEGATIVE;ThisWork;heap;cliff_border;0,006768;0,006394;0,01884
Q4_LAYERS_BOUNDARY_FIXED_NEGATIVE/FARM/30x30x5;farm;30x30x5;Q4_LAYERS_BOUNDARY_FIXED_NEGATIVE;ThisWork;heap;hayBale;0,01692;0,02235;0,025467
Q4_LAYERS_BOUNDARY_FIXED_NEGATIVE/FARM/30x30x5;farm;30x30x5;Q4_LAYERS_BOUNDARY_FIXED_NEGATIVE;ThisWork;heap;siloBase;0,033841;0,028886;0,045484
Q4_LAYERS_BOUNDARY_FIXED_NEGATIVE/FARM/30x30x5;farm;30x30x5;Q4_LAYERS_BOUNDARY_FIXED_NEGATIVE;ThisWork;heap;siloMiddle;0,006768;0,00426;0,024985
Q4_LAYERS_BOUNDARY_FIXED_NEGATIVE/FARM/30x30x5;farm;30x30x5;Q4_LAYERS_BOUNDARY_FIXED_NEGATIVE;ThisWork;heap;siloTop;0,006768;0,011239;0,045484
Q4_LAYERS_BOUNDARY_FIXED_NEGATIVE/FARM/30x30x5;farm;30x30x5;Q4_LAYERS_BOUNDARY_FIXED_NEGATIVE;ThisWork;heap;wallDoor;0,006768;0,004863;0,001443
Q4_LAYERS_BOUNDARY_FIXED_NEGATIVE/FARM/30x30x5;farm;30x30x5;Q4_LAYERS_BOUNDARY_FIXED_NEGATIVE;ThisWork;heap;fence;0,135364;0,105807;0,109739
Q4_LAYERS_BOUNDARY_FIXED_NEGATIVE/FARM/30x30x5;farm;30x30x5;Q4_LAYERS_BOUNDARY_FIXED_NEGATIVE;ThisWork;heap;fenceCorner;0,033841;0,036965;0,005306
Q4_LAYERS_BOUNDARY_FIXED_NEGATIVE/FARM/30x30x5;farm;30x30x5;Q4_LAYERS_BOUNDARY_FIXED_NEGATIVE;DeBroglie;matched;wall;0,033841;0,024316;0,008371
Q4_LAYERS_BOUNDARY_FIXED_NEGATIVE/FARM/30x30x5;farm;30x30x5;Q4_LAYERS_BOUNDARY_FIXED_NEGATIVE;DeBroglie;matched;wall_outerCorner;0,006768;0,005339;0,064581
Q4_LAYERS_BOUNDARY_FIXED_NEGATIVE/FARM/30x30x5;farm;30x30x5;Q4_LAYERS_BOUNDARY_FIXED_NEGATIVE;DeBroglie;matched;wall_window;0,033841;0,024316;0,007824
Q4_LAYERS_BOUNDARY_FIXED_NEGATIVE/FARM/30x30x5;farm;30x30x5;Q4_LAYERS_BOUNDARY_FIXED_NEGATIVE;DeBroglie;matched;grass;0,169205;0,22354;0,263426
Q4_LAYERS_BOUNDARY_FIXED_NEGATIVE/FARM/30x30x5;farm;30x30x5;Q4_LAYERS_BOUNDARY_FIXED_NEGATIVE;DeBroglie;matched;roofSide;0,006768;0,006818;0,001165
Q4_LAYERS_BOUNDARY_FIXED_NEGATIVE/FARM/30x30x5;farm;30x30x5;Q4_LAYERS_BOUNDARY_FIXED_NEGATIVE;DeBroglie;matched;roofSide_OuterCorner;0,006768;0,008224;0,03229
Q4_LAYERS_BOUNDARY_FIXED_NEGATIVE/FARM/30x30x5;farm;30x30x5;Q4_LAYERS_BOUNDARY_FIXED_NEGATIVE;DeBroglie;matched;roofSide_OuterCorner_F;0,006768;0,008224;0,03229
Q4_LAYERS_BOUNDARY_FIXED_NEGATIVE/FARM/30x30x5;farm;30x30x5;Q4_LAYERS_BOUNDARY_FIXED_NEGATIVE;DeBroglie;matched;roofTop_ext;0,006768;0,006168;0,016971
Q4_LAYERS_BOUNDARY_FIXED_NEGATIVE/FARM/30x30x5;farm;30x30x5;Q4_LAYERS_BOUNDARY_FIXED_NEGATIVE;DeBroglie;matched;roofTop_int;0,006768;0,005333;0,000341
Q4_LAYERS_BOUNDARY_FIXED_NEGATIVE/FARM/30x30x5;farm;30x30x5;Q4_LAYERS_BOUNDARY_FIXED_NEGATIVE;DeBroglie;matched;WallRoof;0,006768;0,00353;0,016971
Q4_LAYERS_BOUNDARY_FIXED_NEGATIVE/FARM/30x30x5;farm;30x30x5;Q4_LAYERS_BOUNDARY_FIXED_NEGATIVE;DeBroglie;matched;grass_innerCorner;0,135364;0,149792;0,120476
Q4_LAYERS_BOUNDARY_FIXED_NEGATIVE/FARM/30x30x5;farm;30x30x5;Q4_LAYERS_BOUNDARY_FIXED_NEGATIVE;DeBroglie;matched;grass_outerCorner;0,135364;0,122844;0,029751
Q4_LAYERS_BOUNDARY_FIXED_NEGATIVE/FARM/30x30x5;farm;30x30x5;Q4_LAYERS_BOUNDARY_FIXED_NEGATIVE;DeBroglie;matched;grass_side;0,135364;0,135841;0,066272
Q4_LAYERS_BOUNDARY_FIXED_NEGATIVE/FARM/30x30x5;farm;30x30x5;Q4_LAYERS_BOUNDARY_FIXED_NEGATIVE;DeBroglie;matched;sand;0,042301;0,03821;0,00882
Q4_LAYERS_BOUNDARY_FIXED_NEGATIVE/FARM/30x30x5;farm;30x30x5;Q4_LAYERS_BOUNDARY_FIXED_NEGATIVE;DeBroglie;matched;cliff_corner;0,006768;0,004825;0,014712
Q4_LAYERS_BOUNDARY_FIXED_NEGATIVE/FARM/30x30x5;farm;30x30x5;Q4_LAYERS_BOUNDARY_FIXED_NEGATIVE;DeBroglie;matched;cliff;0,006768;0,00465;0,018612
Q4_LAYERS_BOUNDARY_FIXED_NEGATIVE/FARM/30x30x5;farm;30x30x5;Q4_LAYERS_BOUNDARY_FIXED_NEGATIVE;DeBroglie;matched;cliff_corner_top;0,006768;0,007173;0,014712
Q4_LAYERS_BOUNDARY_FIXED_NEGATIVE/FARM/30x30x5;farm;30x30x5;Q4_LAYERS_BOUNDARY_FIXED_NEGATIVE;DeBroglie;matched;cliff_border;0,006768;0,006397;0,018612
Q4_LAYERS_BOUNDARY_FIXED_NEGATIVE/FARM/30x30x5;farm;30x30x5;Q4_LAYERS_BOUNDARY_FIXED_NEGATIVE;DeBroglie;matched;hayBale;0,01692;0,022354;0,025813
Q4_LAYERS_BOUNDARY_FIXED_NEGATIVE/FARM/30x30x5;farm;30x30x5;Q4_LAYERS_BOUNDARY_FIXED_NEGATIVE;DeBroglie;matched;siloBase;0,033841;0,028899;0,047197
Q4_LAYERS_BOUNDARY_FIXED_NEGATIVE/FARM/30x30x5;farm;30x30x5;Q4_LAYERS_BOUNDARY_FIXED_NEGATIVE;DeBroglie;matched;siloMiddle;0,006768;0,004266;0,026838
Q4_LAYERS_BOUNDARY_FIXED_NEGATIVE/FARM/30x30x5;farm;30x30x5;Q4_LAYERS_BOUNDARY_FIXED_NEGATIVE;DeBroglie;matched;siloTop;0,006768;0,011258;0,047197
Q4_LAYERS_BOUNDARY_FIXED_NEGATIVE/FARM/30x30x5;farm;30x30x5;Q4_LAYERS_BOUNDARY_FIXED_NEGATIVE;DeBroglie;matched;wallDoor;0,006768;0,004863;0,001941
Q4_LAYERS_BOUNDARY_FIXED_NEGATIVE/FARM/30x30x5;farm;30x30x5;Q4_LAYERS_BOUNDARY_FIXED_NEGATIVE;DeBroglie;matched;fence;0,135364;0,105828;0,108652
Q4_LAYERS_BOUNDARY_FIXED_NEGATIVE/FARM/30x30x5;farm;30x30x5;Q4_LAYERS_BOUNDARY_FIXED_NEGATIVE;DeBroglie;matched;fenceCorner;0,033841;0,036992;0,006164
