config_id;benchmark;level_id;level_order;runtime_config_id;tileset;size_label;dim_x;dim_y;dim_z;total_cells;solver;solver_variant;run_index;solver_seed;attempts;solution_hash;solution_valid;adjacency_violations;layer_cells;boundary_cells;fixed_tile_cells;free_cells;playable_free_cells;infra_free_cells;js_global;js_conditional;entropy;entropy_quadrant_mean;entropy_quadrant_var;diversity_to_others_mean;types_present;cond_support_types;cond_impossible_types;undecided_cells;diversity_undecided_to_others_mean;diversity_undecided_type_to_others_mean
Q_UNRESTRICTED/NATURE/10x10x5;Q-NEUTRAL;Q_UNRESTRICTED;0;A_UNRESTRICTED/NATURE/10x10x5;nature;10x10x5;10;5;10;500;ThisWork;heap;0;1950087503;1;86df3b9065acf59a;1;0;0;0;0;500;164;336;0,377848;0,377848;1,966621;1,759434;0,018755;0,624041;13;22;0;500;0,624041;0,608327
Q_UNRESTRICTED/NATURE/10x10x5;Q-NEUTRAL;Q_UNRESTRICTED;0;A_UNRESTRICTED/NATURE/10x10x5;nature;10x10x5;10;5;10;500;ThisWork;heap;1;900757723;1;204d9020d081aaba;1;0;0;0;0;500;191;309;0,514267;0,514267;1,705765;1,637245;0,010916;0,599469;11;22;0;500;0,599469;0,575551
Q_UNRESTRICTED/NATURE/10x10x5;Q-NEUTRAL;Q_UNRESTRICTED;0;A_UNRESTRICTED/NATURE/10x10x5;nature;10x10x5;10;5;10;500;ThisWork;heap;2;1324750688;1;58f7acaa2bcc0050;1;0;0;0;0;500;175;325;0,415274;0,415274;1,862228;1,670529;0,080937;0,566082;12;22;0;500;0,566082;0,542776
Q_UNRESTRICTED/NATURE/10x10x5;Q-NEUTRAL;Q_UNRESTRICTED;0;A_UNRESTRICTED/NATURE/10x10x5;nature;10x10x5;10;5;10;500;ThisWork;heap;3;1667879338;1;4e902bb794362f40;1;0;0;0;0;500;182;318;0,474967;0,474967;1,932605;1,76023;0,052198;0,598694;15;22;0;500;0,598694;0,576082
Q_UNRESTRICTED/NATURE/10x10x5;Q-NEUTRAL;Q_UNRESTRICTED;0;A_UNRESTRICTED/NATURE/10x10x5;nature;10x10x5;10;5;10;500;ThisWork;heap;4;576777981;1;34e67d8ec2542123;1;0;0;0;0;500;168;332;0,373676;0,373676;2,102755;1,871243;0,027694;0,550898;16;22;0;500;0,550898;0,530082
Q_UNRESTRICTED/NATURE/10x10x5;Q-NEUTRAL;Q_UNRESTRICTED;0;A_UNRESTRICTED/NATURE/10x10x5;nature;10x10x5;10;5;10;500;ThisWork;heap;5;2034353015;1;91ef03e9db9a2099;1;0;0;0;0;500;171;329;0,380204;0,380204;2,059156;1,910931;0,032158;0,574204;14;22;0;500;0,574204;0,550939
Q_UNRESTRICTED/NATURE/10x10x5;Q-NEUTRAL;Q_UNRESTRICTED;0;A_UNRESTRICTED/NATURE/10x10x5;nature;10x10x5;10;5;10;500;ThisWork;heap;6;2062498320;1;516f98f3ba655687;1;0;0;0;0;500;156;344;0,288986;0,288986;2,286149;2,07227;0,041118;0,665633;17;22;0;500;0,665633;0,653592
Q_UNRESTRICTED/NATURE/10x10x5;Q-NEUTRAL;Q_UNRESTRICTED;0;A_UNRESTRICTED/NATURE/10x10x5;nature;10x10x5;10;5;10;500;ThisWork;heap;7;838470000;1;0bb6ea9b147090ef;1;0;0;0;0;500;153;347;0,289869;0,289869;2,446511;2,133297;0,012999;0,585796;18;22;0;500;0,585796;0,573592
Q_UNRESTRICTED/NATURE/10x10x5;Q-NEUTRAL;Q_UNRESTRICTED;0;A_UNRESTRICTED/NATURE/10x10x5;nature;10x10x5;10;5;10;500;ThisWork;heap;8;1999747930;1;9804ecd833c60c1a;1;0;0;0;0;500;159;341;0,324824;0,324824;2,122949;1,894107;0,078661;0,633388;16;22;0;500;0,633388;0,610857
Q_UNRESTRICTED/NATURE/10x10x5;Q-NEUTRAL;Q_UNRESTRICTED;0;A_UNRESTRICTED/NATURE/10x10x5;nature;10x10x5;10;5;10;500;ThisWork;heap;9;1323672590;1;fc69110290fed261;1;0;0;0;0;500;154;346;0,312103;0,312103;2,329171;2,077393;0,064123;0,581592;17;22;0;500;0,581592;0,566531
Q_UNRESTRICTED/NATURE/10x10x5;Q-NEUTRAL;Q_UNRESTRICTED;0;A_UNRESTRICTED/NATURE/10x10x5;nature;10x10x5;10;5;10;500;ThisWork;heap;10;560776594;1;42e2e4f200a76cbe;1;0;0;0;0;500;180;320;0,467023;0,467023;1,9838;1,905658;0,033779;0,578204;11;22;0;500;0,578204;0,555714
Q_UNRESTRICTED/NATURE/10x10x5;Q-NEUTRAL;Q_UNRESTRICTED;0;A_UNRESTRICTED/NATURE/10x10x5;nature;10x10x5;10;5;10;500;ThisWork;heap;11;2013482489;1;bfa30a2de4f9a82a;1;0;0;0;0;500;182;318;0,483125;0,483125;1,869464;1,81122;0,016379;0,564408;9;22;0;500;0,564408;0,542694
Q_UNRESTRICTED/NATURE/10x10x5;Q-NEUTRAL;Q_UNRESTRICTED;0;A_UNRESTRICTED/NATURE/10x10x5;nature;10x10x5;10;5;10;500;ThisWork;heap;12;1924226975;1;42f5be720033046b;1;0;0;0;0;500;182;318;0,468392;0,468392;1,921108;1,823599;0,010533;0,577633;12;22;0;500;0,577633;0,557143
Q_UNRESTRICTED/NATURE/10x10x5;Q-NEUTRAL;Q_UNRESTRICTED;0;A_UNRESTRICTED/NATURE/10x10x5;nature;10x10x5;10;5;10;500;ThisWork;heap;13;642268972;1;0a4d5504c9c016e9;1;0;0;0;0;500;166;334;0,351013;0,351013;2,148123;1,933459;0,032987;0,615959;15;22;0;500;0,615959;0,597347
Q_UNRESTRICTED/NATURE/10x10x5;Q-NEUTRAL;Q_UNRESTRICTED;0;A_UNRESTRICTED/NATURE/10x10x5;nature;10x10x5;10;5;10;500;ThisWork;heap;14;554411277;1;91f728929903702c;1;0;0;0;0;500;167;333;0,373202;0,373202;2,035836;1,852697;0,050591;0,586;15;22;0;500;0,586;0,568694
Q_UNRESTRICTED/NATURE/10x10x5;Q-NEUTRAL;Q_UNRESTRICTED;0;A_UNRESTRICTED/NATURE/10x10x5;nature;10x10x5;10;5;10;500;ThisWork;heap;15;2120748501;1;eb1f64e92252a281;1;0;0;0;0;500;183;317;0,479153;0,479153;1,858748;1,757716;0,009701;0,579714;11;22;0;500;0,579714;0,559429
Q_UNRESTRICTED/NATURE/10x10x5;Q-NEUTRAL;Q_UNRESTRICTED;0;A_UNRESTRICTED/NATURE/10x10x5;nature;10x10x5;10;5;10;500;ThisWork;heap;16;200637085;1;aeffec329eaa9836;1;0;0;0;0;500;164;336;0,335311;0,335311;2,076778;1,932524;0,080089;0,600571;14;22;0;500;0,600571;0,583347
Q_UNRESTRICTED/NATURE/10x10x5;Q-NEUTRAL;Q_UNRESTRICTED;0;A_UNRESTRICTED/NATURE/10x10x5;nature;10x10x5;10;5;10;500;ThisWork;heap;17;390496109;1;0dee30ecf347268c;1;0;0;0;0;500;155;345;0,279162;0,279162;2,263294;2,074075;0,082558;0,58951;15;22;0;500;0,58951;0,574571
Q_UNRESTRICTED/NATURE/10x10x5;Q-NEUTRAL;Q_UNRESTRICTED;0;A_UNRESTRICTED/NATURE/10x10x5;nature;10x10x5;10;5;10;500;ThisWork;heap;18;25464297;1;fe52118ce09ad784;1;0;0;0;0;500;168;332;0,380317;0,380317;2,004633;1,820525;0,015162;0,558857;14;22;0;500;0,558857;0,539184
Q_UNRESTRICTED/NATURE/10x10x5;Q-NEUTRAL;Q_UNRESTRICTED;0;A_UNRESTRICTED/NATURE/10x10x5;nature;10x10x5;10;5;10;500;ThisWork;heap;19;598622784;1;a0a1676a0ce3ad6b;1;0;0;0;0;500;172;328;0,384579;0,384579;1,877104;1,6933;0,032098;0,58702;14;22;0;500;0,58702;0,563184
Q_UNRESTRICTED/NATURE/10x10x5;Q-NEUTRAL;Q_UNRESTRICTED;0;A_UNRESTRICTED/NATURE/10x10x5;nature;10x10x5;10;5;10;500;ThisWork;heap;20;943958537;1;d2a7dcce046df781;1;0;0;0;0;500;164;336;0,35868;0,35868;2,051516;1,888006;0,018389;0,558653;14;22;0;500;0,558653;0,539673
Q_UNRESTRICTED/NATURE/10x10x5;Q-NEUTRAL;Q_UNRESTRICTED;0;A_UNRESTRICTED/NATURE/10x10x5;nature;10x10x5;10;5;10;500;ThisWork;heap;21;1657751430;1;5fe293ab2cd529b9;1;0;0;0;0;500;178;322;0,455056;0,455056;1,85843;1,76522;0,020227;0,607388;12;22;0;500;0,607388;0,585265
Q_UNRESTRICTED/NATURE/10x10x5;Q-NEUTRAL;Q_UNRESTRICTED;0;A_UNRESTRICTED/NATURE/10x10x5;nature;10x10x5;10;5;10;500;ThisWork;heap;22;580859337;1;91ed6d314096e17d;1;0;0;0;0;500;168;332;0,365343;0,365343;2,177355;1,98778;0,029845;0,571673;14;22;0;500;0,571673;0,555673
Q_UNRESTRICTED/NATURE/10x10x5;Q-NEUTRAL;Q_UNRESTRICTED;0;A_UNRESTRICTED/NATURE/10x10x5;nature;10x10x5;10;5;10;500;ThisWork;heap;23;1984710588;1;03747a0224c60a37;1;0;0;0;0;500;166;334;0,368689;0,368689;2,248297;2,078558;0,029816;0,565265;15;22;0;500;0,565265;0,549755
Q_UNRESTRICTED/NATURE/10x10x5;Q-NEUTRAL;Q_UNRESTRICTED;0;A_UNRESTRICTED/NATURE/10x10x5;nature;10x10x5;10;5;10;500;ThisWork;heap;24;1836996778;1;3d0fb8bb91bf53eb;1;0;0;0;0;500;176;324;0,461066;0,461066;1,989099;1,897268;0,007475;0,625061;11;22;0;500;0,625061;0,61298
Q_UNRESTRICTED/NATURE/10x10x5;Q-NEUTRAL;Q_UNRESTRICTED;0;A_UNRESTRICTED/NATURE/10x10x5;nature;10x10x5;10;5;10;500;ThisWork;heap;25;772264890;1;9adb8c5af430a1b9;1;0;0;0;0;500;183;317;0,484415;0,484415;1,848898;1,688395;0,074783;0,563878;13;22;0;500;0,563878;0,538163
Q_UNRESTRICTED/NATURE/10x10x5;Q-NEUTRAL;Q_UNRESTRICTED;0;A_UNRESTRICTED/NATURE/10x10x5;nature;10x10x5;10;5;10;500;ThisWork;heap;26;1829968499;1;e0e10cf93b269f26;1;0;0;0;0;500;184;316;0,492201;0,492201;1,924325;1,860067;0,026675;0,552531;11;22;0;500;0,552531;0,53098
Q_UNRESTRICTED/NATURE/10x10x5;Q-NEUTRAL;Q_UNRESTRICTED;0;A_UNRESTRICTED/NATURE/10x10x5;nature;10x10x5;10;5;10;500;ThisWork;heap;27;297525481;1;61b5bd93c49ecc78;1;0;0;0;0;500;186;314;0,500626;0,500626;1,863715;1,797719;0,002868;0,591551;8;22;0;500;0,591551;0,570571
Q_UNRESTRICTED/NATURE/10x10x5;Q-NEUTRAL;Q_UNRESTRICTED;0;A_UNRESTRICTED/NATURE/10x10x5;nature;10x10x5;10;5;10;500;ThisWork;heap;28;948671876;1;78659b3e35d4227b;1;0;0;0;0;500;175;325;0,41812;0,41812;1,977703;1,831508;0,087439;0,625347;12;22;0;500;0,625347;0,608939
Q_UNRESTRICTED/NATURE/10x10x5;Q-NEUTRAL;Q_UNRESTRICTED;0;A_UNRESTRICTED/NATURE/10x10x5;nature;10x10x5;10;5;10;500;ThisWork;heap;29;1961900205;1;7a768f1ea9a9527c;1;0;0;0;0;500;170;330;0,374425;0,374425;2,117538;1,904946;0,021367;0,61049;15;22;0;500;0,61049;0,58649
Q_UNRESTRICTED/NATURE/10x10x5;Q-NEUTRAL;Q_UNRESTRICTED;0;A_UNRESTRICTED/NATURE/10x10x5;nature;10x10x5;10;5;10;500;ThisWork;heap;30;386292813;1;56d03fa92c8a1365;1;0;0;0;0;500;182;318;0,47014;0,47014;1,770977;1,637454;0,02324;0,607102;12;22;0;500;0,607102;0,583796
Q_UNRESTRICTED/NATURE/10x10x5;Q-NEUTRAL;Q_UNRESTRICTED;0;A_UNRESTRICTED/NATURE/10x10x5;nature;10x10x5;10;5;10;500;ThisWork;heap;31;567199112;1;11ca485aa8f61a0f;1;0;0;0;0;500;155;345;0,315483;0,315483;2,413205;2,105521;0,044907;0,553224;16;22;0;500;0,553224;0,54098
Q_UNRESTRICTED/NATURE/10x10x5;Q-NEUTRAL;Q_UNRESTRICTED;0;A_UNRESTRICTED/NATURE/10x10x5;nature;10x10x5;10;5;10;500;ThisWork;heap;32;132622293;1;5d8e3227e7d45b31;1;0;0;0;0;500;166;334;0,384119;0,384119;1,956287;1,761308;0,015218;0,610082;16;22;0;500;0,610082;0,59151
Q_UNRESTRICTED/NATURE/10x10x5;Q-NEUTRAL;Q_UNRESTRICTED;0;A_UNRESTRICTED/NATURE/10x10x5;nature;10x10x5;10;5;10;500;ThisWork;heap;33;291749804;1;feb07eb1a9a76c8d;1;0;0;0;0;500;188;312;0,509158;0,509158;1,862625;1,817166;0,013696;0,566122;9;22;0;500;0,566122;0,541551
Q_UNRESTRICTED/NATURE/10x10x5;Q-NEUTRAL;Q_UNRESTRICTED;0;A_UNRESTRICTED/NATURE/10x10x5;nature;10x10x5;10;5;10;500;ThisWork;heap;34;372449248;1;16924c359291d7f7;1;0;0;0;0;500;153;347;0,274498;0,274498;2,249999;1,833326;0,06593;0,64049;16;22;0;500;0,64049;0,628204
Q_UNRESTRICTED/NATURE/10x10x5;Q-NEUTRAL;Q_UNRESTRICTED;0;A_UNRESTRICTED/NATURE/10x10x5;nature;10x10x5;10;5;10;500;ThisWork;heap;35;848491485;1;d2fa833de18c8096;1;0;0;0;0;500;167;333;0,378946;0,378946;1,897378;1,677798;0,138213;0,572286;13;22;0;500;0,572286;0,551633
Q_UNRESTRICTED/NATURE/10x10x5;Q-NEUTRAL;Q_UNRESTRICTED;0;A_UNRESTRICTED/NATURE/10x10x5;nature;10x10x5;10;5;10;500;ThisWork;heap;36;120607987;1;34d344108a3e5fb9;1;0;0;0;0;500;163;337;0,324391;0,324391;2,078707;1,744334;0,023672;0,640245;15;22;0;500;0,640245;0,622816
Q_UNRESTRICTED/NATURE/10x10x5;Q-NEUTRAL;Q_UNRESTRICTED;0;A_UNRESTRICTED/NATURE/10x10x5;nature;10x10x5;10;5;10;500;ThisWork;heap;37;771160214;1;504d12234030b046;1;0;0;0;0;500;152;348;0,266522;0,266522;2,519477;2,200665;0,028297;0,543429;18;22;0;500;0,543429;0,531102
Q_UNRESTRICTED/NATURE/10x10x5;Q-NEUTRAL;Q_UNRESTRICTED;0;A_UNRESTRICTED/NATURE/10x10x5;nature;10x10x5;10;5;10;500;ThisWork;heap;38;63760521;1;5e5408ba84de5599;1;0;0;0;0;500;186;314;0,498925;0,498925;1,689009;1,633449;0,007181;0,582122;10;22;0;500;0,582122;0,55649
Q_UNRESTRICTED/NATURE/10x10x5;Q-NEUTRAL;Q_UNRESTRICTED;0;A_UNRESTRICTED/NATURE/10x10x5;nature;10x10x5;10;5;10;500;ThisWork;heap;39;1135529940;1;694270ffcaa1e99d;1;0;0;0;0;500;178;322;0,473071;0,473071;1,903518;1,825103;0,015803;0,552531;11;22;0;500;0,552531;0,531796
Q_UNRESTRICTED/NATURE/10x10x5;Q-NEUTRAL;Q_UNRESTRICTED;0;A_UNRESTRICTED/NATURE/10x10x5;nature;10x10x5;10;5;10;500;ThisWork;heap;40;1752376880;1;c18a4cbb1918d719;1;0;0;0;0;500;166;334;0,345087;0,345087;1,957181;1,733525;0,024888;0,634245;13;22;0;500;0,634245;0,61449
Q_UNRESTRICTED/NATURE/10x10x5;Q-NEUTRAL;Q_UNRESTRICTED;0;A_UNRESTRICTED/NATURE/10x10x5;nature;10x10x5;10;5;10;500;ThisWork;heap;41;1343038208;1;320fa85ac46d7765;1;0;0;0;0;500;193;307;0,527675;0,527675;1,71024;1,670008;0,005091;0,603551;8;22;0;500;0,603551;0,57849
Q_UNRESTRICTED/NATURE/10x10x5;Q-NEUTRAL;Q_UNRESTRICTED;0;A_UNRESTRICTED/NATURE/10x10x5;nature;10x10x5;10;5;10;500;ThisWork;heap;42;1754814963;1;196a235535b57258;1;0;0;0;0;500;170;330;0,363991;0,363991;1,823408;1,678781;0,308834;0,625469;15;22;0;500;0,625469;0,604122
Q_UNRESTRICTED/NATURE/10x10x5;Q-NEUTRAL;Q_UNRESTRICTED;0;A_UNRESTRICTED/NATURE/10x10x5;nature;10x10x5;10;5;10;500;ThisWork;heap;43;239911896;1;3c90f798bced47cc;1;0;0;0;0;500;163;337;0,338364;0,338364;2,13983;1,918375;0,069614;0,630367;15;22;0;500;0,630367;0,611388
Q_UNRESTRICTED/NATURE/10x10x5;Q-NEUTRAL;Q_UNRESTRICTED;0;A_UNRESTRICTED/NATURE/10x10x5;nature;10x10x5;10;5;10;500;ThisWork;heap;44;52946638;1;e69215a670db159e;1;0;0;0;0;500;188;312;0,507977;0,507977;1,776569;1,703972;0,035542;0,585469;10;22;0;500;0,585469;0,561143
Q_UNRESTRICTED/NATURE/10x10x5;Q-NEUTRAL;Q_UNRESTRICTED;0;A_UNRESTRICTED/NATURE/10x10x5;nature;10x10x5;10;5;10;500;ThisWork;heap;45;551827430;1;e6fa9cb75463d5ce;1;0;0;0;0;500;182;318;0,481569;0,481569;1,628699;1,531961;0,083551;0,603918;11;22;0;500;0,603918;0,578449
Q_UNRESTRICTED/NATURE/10x10x5;Q-NEUTRAL;Q_UNRESTRICTED;0;A_UNRESTRICTED/NATURE/10x10x5;nature;10x10x5;10;5;10;500;ThisWork;heap;46;1221848588;1;af23268b36d66e1c;1;0;0;0;0;500;181;319;0,457905;0,457905;1,842881;1,701011;0,081381;0,569429;10;22;0;500;0,569429;0,545061
Q_UNRESTRICTED/NATURE/10x10x5;Q-NEUTRAL;Q_UNRESTRICTED;0;A_UNRESTRICTED/NATURE/10x10x5;nature;10x10x5;10;5;10;500;ThisWork;heap;47;1936894960;1;8b456f630f353076;1;0;0;0;0;500;164;336;0,326586;0,326586;2,268856;2,049529;0,110016;0,667469;15;22;0;500;0,667469;0,657469
Q_UNRESTRICTED/NATURE/10x10x5;Q-NEUTRAL;Q_UNRESTRICTED;0;A_UNRESTRICTED/NATURE/10x10x5;nature;10x10x5;10;5;10;500;ThisWork;heap;48;2130651005;1;ed868f3fdb17a446;1;0;0;0;0;500;149;351;0,285105;0,285105;2,302297;2,16693;0,036525;0,597551;17;22;0;500;0,597551;0,586041
Q_UNRESTRICTED/NATURE/10x10x5;Q-NEUTRAL;Q_UNRESTRICTED;0;A_UNRESTRICTED/NATURE/10x10x5;nature;10x10x5;10;5;10;500;ThisWork;heap;49;1624538518;1;6448c4dcfe2ae7cf;1;0;0;0;0;500;181;319;0,46847;0,46847;1,777582;1,615906;0,115138;0,613633;12;22;0;500;0,613633;0,591102
Q_UNRESTRICTED/NATURE/10x10x5;Q-NEUTRAL;Q_UNRESTRICTED;0;A_UNRESTRICTED/NATURE/10x10x5;nature;10x10x5;10;5;10;500;Gumin;simple-tiled-3d;0;1950087503;1;57db605622404973;1;0;0;0;0;500;163;337;0,353875;0,353875;2,165215;1,914547;0,008969;0,63902;16;22;0;500;0,63902;0,624531
Q_UNRESTRICTED/NATURE/10x10x5;Q-NEUTRAL;Q_UNRESTRICTED;0;A_UNRESTRICTED/NATURE/10x10x5;nature;10x10x5;10;5;10;500;Gumin;simple-tiled-3d;1;900757723;1;ec118dc605254747;1;0;0;0;0;500;185;315;0,499947;0,499947;1,910384;1,832501;0,016065;0,580122;10;22;0;500;0,580122;0,557673
Q_UNRESTRICTED/NATURE/10x10x5;Q-NEUTRAL;Q_UNRESTRICTED;0;A_UNRESTRICTED/NATURE/10x10x5;nature;10x10x5;10;5;10;500;Gumin;simple-tiled-3d;2;1324750688;1;5f4ecc0dd9145d8d;1;0;0;0;0;500;173;327;0,387054;0,387054;1,985065;1,82877;0,068287;0,582653;13;22;0;500;0,582653;0,563796
Q_UNRESTRICTED/NATURE/10x10x5;Q-NEUTRAL;Q_UNRESTRICTED;0;A_UNRESTRICTED/NATURE/10x10x5;nature;10x10x5;10;5;10;500;Gumin;simple-tiled-3d;3;1667879338;1;62212e47ed4407df;1;0;0;0;0;500;192;308;0,527099;0,527099;1,618072;1,532438;0,128715;0,592082;10;22;0;500;0,592082;0,565061
Q_UNRESTRICTED/NATURE/10x10x5;Q-NEUTRAL;Q_UNRESTRICTED;0;A_UNRESTRICTED/NATURE/10x10x5;nature;10x10x5;10;5;10;500;Gumin;simple-tiled-3d;4;576777981;1;50d1edbf54fdca06;1;0;0;0;0;500;168;332;0,36008;0,36008;2,215566;2,023908;0,059305;0,558204;16;22;0;500;0,558204;0,54049
Q_UNRESTRICTED/NATURE/10x10x5;Q-NEUTRAL;Q_UNRESTRICTED;0;A_UNRESTRICTED/NATURE/10x10x5;nature;10x10x5;10;5;10;500;Gumin;simple-tiled-3d;5;2034353015;1;f98d793e602216c0;1;0;0;0;0;500;171;329;0,373578;0,373578;2,102315;1,867641;0,075281;0,576653;15;22;0;500;0,576653;0,558816
Q_UNRESTRICTED/NATURE/10x10x5;Q-NEUTRAL;Q_UNRESTRICTED;0;A_UNRESTRICTED/NATURE/10x10x5;nature;10x10x5;10;5;10;500;Gumin;simple-tiled-3d;6;2062498320;1;5d5e490bc1b50581;1;0;0;0;0;500;174;326;0,378203;0,378203;2,028894;1,836071;0,009471;0,615224;13;22;0;500;0,615224;0,595061
Q_UNRESTRICTED/NATURE/10x10x5;Q-NEUTRAL;Q_UNRESTRICTED;0;A_UNRESTRICTED/NATURE/10x10x5;nature;10x10x5;10;5;10;500;Gumin;simple-tiled-3d;7;838470000;1;bca848b207446a8d;1;0;0;0;0;500;165;335;0,343808;0,343808;2,305099;2,107173;0,017451;0,566612;16;22;0;500;0,566612;0,550245
Q_UNRESTRICTED/NATURE/10x10x5;Q-NEUTRAL;Q_UNRESTRICTED;0;A_UNRESTRICTED/NATURE/10x10x5;nature;10x10x5;10;5;10;500;Gumin;simple-tiled-3d;8;1999747930;1;f9ea7abe6a2bd82c;1;0;0;0;0;500;161;339;0,33254;0,33254;2,129279;1,959402;0,066026;0,628776;14;22;0;500;0,628776;0,611837
Q_UNRESTRICTED/NATURE/10x10x5;Q-NEUTRAL;Q_UNRESTRICTED;0;A_UNRESTRICTED/NATURE/10x10x5;nature;10x10x5;10;5;10;500;Gumin;simple-tiled-3d;9;1323672590;1;7524127aaa5fbe91;1;0;0;0;0;500;155;345;0,299738;0,299738;2,292737;1,991995;0,081297;0,562694;15;22;0;500;0,562694;0,547184
Q_UNRESTRICTED/NATURE/10x10x5;Q-NEUTRAL;Q_UNRESTRICTED;0;A_UNRESTRICTED/NATURE/10x10x5;nature;10x10x5;10;5;10;500;Gumin;simple-tiled-3d;10;560776594;1;2841d38383e57daf;1;0;0;0;0;500;185;315;0,494087;0,494087;1,776942;1,702372;0,040552;0,597429;10;22;0;500;0,597429;0,570653
Q_UNRESTRICTED/NATURE/10x10x5;Q-NEUTRAL;Q_UNRESTRICTED;0;A_UNRESTRICTED/NATURE/10x10x5;nature;10x10x5;10;5;10;500;Gumin;simple-tiled-3d;11;2013482489;1;b788e9ae64a1a988;1;0;0;0;0;500;184;316;0,495972;0,495972;1,970024;1,891767;0,023167;0,572776;11;22;0;500;0,572776;0,550204
Q_UNRESTRICTED/NATURE/10x10x5;Q-NEUTRAL;Q_UNRESTRICTED;0;A_UNRESTRICTED/NATURE/10x10x5;nature;10x10x5;10;5;10;500;Gumin;simple-tiled-3d;12;1924226975;1;9647ddca371ee5c2;1;0;0;0;0;500;189;311;0,506744;0,506744;1,726888;1,643467;0,006474;0,614286;11;22;0;500;0,614286;0,591551
Q_UNRESTRICTED/NATURE/10x10x5;Q-NEUTRAL;Q_UNRESTRICTED;0;A_UNRESTRICTED/NATURE/10x10x5;nature;10x10x5;10;5;10;500;Gumin;simple-tiled-3d;13;642268972;1;cf62576e242145a8;1;0;0;0;0;500;159;341;0,330578;0,330578;2,059378;1,877601;0,017339;0,629959;15;22;0;500;0,629959;0,614367
Q_UNRESTRICTED/NATURE/10x10x5;Q-NEUTRAL;Q_UNRESTRICTED;0;A_UNRESTRICTED/NATURE/10x10x5;nature;10x10x5;10;5;10;500;Gumin;simple-tiled-3d;14;554411277;1;43f5c048f0bf1379;1;0;0;0;0;500;175;325;0,412141;0,412141;1,974165;1,825182;0,126318;0,550163;11;22;0;500;0,550163;0,52698
Q_UNRESTRICTED/NATURE/10x10x5;Q-NEUTRAL;Q_UNRESTRICTED;0;A_UNRESTRICTED/NATURE/10x10x5;nature;10x10x5;10;5;10;500;Gumin;simple-tiled-3d;15;2120748501;1;3b42c2c910f62ca9;1;0;0;0;0;500;179;321;0,467519;0,467519;1,796475;1,681147;0,029887;0,594816;11;22;0;500;0,594816;0,570327
Q_UNRESTRICTED/NATURE/10x10x5;Q-NEUTRAL;Q_UNRESTRICTED;0;A_UNRESTRICTED/NATURE/10x10x5;nature;10x10x5;10;5;10;500;Gumin;simple-tiled-3d;16;200637085;1;9a71207adc9ceecb;1;0;0;0;0;500;155;345;0,287469;0,287469;2,241286;1,885533;0,087696;0,631102;13;22;0;500;0,631102;0,615755
Q_UNRESTRICTED/NATURE/10x10x5;Q-NEUTRAL;Q_UNRESTRICTED;0;A_UNRESTRICTED/NATURE/10x10x5;nature;10x10x5;10;5;10;500;Gumin;simple-tiled-3d;17;390496109;1;03c08d851c365ed1;1;0;0;0;0;500;153;347;0,262628;0,262628;2,334385;2,092846;0,037926;0,581796;17;22;0;500;0,581796;0,567265
Q_UNRESTRICTED/NATURE/10x10x5;Q-NEUTRAL;Q_UNRESTRICTED;0;A_UNRESTRICTED/NATURE/10x10x5;nature;10x10x5;10;5;10;500;Gumin;simple-tiled-3d;18;25464297;1;17d655c9950e6769;1;0;0;0;0;500;153;347;0,278466;0,278466;2,200026;1,913919;0,022809;0,566367;15;22;0;500;0,566367;0,549429
Q_UNRESTRICTED/NATURE/10x10x5;Q-NEUTRAL;Q_UNRESTRICTED;0;A_UNRESTRICTED/NATURE/10x10x5;nature;10x10x5;10;5;10;500;Gumin;simple-tiled-3d;19;598622784;1;42810ce11f939670;1;0;0;0;0;500;174;326;0,400968;0,400968;1,98666;1,785818;0,013693;0,627959;12;22;0;500;0,627959;0,608898
Q_UNRESTRICTED/NATURE/10x10x5;Q-NEUTRAL;Q_UNRESTRICTED;0;A_UNRESTRICTED/NATURE/10x10x5;nature;10x10x5;10;5;10;500;Gumin;simple-tiled-3d;20;943958537;1;1e7812d1e91716de;1;0;0;0;0;500;153;347;0,316251;0,316251;2,135011;1,834477;0,046695;0,527306;15;22;0;500;0,527306;0,509878
Q_UNRESTRICTED/NATURE/10x10x5;Q-NEUTRAL;Q_UNRESTRICTED;0;A_UNRESTRICTED/NATURE/10x10x5;nature;10x10x5;10;5;10;500;Gumin;simple-tiled-3d;21;1657751430;1;67113673b765578c;1;0;0;0;0;500;184;316;0,479274;0,479274;1,84222;1,770546;0,032569;0,590816;9;22;0;500;0,590816;0,565714
Q_UNRESTRICTED/NATURE/10x10x5;Q-NEUTRAL;Q_UNRESTRICTED;0;A_UNRESTRICTED/NATURE/10x10x5;nature;10x10x5;10;5;10;500;Gumin;simple-tiled-3d;22;580859337;1;c09328d79b111c41;1;0;0;0;0;500;171;329;0,369525;0,369525;2,023538;1,790386;0,055603;0,553592;12;22;0;500;0,553592;0,534735
Q_UNRESTRICTED/NATURE/10x10x5;Q-NEUTRAL;Q_UNRESTRICTED;0;A_UNRESTRICTED/NATURE/10x10x5;nature;10x10x5;10;5;10;500;Gumin;simple-tiled-3d;23;1984710588;1;67228329dc8a5726;1;0;0;0;0;500;152;348;0,311376;0,311376;2,2632;2,106739;0,06997;0,573959;16;22;0;500;0,573959;0,562408
Q_UNRESTRICTED/NATURE/10x10x5;Q-NEUTRAL;Q_UNRESTRICTED;0;A_UNRESTRICTED/NATURE/10x10x5;nature;10x10x5;10;5;10;500;Gumin;simple-tiled-3d;24;1836996778;1;902578197da8821a;1;0;0;0;0;500;170;330;0,432338;0,432338;1,97026;1,823936;0,02519;0,644327;11;22;0;500;0,644327;0,632286
Q_UNRESTRICTED/NATURE/10x10x5;Q-NEUTRAL;Q_UNRESTRICTED;0;A_UNRESTRICTED/NATURE/10x10x5;nature;10x10x5;10;5;10;500;Gumin;simple-tiled-3d;25;772264890;1;6421ec91aa0c5446;1;0;0;0;0;500;179;321;0,455058;0,455058;1,987922;1,790225;0,044023;0,609061;15;22;0;500;0,609061;0,587796
Q_UNRESTRICTED/NATURE/10x10x5;Q-NEUTRAL;Q_UNRESTRICTED;0;A_UNRESTRICTED/NATURE/10x10x5;nature;10x10x5;10;5;10;500;Gumin;simple-tiled-3d;26;1829968499;1;1ad138419f599205;1;0;0;0;0;500;190;310;0,513005;0,513005;1,835782;1,774664;0,014054;0,614204;10;22;0;500;0,614204;0,591673
Q_UNRESTRICTED/NATURE/10x10x5;Q-NEUTRAL;Q_UNRESTRICTED;0;A_UNRESTRICTED/NATURE/10x10x5;nature;10x10x5;10;5;10;500;Gumin;simple-tiled-3d;27;297525481;1;534874643c1e921d;1;0;0;0;0;500;189;311;0,511546;0,511546;1,695111;1,603324;0,053852;0,594;8;22;0;500;0,594;0,568367
Q_UNRESTRICTED/NATURE/10x10x5;Q-NEUTRAL;Q_UNRESTRICTED;0;A_UNRESTRICTED/NATURE/10x10x5;nature;10x10x5;10;5;10;500;Gumin;simple-tiled-3d;28;948671876;1;17a1622af2cc1ad6;1;0;0;0;0;500;159;341;0,336681;0,336681;2,285847;2,0187;0,006183;0,673306;15;22;0;500;0,673306;0,663796
Q_UNRESTRICTED/NATURE/10x10x5;Q-NEUTRAL;Q_UNRESTRICTED;0;A_UNRESTRICTED/NATURE/10x10x5;nature;10x10x5;10;5;10;500;Gumin;simple-tiled-3d;29;1961900205;1;77229d1871d97a59;1;0;0;0;0;500;170;330;0,364362;0,364362;2,031588;1,743443;0,027505;0,587306;14;22;0;500;0,587306;0,564776
Q_UNRESTRICTED/NATURE/10x10x5;Q-NEUTRAL;Q_UNRESTRICTED;0;A_UNRESTRICTED/NATURE/10x10x5;nature;10x10x5;10;5;10;500;Gumin;simple-tiled-3d;30;386292813;1;356eab4c07109166;1;0;0;0;0;500;179;321;0,456457;0,456457;2,026254;1,965062;0,015559;0,585755;12;22;0;500;0,585755;0,567388
Q_UNRESTRICTED/NATURE/10x10x5;Q-NEUTRAL;Q_UNRESTRICTED;0;A_UNRESTRICTED/NATURE/10x10x5;nature;10x10x5;10;5;10;500;Gumin;simple-tiled-3d;31;567199112;1;ec6e2c882714a064;1;0;0;0;0;500;158;342;0,314634;0,314634;2,239787;2,020625;0,035363;0,543796;14;22;0;500;0,543796;0,527224
Q_UNRESTRICTED/NATURE/10x10x5;Q-NEUTRAL;Q_UNRESTRICTED;0;A_UNRESTRICTED/NATURE/10x10x5;nature;10x10x5;10;5;10;500;Gumin;simple-tiled-3d;32;132622293;1;459df07024b8227b;1;0;0;0;0;500;165;335;0,365975;0,365975;1,953426;1,771283;0,058599;0,623551;14;22;0;500;0,623551;0,602939
Q_UNRESTRICTED/NATURE/10x10x5;Q-NEUTRAL;Q_UNRESTRICTED;0;A_UNRESTRICTED/NATURE/10x10x5;nature;10x10x5;10;5;10;500;Gumin;simple-tiled-3d;33;291749804;1;ebfb5fbbb7268ae5;1;0;0;0;0;500;192;308;0,524376;0,524376;1,820795;1,747505;0,007907;0,600939;10;22;0;500;0,600939;0,580122
Q_UNRESTRICTED/NATURE/10x10x5;Q-NEUTRAL;Q_UNRESTRICTED;0;A_UNRESTRICTED/NATURE/10x10x5;nature;10x10x5;10;5;10;500;Gumin;simple-tiled-3d;34;372449248;1;2e622eef64c8a581;1;0;0;0;0;500;157;343;0,286308;0,286308;2,205652;1,767095;0,086472;0,63951;17;22;0;500;0,63951;0,624531
Q_UNRESTRICTED/NATURE/10x10x5;Q-NEUTRAL;Q_UNRESTRICTED;0;A_UNRESTRICTED/NATURE/10x10x5;nature;10x10x5;10;5;10;500;Gumin;simple-tiled-3d;35;848491485;1;d19afb8fe1095383;1;0;0;0;0;500;166;334;0,37181;0,37181;2,143824;1,932819;0,062574;0,574122;12;22;0;500;0,574122;0,554939
Q_UNRESTRICTED/NATURE/10x10x5;Q-NEUTRAL;Q_UNRESTRICTED;0;A_UNRESTRICTED/NATURE/10x10x5;nature;10x10x5;10;5;10;500;Gumin;simple-tiled-3d;36;120607987;1;149849fbec3c9124;1;0;0;0;0;500;158;342;0,302305;0,302305;2,306096;1,973243;0,068849;0,65351;18;22;0;500;0,65351;0,641755
Q_UNRESTRICTED/NATURE/10x10x5;Q-NEUTRAL;Q_UNRESTRICTED;0;A_UNRESTRICTED/NATURE/10x10x5;nature;10x10x5;10;5;10;500;Gumin;simple-tiled-3d;37;771160214;1;85aa01dee7852b31;1;0;0;0;0;500;156;344;0,289144;0,289144;2,414452;2,148965;0,105124;0,578939;17;22;0;500;0,578939;0,563755
Q_UNRESTRICTED/NATURE/10x10x5;Q-NEUTRAL;Q_UNRESTRICTED;0;A_UNRESTRICTED/NATURE/10x10x5;nature;10x10x5;10;5;10;500;Gumin;simple-tiled-3d;38;63760521;1;f165f38a7459e459;1;0;0;0;0;500;186;314;0,506024;0,506024;1,493946;1,436061;0,07346;0,597551;9;22;0;500;0,597551;0,572082
Q_UNRESTRICTED/NATURE/10x10x5;Q-NEUTRAL;Q_UNRESTRICTED;0;A_UNRESTRICTED/NATURE/10x10x5;nature;10x10x5;10;5;10;500;Gumin;simple-tiled-3d;39;1135529940;1;b8083b19f94f04bd;1;0;0;0;0;500;187;313;0,505124;0,505124;1,754568;1,677173;0,001269;0,611796;10;22;0;500;0,611796;0,587469
Q_UNRESTRICTED/NATURE/10x10x5;Q-NEUTRAL;Q_UNRESTRICTED;0;A_UNRESTRICTED/NATURE/10x10x5;nature;10x10x5;10;5;10;500;Gumin;simple-tiled-3d;40;1752376880;1;5c7eb511796b08ca;1;0;0;0;0;500;162;338;0,349387;0,349387;2,086932;1,860732;0,024612;0,645306;13;22;0;500;0,645306;0,630735
Q_UNRESTRICTED/NATURE/10x10x5;Q-NEUTRAL;Q_UNRESTRICTED;0;A_UNRESTRICTED/NATURE/10x10x5;nature;10x10x5;10;5;10;500;Gumin;simple-tiled-3d;41;1343038208;1;e29bc21c43926c6e;1;0;0;0;0;500;184;316;0,489202;0,489202;1,770803;1,684872;0,035153;0,59298;9;22;0;500;0,59298;0,573306
Q_UNRESTRICTED/NATURE/10x10x5;Q-NEUTRAL;Q_UNRESTRICTED;0;A_UNRESTRICTED/NATURE/10x10x5;nature;10x10x5;10;5;10;500;Gumin;simple-tiled-3d;42;1754814963;1;5ea390a892167c6f;1;0;0;0;0;500;165;335;0,348967;0,348967;1,968328;1,663235;0,066734;0,644163;15;22;0;500;0,644163;0,624163
Q_UNRESTRICTED/NATURE/10x10x5;Q-NEUTRAL;Q_UNRESTRICTED;0;A_UNRESTRICTED/NATURE/10x10x5;nature;10x10x5;10;5;10;500;Gumin;simple-tiled-3d;43;239911896;1;4ca70dfeaec5c441;1;0;0;0;0;500;161;339;0,33249;0,33249;2,179213;1,979969;0,037491;0,626939;15;22;0;500;0,626939;0,610816
Q_UNRESTRICTED/NATURE/10x10x5;Q-NEUTRAL;Q_UNRESTRICTED;0;A_UNRESTRICTED/NATURE/10x10x5;nature;10x10x5;10;5;10;500;Gumin;simple-tiled-3d;44;52946638;1;93839e8edb77eff5;1;0;0;0;0;500;183;317;0,489388;0,489388;1,825673;1,800756;0,001249;0,57751;9;22;0;500;0,57751;0,555551
Q_UNRESTRICTED/NATURE/10x10x5;Q-NEUTRAL;Q_UNRESTRICTED;0;A_UNRESTRICTED/NATURE/10x10x5;nature;10x10x5;10;5;10;500;Gumin;simple-tiled-3d;45;551827430;1;b08bb83ba2f0d6f6;1;0;0;0;0;500;187;313;0,492582;0,492582;1,805733;1,760684;0,018026;0,579673;10;22;0;500;0,579673;0,553837
Q_UNRESTRICTED/NATURE/10x10x5;Q-NEUTRAL;Q_UNRESTRICTED;0;A_UNRESTRICTED/NATURE/10x10x5;nature;10x10x5;10;5;10;500;Gumin;simple-tiled-3d;46;1221848588;2;0dc0dcd4a125a506;1;0;0;0;0;500;171;329;0,392481;0,392481;2,01248;1,692265;0,338444;0,569755;12;22;0;500;0,569755;0,547959
Q_UNRESTRICTED/NATURE/10x10x5;Q-NEUTRAL;Q_UNRESTRICTED;0;A_UNRESTRICTED/NATURE/10x10x5;nature;10x10x5;10;5;10;500;Gumin;simple-tiled-3d;47;1936894960;1;4f63b8400d20b1f8;1;0;0;0;0;500;166;334;0,341872;0,341872;1,849046;1,58632;0,01326;0,625102;12;22;0;500;0,625102;0,605714
Q_UNRESTRICTED/NATURE/10x10x5;Q-NEUTRAL;Q_UNRESTRICTED;0;A_UNRESTRICTED/NATURE/10x10x5;nature;10x10x5;10;5;10;500;Gumin;simple-tiled-3d;48;2130651005;1;26040f2973cda616;1;0;0;0;0;500;160;340;0,326595;0,326595;2,124494;1,905039;0,114288;0,576571;14;22;0;500;0,576571;0,560327
Q_UNRESTRICTED/NATURE/10x10x5;Q-NEUTRAL;Q_UNRESTRICTED;0;A_UNRESTRICTED/NATURE/10x10x5;nature;10x10x5;10;5;10;500;Gumin;simple-tiled-3d;49;1624538518;1;00d2f7db08664129;1;0;0;0;0;500;188;312;0,50547;0,50547;1,741068;1,664335;0,003008;0,582;10;22;0;500;0,582;0,555469
Q_UNRESTRICTED/NATURE/10x10x5;Q-NEUTRAL;Q_UNRESTRICTED;0;A_UNRESTRICTED/NATURE/10x10x5;nature;10x10x5;10;5;10;500;DeBroglie;matched;0;1950087503;1;5c5692b891fb104a;1;0;0;0;0;500;155;345;0,275498;0,275498;2,296983;1,942889;0,079298;0,643347;16;22;0;500;0,643347;0,630612
Q_UNRESTRICTED/NATURE/10x10x5;Q-NEUTRAL;Q_UNRESTRICTED;0;A_UNRESTRICTED/NATURE/10x10x5;nature;10x10x5;10;5;10;500;DeBroglie;matched;1;900757723;1;2130d2be784658eb;1;0;0;0;0;500;186;314;0,50161;0,50161;1,69997;1,640881;0,029709;0,59049;8;22;0;500;0,59049;0,564122
Q_UNRESTRICTED/NATURE/10x10x5;Q-NEUTRAL;Q_UNRESTRICTED;0;A_UNRESTRICTED/NATURE/10x10x5;nature;10x10x5;10;5;10;500;DeBroglie;matched;2;1324750688;1;181680ea48cc3371;1;0;0;0;0;500;163;337;0,368742;0,368742;2,083438;1,854163;0,034216;0,589061;12;22;0;500;0,589061;0,575224
Q_UNRESTRICTED/NATURE/10x10x5;Q-NEUTRAL;Q_UNRESTRICTED;0;A_UNRESTRICTED/NATURE/10x10x5;nature;10x10x5;10;5;10;500;DeBroglie;matched;3;1667879338;1;634c5c481d08144f;1;0;0;0;0;500;168;332;0,371388;0,371388;2,085006;1,886361;0,048632;0,54449;15;22;0;500;0,54449;0,525592
Q_UNRESTRICTED/NATURE/10x10x5;Q-NEUTRAL;Q_UNRESTRICTED;0;A_UNRESTRICTED/NATURE/10x10x5;nature;10x10x5;10;5;10;500;DeBroglie;matched;4;576777981;1;98209ccd5800b49d;1;0;0;0;0;500;169;331;0,383105;0,383105;1,982238;1,828184;0,062276;0,621102;14;22;0;500;0,621102;0,600082
Q_UNRESTRICTED/NATURE/10x10x5;Q-NEUTRAL;Q_UNRESTRICTED;0;A_UNRESTRICTED/NATURE/10x10x5;nature;10x10x5;10;5;10;500;DeBroglie;matched;5;2034353015;1;14e20715c2b28549;1;0;0;0;0;500;182;318;0,446611;0,446611;1,873638;1,762177;0,137006;0,570612;12;22;0;500;0,570612;0,545388
Q_UNRESTRICTED/NATURE/10x10x5;Q-NEUTRAL;Q_UNRESTRICTED;0;A_UNRESTRICTED/NATURE/10x10x5;nature;10x10x5;10;5;10;500;DeBroglie;matched;6;2062498320;1;552560d22fe5f7e0;1;0;0;0;0;500;186;314;0,498401;0,498401;1,86541;1,792082;0,027589;0,589429;10;22;0;500;0,589429;0,565102
Q_UNRESTRICTED/NATURE/10x10x5;Q-NEUTRAL;Q_UNRESTRICTED;0;A_UNRESTRICTED/NATURE/10x10x5;nature;10x10x5;10;5;10;500;DeBroglie;matched;7;838470000;1;3ad3eec861adbc9c;1;0;0;0;0;500;180;320;0,436617;0,436617;2,015271;1,851953;0,005472;0,561918;13;22;0;500;0,561918;0,537592
Q_UNRESTRICTED/NATURE/10x10x5;Q-NEUTRAL;Q_UNRESTRICTED;0;A_UNRESTRICTED/NATURE/10x10x5;nature;10x10x5;10;5;10;500;DeBroglie;matched;8;1999747930;1;6f3e23a5835cde21;1;0;0;0;0;500;163;337;0,337719;0,337719;2,096595;1,810973;0,037306;0,630571;16;22;0;500;0,630571;0,61351
Q_UNRESTRICTED/NATURE/10x10x5;Q-NEUTRAL;Q_UNRESTRICTED;0;A_UNRESTRICTED/NATURE/10x10x5;nature;10x10x5;10;5;10;500;DeBroglie;matched;9;1323672590;1;ca8692dd3734432c;1;0;0;0;0;500;186;314;0,503514;0,503514;1,724707;1,661333;0,045721;0,569878;10;22;0;500;0,569878;0,546898
Q_UNRESTRICTED/NATURE/10x10x5;Q-NEUTRAL;Q_UNRESTRICTED;0;A_UNRESTRICTED/NATURE/10x10x5;nature;10x10x5;10;5;10;500;DeBroglie;matched;10;560776594;1;342be3329889b0e0;1;0;0;0;0;500;172;328;0,386718;0,386718;2,078217;1,83708;0,113592;0,573306;14;22;0;500;0,573306;0,549265
Q_UNRESTRICTED/NATURE/10x10x5;Q-NEUTRAL;Q_UNRESTRICTED;0;A_UNRESTRICTED/NATURE/10x10x5;nature;10x10x5;10;5;10;500;DeBroglie;matched;11;2013482489;1;e9f937f5f293b7f0;1;0;0;0;0;500;185;315;0,496587;0,496587;1,752405;1,680666;0,029731;0,572204;9;22;0;500;0,572204;0,546163
Q_UNRESTRICTED/NATURE/10x10x5;Q-NEUTRAL;Q_UNRESTRICTED;0;A_UNRESTRICTED/NATURE/10x10x5;nature;10x10x5;10;5;10;500;DeBroglie;matched;12;1924226975;1;84f3aff2dd43af75;1;0;0;0;0;500;165;335;0,362039;0,362039;2,094263;1,892809;0,036608;0,558571;12;22;0;500;0,558571;0,538531
Q_UNRESTRICTED/NATURE/10x10x5;Q-NEUTRAL;Q_UNRESTRICTED;0;A_UNRESTRICTED/NATURE/10x10x5;nature;10x10x5;10;5;10;500;DeBroglie;matched;13;642268972;1;7ea3178f220e89b9;1;0;0;0;0;500;183;317;0,457683;0,457683;1,593897;1,49153;0,078896;0,587102;12;22;0;500;0,587102;0,558
Q_UNRESTRICTED/NATURE/10x10x5;Q-NEUTRAL;Q_UNRESTRICTED;0;A_UNRESTRICTED/NATURE/10x10x5;nature;10x10x5;10;5;10;500;DeBroglie;matched;14;554411277;1;cedbb8cefe184cda;1;0;0;0;0;500;182;318;0,486265;0,486265;2,021953;1,962211;0,012599;0,592776;10;22;0;500;0,592776;0,577755
Q_UNRESTRICTED/NATURE/10x10x5;Q-NEUTRAL;Q_UNRESTRICTED;0;A_UNRESTRICTED/NATURE/10x10x5;nature;10x10x5;10;5;10;500;DeBroglie;matched;15;2120748501;1;22c3c55d6cb822be;1;0;0;0;0;500;152;348;0,282509;0,282509;2,243429;2,024258;0,025606;0,649388;14;22;0;500;0,649388;0,63849
Q_UNRESTRICTED/NATURE/10x10x5;Q-NEUTRAL;Q_UNRESTRICTED;0;A_UNRESTRICTED/NATURE/10x10x5;nature;10x10x5;10;5;10;500;DeBroglie;matched;16;200637085;1;bc9ee87149c7d034;1;0;0;0;0;500;158;342;0,325502;0,325502;2,011149;1,721306;0,098786;0,625469;15;22;0;500;0,625469;0,610571
Q_UNRESTRICTED/NATURE/10x10x5;Q-NEUTRAL;Q_UNRESTRICTED;0;A_UNRESTRICTED/NATURE/10x10x5;nature;10x10x5;10;5;10;500;DeBroglie;matched;17;390496109;1;2fa4bfb9edce51a6;1;0;0;0;0;500;174;326;0,40988;0,40988;2,096486;1,982539;0,018992;0,552653;14;22;0;500;0,552653;0,531878
Q_UNRESTRICTED/NATURE/10x10x5;Q-NEUTRAL;Q_UNRESTRICTED;0;A_UNRESTRICTED/NATURE/10x10x5;nature;10x10x5;10;5;10;500;DeBroglie;matched;18;25464297;1;edf4c38c7d46b526;1;0;0;0;0;500;183;317;0,475375;0,475375;1,945971;1,882009;0,0146;0,614286;11;22;0;500;0,614286;0,593959
Q_UNRESTRICTED/NATURE/10x10x5;Q-NEUTRAL;Q_UNRESTRICTED;0;A_UNRESTRICTED/NATURE/10x10x5;nature;10x10x5;10;5;10;500;DeBroglie;matched;19;598622784;1;019234da91a07065;1;0;0;0;0;500;185;315;0,495302;0,495302;1,911524;1,789978;0,021153;0,610082;12;22;0;500;0,610082;0,589347
Q_UNRESTRICTED/NATURE/10x10x5;Q-NEUTRAL;Q_UNRESTRICTED;0;A_UNRESTRICTED/NATURE/10x10x5;nature;10x10x5;10;5;10;500;DeBroglie;matched;20;943958537;1;ccf0f9004fd2f317;1;0;0;0;0;500;158;342;0,337275;0,337275;2,120298;1,917272;0,091754;0,567918;14;22;0;500;0,567918;0,548653
Q_UNRESTRICTED/NATURE/10x10x5;Q-NEUTRAL;Q_UNRESTRICTED;0;A_UNRESTRICTED/NATURE/10x10x5;nature;10x10x5;10;5;10;500;DeBroglie;matched;21;1657751430;1;7b3a3bca41a1771f;1;0;0;0;0;500;164;336;0,349033;0,349033;2,167091;2,000858;0,041781;0,548653;14;22;0;500;0,548653;0,530408
Q_UNRESTRICTED/NATURE/10x10x5;Q-NEUTRAL;Q_UNRESTRICTED;0;A_UNRESTRICTED/NATURE/10x10x5;nature;10x10x5;10;5;10;500;DeBroglie;matched;22;580859337;1;e261ca8aab64e45b;1;0;0;0;0;500;165;335;0,339187;0,339187;2,163764;1,992758;0,105728;0,566939;17;22;0;500;0,566939;0,548041
Q_UNRESTRICTED/NATURE/10x10x5;Q-NEUTRAL;Q_UNRESTRICTED;0;A_UNRESTRICTED/NATURE/10x10x5;nature;10x10x5;10;5;10;500;DeBroglie;matched;23;1984710588;1;afe467bd75da8f77;1;0;0;0;0;500;181;319;0,462211;0,462211;1,962846;1,871885;0,035137;0,584163;11;22;0;500;0,584163;0,565388
Q_UNRESTRICTED/NATURE/10x10x5;Q-NEUTRAL;Q_UNRESTRICTED;0;A_UNRESTRICTED/NATURE/10x10x5;nature;10x10x5;10;5;10;500;DeBroglie;matched;24;1836996778;1;77c6e4e663d24aaf;1;0;0;0;0;500;170;330;0,36935;0,36935;2,079575;1,819638;0,154337;0,544122;15;22;0;500;0,544122;0,523755
Q_UNRESTRICTED/NATURE/10x10x5;Q-NEUTRAL;Q_UNRESTRICTED;0;A_UNRESTRICTED/NATURE/10x10x5;nature;10x10x5;10;5;10;500;DeBroglie;matched;25;772264890;1;c1863c4fe8cb69c2;1;0;0;0;0;500;190;310;0,518278;0,518278;1,52543;1,446934;0,0431;0,588408;7;22;0;500;0,588408;0,561061
Q_UNRESTRICTED/NATURE/10x10x5;Q-NEUTRAL;Q_UNRESTRICTED;0;A_UNRESTRICTED/NATURE/10x10x5;nature;10x10x5;10;5;10;500;DeBroglie;matched;26;1829968499;1;f32f3c3784961a6b;1;0;0;0;0;500;183;317;0,491954;0,491954;1,777454;1,716469;0,013806;0,602327;9;22;0;500;0,602327;0,581347
Q_UNRESTRICTED/NATURE/10x10x5;Q-NEUTRAL;Q_UNRESTRICTED;0;A_UNRESTRICTED/NATURE/10x10x5;nature;10x10x5;10;5;10;500;DeBroglie;matched;27;297525481;1;0292b7ea9a06b063;1;0;0;0;0;500;189;311;0,511108;0,511108;1,741723;1,677749;0,025789;0,588163;8;22;0;500;0,588163;0,561306
Q_UNRESTRICTED/NATURE/10x10x5;Q-NEUTRAL;Q_UNRESTRICTED;0;A_UNRESTRICTED/NATURE/10x10x5;nature;10x10x5;10;5;10;500;DeBroglie;matched;28;948671876;1;6d621c613655bcf8;1;0;0;0;0;500;169;331;0,375864;0,375864;1,988651;1,87436;0,045099;0,625592;15;22;0;500;0,625592;0,608653
Q_UNRESTRICTED/NATURE/10x10x5;Q-NEUTRAL;Q_UNRESTRICTED;0;A_UNRESTRICTED/NATURE/10x10x5;nature;10x10x5;10;5;10;500;DeBroglie;matched;29;1961900205;1;64ab8fffad853c39;1;0;0;0;0;500;164;336;0,351061;0,351061;2,10362;1,827828;0,014796;0,648327;14;22;0;500;0,648327;0,634735
Q_UNRESTRICTED/NATURE/10x10x5;Q-NEUTRAL;Q_UNRESTRICTED;0;A_UNRESTRICTED/NATURE/10x10x5;nature;10x10x5;10;5;10;500;DeBroglie;matched;30;386292813;1;b6b7583848b92f62;1;0;0;0;0;500;157;343;0,307117;0,307117;2,171273;2,002558;0,068742;0,54298;15;22;0;500;0,54298;0,523469
Q_UNRESTRICTED/NATURE/10x10x5;Q-NEUTRAL;Q_UNRESTRICTED;0;A_UNRESTRICTED/NATURE/10x10x5;nature;10x10x5;10;5;10;500;DeBroglie;matched;31;567199112;1;0e99aea2f191425d;1;0;0;0;0;500;169;331;0,370497;0,370497;1,921807;1,679179;0,028569;0,613102;14;22;0;500;0,613102;0,590531
Q_UNRESTRICTED/NATURE/10x10x5;Q-NEUTRAL;Q_UNRESTRICTED;0;A_UNRESTRICTED/NATURE/10x10x5;nature;10x10x5;10;5;10;500;DeBroglie;matched;32;132622293;1;4d29247472fd7b50;1;0;0;0;0;500;167;333;0,373853;0,373853;2,109475;1,950266;0,026453;0,565959;13;22;0;500;0,565959;0,543959
Q_UNRESTRICTED/NATURE/10x10x5;Q-NEUTRAL;Q_UNRESTRICTED;0;A_UNRESTRICTED/NATURE/10x10x5;nature;10x10x5;10;5;10;500;DeBroglie;matched;33;291749804;1;a32f027e4a070e2d;1;0;0;0;0;500;148;352;0,290027;0,290027;2,287287;1,984949;0,018452;0,545143;17;22;0;500;0,545143;0,532816
Q_UNRESTRICTED/NATURE/10x10x5;Q-NEUTRAL;Q_UNRESTRICTED;0;A_UNRESTRICTED/NATURE/10x10x5;nature;10x10x5;10;5;10;500;DeBroglie;matched;34;372449248;1;e1ded0b3e6f7f31d;1;0;0;0;0;500;175;325;0,422797;0,422797;1,777905;1,656046;0,071452;0,625592;12;22;0;500;0,625592;0,604776
Q_UNRESTRICTED/NATURE/10x10x5;Q-NEUTRAL;Q_UNRESTRICTED;0;A_UNRESTRICTED/NATURE/10x10x5;nature;10x10x5;10;5;10;500;DeBroglie;matched;35;848491485;1;34b66171c76fc227;1;0;0;0;0;500;157;343;0,309275;0,309275;2,200925;1,965202;0,204301;0,584571;16;22;0;500;0,584571;0,57151
Q_UNRESTRICTED/NATURE/10x10x5;Q-NEUTRAL;Q_UNRESTRICTED;0;A_UNRESTRICTED/NATURE/10x10x5;nature;10x10x5;10;5;10;500;DeBroglie;matched;36;120607987;1;1fca76e594d55de3;1;0;0;0;0;500;182;318;0,469985;0,469985;1,887512;1,814874;0,009709;0,568245;11;22;0;500;0,568245;0,543755
Q_UNRESTRICTED/NATURE/10x10x5;Q-NEUTRAL;Q_UNRESTRICTED;0;A_UNRESTRICTED/NATURE/10x10x5;nature;10x10x5;10;5;10;500;DeBroglie;matched;37;771160214;1;1d628a85a63f7df8;1;0;0;0;0;500;185;315;0,491709;0,491709;1,829271;1,741013;0,00834;0,60551;10;22;0;500;0,60551;0,588857
Q_UNRESTRICTED/NATURE/10x10x5;Q-NEUTRAL;Q_UNRESTRICTED;0;A_UNRESTRICTED/NATURE/10x10x5;nature;10x10x5;10;5;10;500;DeBroglie;matched;38;63760521;1;a74732910411e961;1;0;0;0;0;500;175;325;0,42126;0,42126;1,893742;1,746551;0,163152;0,615633;13;22;0;500;0,615633;0,591347
Q_UNRESTRICTED/NATURE/10x10x5;Q-NEUTRAL;Q_UNRESTRICTED;0;A_UNRESTRICTED/NATURE/10x10x5;nature;10x10x5;10;5;10;500;DeBroglie;matched;39;1135529940;1;9818a232562e7bb1;1;0;0;0;0;500;163;337;0,3396;0,3396;1,997987;1,730069;0,097108;0,563592;14;22;0;500;0,563592;0,544653
Q_UNRESTRICTED/NATURE/10x10x5;Q-NEUTRAL;Q_UNRESTRICTED;0;A_UNRESTRICTED/NATURE/10x10x5;nature;10x10x5;10;5;10;500;DeBroglie;matched;40;1752376880;1;29427fa0c267d161;1;0;0;0;0;500;163;337;0,332249;0,332249;2,241319;2,035665;0,005831;0,637102;14;22;0;500;0,637102;0,621673
Q_UNRESTRICTED/NATURE/10x10x5;Q-NEUTRAL;Q_UNRESTRICTED;0;A_UNRESTRICTED/NATURE/10x10x5;nature;10x10x5;10;5;10;500;DeBroglie;matched;41;1343038208;1;20946de643eff809;1;0;0;0;0;500;160;340;0,335161;0,335161;2,239119;2,014482;0,060277;0,572531;14;22;0;500;0,572531;0,555918
Q_UNRESTRICTED/NATURE/10x10x5;Q-NEUTRAL;Q_UNRESTRICTED;0;A_UNRESTRICTED/NATURE/10x10x5;nature;10x10x5;10;5;10;500;DeBroglie;matched;42;1754814963;1;0ced368fd43e17ca;1;0;0;0;0;500;184;316;0,476975;0,476975;1,830111;1,726774;0,014593;0,614122;12;22;0;500;0,614122;0,594531
Q_UNRESTRICTED/NATURE/10x10x5;Q-NEUTRAL;Q_UNRESTRICTED;0;A_UNRESTRICTED/NATURE/10x10x5;nature;10x10x5;10;5;10;500;DeBroglie;matched;43;239911896;1;5cd8bfa2c53f7099;1;0;0;0;0;500;180;320;0,478336;0,478336;1,848605;1,7816;0,017116;0,608041;10;22;0;500;0,608041;0,584857
Q_UNRESTRICTED/NATURE/10x10x5;Q-NEUTRAL;Q_UNRESTRICTED;0;A_UNRESTRICTED/NATURE/10x10x5;nature;10x10x5;10;5;10;500;DeBroglie;matched;44;52946638;1;887a0c624cfabcb3;1;0;0;0;0;500;165;335;0,361677;0,361677;1,993874;1,765149;0,112159;0,621633;14;22;0;500;0,621633;0,604449
Q_UNRESTRICTED/NATURE/10x10x5;Q-NEUTRAL;Q_UNRESTRICTED;0;A_UNRESTRICTED/NATURE/10x10x5;nature;10x10x5;10;5;10;500;DeBroglie;matched;45;551827430;1;21d42eec282ae5c2;1;0;0;0;0;500;183;317;0,472816;0,472816;1,956384;1,838212;0,036865;0,589551;13;22;0;500;0,589551;0,571633
Q_UNRESTRICTED/NATURE/10x10x5;Q-NEUTRAL;Q_UNRESTRICTED;0;A_UNRESTRICTED/NATURE/10x10x5;nature;10x10x5;10;5;10;500;DeBroglie;matched;46;1221848588;1;c6cb4dfcb330374c;1;0;0;0;0;500;188;312;0,496952;0,496952;1,815174;1,719722;0,045148;0,600694;12;22;0;500;0,600694;0,57498
Q_UNRESTRICTED/NATURE/10x10x5;Q-NEUTRAL;Q_UNRESTRICTED;0;A_UNRESTRICTED/NATURE/10x10x5;nature;10x10x5;10;5;10;500;DeBroglie;matched;47;1936894960;2;02dcd9c9dec676c2;1;0;0;0;0;500;165;335;0,343953;0,343953;2,083208;1,893848;0,103613;0,560122;16;22;0;500;0,560122;0,541388
Q_UNRESTRICTED/NATURE/10x10x5;Q-NEUTRAL;Q_UNRESTRICTED;0;A_UNRESTRICTED/NATURE/10x10x5;nature;10x10x5;10;5;10;500;DeBroglie;matched;48;2130651005;1;c051f16e75ad2398;1;0;0;0;0;500;183;317;0,477464;0,477464;1,814188;1,644549;0,047776;0,578082;10;22;0;500;0,578082;0,548857
Q_UNRESTRICTED/NATURE/10x10x5;Q-NEUTRAL;Q_UNRESTRICTED;0;A_UNRESTRICTED/NATURE/10x10x5;nature;10x10x5;10;5;10;500;DeBroglie;matched;49;1624538518;1;aab24c56bf5c53e4;1;0;0;0;0;500;170;330;0,407779;0,407779;1,92536;1,717725;0,003207;0,555469;12;22;0;500;0,555469;0,532122
Q_UNRESTRICTED/NATURE/20x20x5;Q-NEUTRAL;Q_UNRESTRICTED;0;A_UNRESTRICTED/NATURE/20x20x5;nature;20x20x5;20;5;20;2000;ThisWork;heap;0;1751692542;1;c9ada0b0aaf5f128;1;0;0;0;0;2000;734;1266;0,476115;0,476115;1,907116;1,875686;0,00554;0,571337;14;22;0;2000;0,571337;0,544663
Q_UNRESTRICTED/NATURE/20x20x5;Q-NEUTRAL;Q_UNRESTRICTED;0;A_UNRESTRICTED/NATURE/20x20x5;nature;20x20x5;20;5;20;2000;ThisWork;heap;1;1346610679;1;6922d0465a33cd5b;1;0;0;0;0;2000;681;1319;0,376737;0,376737;2,0911;2,000684;0,048848;0,539694;19;22;0;2000;0,539694;0,515551
Q_UNRESTRICTED/NATURE/20x20x5;Q-NEUTRAL;Q_UNRESTRICTED;0;A_UNRESTRICTED/NATURE/20x20x5;nature;20x20x5;20;5;20;2000;ThisWork;heap;2;1433193478;1;dafccaac39ff6816;1;0;0;0;0;2000;731;1269;0,479945;0,479945;1,870023;1,837509;0,007636;0,555847;13;22;0;2000;0,555847;0,526929
Q_UNRESTRICTED/NATURE/20x20x5;Q-NEUTRAL;Q_UNRESTRICTED;0;A_UNRESTRICTED/NATURE/20x20x5;nature;20x20x5;20;5;20;2000;ThisWork;heap;3;1292816822;1;94a87271857412e0;1;0;0;0;0;2000;737;1263;0,478051;0,478051;1,79949;1,755226;0,014116;0,562418;16;22;0;2000;0,562418;0,533184
Q_UNRESTRICTED/NATURE/20x20x5;Q-NEUTRAL;Q_UNRESTRICTED;0;A_UNRESTRICTED/NATURE/20x20x5;nature;20x20x5;20;5;20;2000;ThisWork;heap;4;324728292;1;8f898e200e0983e7;1;0;0;0;0;2000;702;1298;0,4063;0,4063;2,110391;2,041716;0,029518;0,537867;18;22;0;2000;0,537867;0,512163
Q_UNRESTRICTED/NATURE/20x20x5;Q-NEUTRAL;Q_UNRESTRICTED;0;A_UNRESTRICTED/NATURE/20x20x5;nature;20x20x5;20;5;20;2000;ThisWork;heap;5;1786960192;1;7063f81126bc31c2;1;0;0;0;0;2000;725;1275;0,47287;0,47287;1,8417;1,816127;0,007892;0,545184;14;22;0;2000;0,545184;0,516327
Q_UNRESTRICTED/NATURE/20x20x5;Q-NEUTRAL;Q_UNRESTRICTED;0;A_UNRESTRICTED/NATURE/20x20x5;nature;20x20x5;20;5;20;2000;ThisWork;heap;6;766343282;1;c361f41912e64ff2;1;0;0;0;0;2000;743;1257;0,490844;0,490844;1,827321;1,795919;0,004605;0,566684;14;22;0;2000;0,566684;0,542786
Q_UNRESTRICTED/NATURE/20x20x5;Q-NEUTRAL;Q_UNRESTRICTED;0;A_UNRESTRICTED/NATURE/20x20x5;nature;20x20x5;20;5;20;2000;ThisWork;heap;7;2139041271;1;5c2bd792d5ca4e78;1;0;0;0;0;2000;757;1243;0,507922;0,507922;1,800218;1,765657;0,016031;0,560459;12;22;0;2000;0,560459;0,526847
Q_UNRESTRICTED/NATURE/20x20x5;Q-NEUTRAL;Q_UNRESTRICTED;0;A_UNRESTRICTED/NATURE/20x20x5;nature;20x20x5;20;5;20;2000;ThisWork;heap;8;39367924;1;9a434f696b91946e;1;0;0;0;0;2000;736;1264;0,474131;0,474131;1,839338;1,790863;0,002995;0,564408;15;22;0;2000;0,564408;0,535633
Q_UNRESTRICTED/NATURE/20x20x5;Q-NEUTRAL;Q_UNRESTRICTED;0;A_UNRESTRICTED/NATURE/20x20x5;nature;20x20x5;20;5;20;2000;ThisWork;heap;9;135043018;1;405a86f0f75d301d;1;0;0;0;0;2000;709;1291;0,411367;0,411367;2,114297;2,03128;0,041374;0,5655;19;22;0;2000;0,5655;0,540663
Q_UNRESTRICTED/NATURE/20x20x5;Q-NEUTRAL;Q_UNRESTRICTED;0;A_UNRESTRICTED/NATURE/20x20x5;nature;20x20x5;20;5;20;2000;ThisWork;heap;10;1265202527;1;7dd1404b3a7668aa;1;0;0;0;0;2000;700;1300;0,397676;0,397676;2,048747;1,965945;0,010882;0,553765;18;22;0;2000;0,553765;0,529776
Q_UNRESTRICTED/NATURE/20x20x5;Q-NEUTRAL;Q_UNRESTRICTED;0;A_UNRESTRICTED/NATURE/20x20x5;nature;20x20x5;20;5;20;2000;ThisWork;heap;11;1309665001;1;581c45e386a5e366;1;0;0;0;0;2000;700;1300;0,403611;0,403611;1,990702;1,919386;0,052091;0,547449;16;22;0;2000;0,547449;0,522184
Q_UNRESTRICTED/NATURE/20x20x5;Q-NEUTRAL;Q_UNRESTRICTED;0;A_UNRESTRICTED/NATURE/20x20x5;nature;20x20x5;20;5;20;2000;ThisWork;heap;12;1568126094;1;0fd507e57ca75fe5;1;0;0;0;0;2000;681;1319;0,36623;0,36623;2,157265;2,037751;0,03805;0,630714;20;22;0;2000;0,630714;0,610051
Q_UNRESTRICTED/NATURE/20x20x5;Q-NEUTRAL;Q_UNRESTRICTED;0;A_UNRESTRICTED/NATURE/20x20x5;nature;20x20x5;20;5;20;2000;ThisWork;heap;13;1630575181;1;971e7673cf9fac8c;1;0;0;0;0;2000;752;1248;0,493788;0,493788;1,759735;1,729893;0,013102;0,583235;15;22;0;2000;0,583235;0,554337
Q_UNRESTRICTED/NATURE/20x20x5;Q-NEUTRAL;Q_UNRESTRICTED;0;A_UNRESTRICTED/NATURE/20x20x5;nature;20x20x5;20;5;20;2000;ThisWork;heap;14;1707026688;1;c3c273cab12bf57e;1;0;0;0;0;2000;731;1269;0,476072;0,476072;1,86995;1,848362;0,002063;0,554714;14;22;0;2000;0,554714;0,524796
Q_UNRESTRICTED/NATURE/20x20x5;Q-NEUTRAL;Q_UNRESTRICTED;0;A_UNRESTRICTED/NATURE/20x20x5;nature;20x20x5;20;5;20;2000;ThisWork;heap;15;1975312873;1;898dbf583b824864;1;0;0;0;0;2000;722;1278;0,491819;0,491819;1,809168;1,788632;0,003551;0,573561;12;22;0;2000;0,573561;0,544337
Q_UNRESTRICTED/NATURE/20x20x5;Q-NEUTRAL;Q_UNRESTRICTED;0;A_UNRESTRICTED/NATURE/20x20x5;nature;20x20x5;20;5;20;2000;ThisWork;heap;16;1203040351;1;4693e048c83e716f;1;0;0;0;0;2000;734;1266;0,487221;0,487221;1,820042;1,799175;0,006677;0,547051;12;22;0;2000;0,547051;0,515194
Q_UNRESTRICTED/NATURE/20x20x5;Q-NEUTRAL;Q_UNRESTRICTED;0;A_UNRESTRICTED/NATURE/20x20x5;nature;20x20x5;20;5;20;2000;ThisWork;heap;17;1558948460;1;cf941305885b229f;1;0;0;0;0;2000;742;1258;0,487499;0,487499;1,731771;1,694158;0,041311;0,589418;14;22;0;2000;0,589418;0,562357
Q_UNRESTRICTED/NATURE/20x20x5;Q-NEUTRAL;Q_UNRESTRICTED;0;A_UNRESTRICTED/NATURE/20x20x5;nature;20x20x5;20;5;20;2000;ThisWork;heap;18;887055643;1;d9e585fd78d4a200;1;0;0;0;0;2000;744;1256;0,493192;0,493192;1,813861;1,794435;0,002245;0,556694;12;22;0;2000;0,556694;0,52549
Q_UNRESTRICTED/NATURE/20x20x5;Q-NEUTRAL;Q_UNRESTRICTED;0;A_UNRESTRICTED/NATURE/20x20x5;nature;20x20x5;20;5;20;2000;ThisWork;heap;19;284241874;1;1f88bd6c4f81fc94;1;0;0;0;0;2000;724;1276;0,465226;0,465226;1,943188;1,908919;0,005864;0,546204;16;22;0;2000;0,546204;0,51648
Q_UNRESTRICTED/NATURE/20x20x5;Q-NEUTRAL;Q_UNRESTRICTED;0;A_UNRESTRICTED/NATURE/20x20x5;nature;20x20x5;20;5;20;2000;ThisWork;heap;20;1637155234;1;29ff891d37467002;1;0;0;0;0;2000;743;1257;0,48646;0,48646;1,873295;1,835745;0,00391;0,5525;15;22;0;2000;0,5525;0,523888
Q_UNRESTRICTED/NATURE/20x20x5;Q-NEUTRAL;Q_UNRESTRICTED;0;A_UNRESTRICTED/NATURE/20x20x5;nature;20x20x5;20;5;20;2000;ThisWork;heap;21;1025804341;1;3a232c93dde0d4a6;1;0;0;0;0;2000;697;1303;0,399424;0,399424;2,089006;2,010038;0,021313;0,544041;19;22;0;2000;0,544041;0,516653
Q_UNRESTRICTED/NATURE/20x20x5;Q-NEUTRAL;Q_UNRESTRICTED;0;A_UNRESTRICTED/NATURE/20x20x5;nature;20x20x5;20;5;20;2000;ThisWork;heap;22;2039363896;1;a21f32ba6c6de54c;1;0;0;0;0;2000;696;1304;0,390361;0,390361;2,041161;1,95566;0,01959;0,551102;19;22;0;2000;0,551102;0,523745
Q_UNRESTRICTED/NATURE/20x20x5;Q-NEUTRAL;Q_UNRESTRICTED;0;A_UNRESTRICTED/NATURE/20x20x5;nature;20x20x5;20;5;20;2000;ThisWork;heap;23;311583235;1;a773161fb015bb2c;1;0;0;0;0;2000;743;1257;0,496267;0,496267;1,849375;1,815289;0,00324;0,539612;13;22;0;2000;0,539612;0,505612
Q_UNRESTRICTED/NATURE/20x20x5;Q-NEUTRAL;Q_UNRESTRICTED;0;A_UNRESTRICTED/NATURE/20x20x5;nature;20x20x5;20;5;20;2000;ThisWork;heap;24;1566528703;1;d8eb33151945bf86;1;0;0;0;0;2000;697;1303;0,393296;0,393296;1,983107;1,912292;0,034139;0,556061;19;22;0;2000;0,556061;0,52651
Q_UNRESTRICTED/NATURE/20x20x5;Q-NEUTRAL;Q_UNRESTRICTED;0;A_UNRESTRICTED/NATURE/20x20x5;nature;20x20x5;20;5;20;2000;ThisWork;heap;25;1182153772;1;67c9b443cb0c60d2;1;0;0;0;0;2000;700;1300;0,398255;0,398255;2,0974;2,060753;0,002405;0,541898;20;22;0;2000;0,541898;0,515633
Q_UNRESTRICTED/NATURE/20x20x5;Q-NEUTRAL;Q_UNRESTRICTED;0;A_UNRESTRICTED/NATURE/20x20x5;nature;20x20x5;20;5;20;2000;ThisWork;heap;26;445534188;1;3c5e6e1dba584be4;1;0;0;0;0;2000;699;1301;0,407368;0,407368;2,071071;1,989611;0,041128;0,533888;17;22;0;2000;0,533888;0,506663
Q_UNRESTRICTED/NATURE/20x20x5;Q-NEUTRAL;Q_UNRESTRICTED;0;A_UNRESTRICTED/NATURE/20x20x5;nature;20x20x5;20;5;20;2000;ThisWork;heap;27;650363247;1;36a1e31a07a4e2e4;1;0;0;0;0;2000;701;1299;0,407932;0,407932;2,071189;1,975446;0,007675;0,553969;17;22;0;2000;0,553969;0,528184
Q_UNRESTRICTED/NATURE/20x20x5;Q-NEUTRAL;Q_UNRESTRICTED;0;A_UNRESTRICTED/NATURE/20x20x5;nature;20x20x5;20;5;20;2000;ThisWork;heap;28;574417053;1;d6e0c16023d62b02;1;0;0;0;0;2000;711;1289;0,415125;0,415125;2,035232;1,955206;0,008921;0,557439;17;22;0;2000;0,557439;0,528918
Q_UNRESTRICTED/NATURE/20x20x5;Q-NEUTRAL;Q_UNRESTRICTED;0;A_UNRESTRICTED/NATURE/20x20x5;nature;20x20x5;20;5;20;2000;ThisWork;heap;29;444381074;1;4fbe3c78b0e19f99;1;0;0;0;0;2000;740;1260;0,486206;0,486206;1,792404;1,746369;0,02681;0,540367;13;22;0;2000;0,540367;0,506439
Q_UNRESTRICTED/NATURE/20x20x5;Q-NEUTRAL;Q_UNRESTRICTED;0;A_UNRESTRICTED/NATURE/20x20x5;nature;20x20x5;20;5;20;2000;ThisWork;heap;30;283256044;1;c0b79ad3eae5e106;1;0;0;0;0;2000;704;1296;0,413745;0,413745;2,006065;1,932998;0,00977;0,535541;16;22;0;2000;0,535541;0,507306
Q_UNRESTRICTED/NATURE/20x20x5;Q-NEUTRAL;Q_UNRESTRICTED;0;A_UNRESTRICTED/NATURE/20x20x5;nature;20x20x5;20;5;20;2000;ThisWork;heap;31;336058965;1;58a0484a8f07094b;1;0;0;0;0;2000;759;1241;0,504;0,504;1,803674;1,770896;0,0088;0,563765;13;22;0;2000;0,563765;0,533765
Q_UNRESTRICTED/NATURE/20x20x5;Q-NEUTRAL;Q_UNRESTRICTED;0;A_UNRESTRICTED/NATURE/20x20x5;nature;20x20x5;20;5;20;2000;ThisWork;heap;32;2051799558;1;0a56c56ab4bb7fe4;1;0;0;0;0;2000;715;1285;0,426705;0,426705;2,003365;1,941575;0,025715;0,550122;15;22;0;2000;0,550122;0,521816
Q_UNRESTRICTED/NATURE/20x20x5;Q-NEUTRAL;Q_UNRESTRICTED;0;A_UNRESTRICTED/NATURE/20x20x5;nature;20x20x5;20;5;20;2000;ThisWork;heap;33;312397125;1;9f8e0a6c6f72b93e;1;0;0;0;0;2000;732;1268;0,476248;0,476248;1,805533;1,757748;0,010325;0,557327;14;22;0;2000;0,557327;0,525653
Q_UNRESTRICTED/NATURE/20x20x5;Q-NEUTRAL;Q_UNRESTRICTED;0;A_UNRESTRICTED/NATURE/20x20x5;nature;20x20x5;20;5;20;2000;ThisWork;heap;34;1917122001;1;be9ad4fce3ac194b;1;0;0;0;0;2000;717;1283;0,431569;0,431569;1,890797;1,813564;0,015633;0,598786;14;22;0;2000;0,598786;0,573582
Q_UNRESTRICTED/NATURE/20x20x5;Q-NEUTRAL;Q_UNRESTRICTED;0;A_UNRESTRICTED/NATURE/20x20x5;nature;20x20x5;20;5;20;2000;ThisWork;heap;35;1280218957;1;9d2b7844260a3fdd;1;0;0;0;0;2000;741;1259;0,484183;0,484183;1,881528;1,853938;0,01713;0,536898;13;22;0;2000;0,536898;0,506439
Q_UNRESTRICTED/NATURE/20x20x5;Q-NEUTRAL;Q_UNRESTRICTED;0;A_UNRESTRICTED/NATURE/20x20x5;nature;20x20x5;20;5;20;2000;ThisWork;heap;36;163370345;1;8fc1c373594b11b5;1;0;0;0;0;2000;699;1301;0,402139;0,402139;1,968879;1,925528;0,002346;0,557173;18;22;0;2000;0,557173;0,529255
Q_UNRESTRICTED/NATURE/20x20x5;Q-NEUTRAL;Q_UNRESTRICTED;0;A_UNRESTRICTED/NATURE/20x20x5;nature;20x20x5;20;5;20;2000;ThisWork;heap;37;2019826575;1;bfe2c3e6e73cac51;1;0;0;0;0;2000;706;1294;0,414361;0,414361;2,068109;1,981725;0,027227;0,60348;17;22;0;2000;0,60348;0,58052
Q_UNRESTRICTED/NATURE/20x20x5;Q-NEUTRAL;Q_UNRESTRICTED;0;A_UNRESTRICTED/NATURE/20x20x5;nature;20x20x5;20;5;20;2000;ThisWork;heap;38;1548632157;1;2a3b6d0b53d05e77;1;0;0;0;0;2000;680;1320;0,344222;0,344222;2,126346;2,021512;0,010905;0,561857;19;22;0;2000;0,561857;0,535204
Q_UNRESTRICTED/NATURE/20x20x5;Q-NEUTRAL;Q_UNRESTRICTED;0;A_UNRESTRICTED/NATURE/20x20x5;nature;20x20x5;20;5;20;2000;ThisWork;heap;39;350454172;1;1ff3eb6af559eb02;1;0;0;0;0;2000;744;1256;0,483346;0,483346;1,769889;1,739023;0,002967;0,559357;15;22;0;2000;0,559357;0,527031
Q_UNRESTRICTED/NATURE/20x20x5;Q-NEUTRAL;Q_UNRESTRICTED;0;A_UNRESTRICTED/NATURE/20x20x5;nature;20x20x5;20;5;20;2000;ThisWork;heap;40;1631029778;1;c8b9ffd5827366b8;1;0;0;0;0;2000;737;1263;0,484524;0,484524;1,835745;1,815212;0,002354;0,551388;15;22;0;2000;0,551388;0,519163
Q_UNRESTRICTED/NATURE/20x20x5;Q-NEUTRAL;Q_UNRESTRICTED;0;A_UNRESTRICTED/NATURE/20x20x5;nature;20x20x5;20;5;20;2000;ThisWork;heap;41;1438741593;1;239256c833907940;1;0;0;0;0;2000;701;1299;0,405071;0,405071;2,002944;1,930791;0,009594;0,534663;17;22;0;2000;0,534663;0,506163
Q_UNRESTRICTED/NATURE/20x20x5;Q-NEUTRAL;Q_UNRESTRICTED;0;A_UNRESTRICTED/NATURE/20x20x5;nature;20x20x5;20;5;20;2000;ThisWork;heap;42;1808950762;1;0ba94e5a5e637f23;1;0;0;0;0;2000;681;1319;0,38954;0,38954;2,066336;1,982974;0,039229;0,564122;16;22;0;2000;0,564122;0,539969
Q_UNRESTRICTED/NATURE/20x20x5;Q-NEUTRAL;Q_UNRESTRICTED;0;A_UNRESTRICTED/NATURE/20x20x5;nature;20x20x5;20;5;20;2000;ThisWork;heap;43;1102996118;1;8a62f457097e5d4c;1;0;0;0;0;2000;744;1256;0,49284;0,49284;1,867307;1,831116;0,013548;0,573704;13;22;0;2000;0,573704;0,546265
Q_UNRESTRICTED/NATURE/20x20x5;Q-NEUTRAL;Q_UNRESTRICTED;0;A_UNRESTRICTED/NATURE/20x20x5;nature;20x20x5;20;5;20;2000;ThisWork;heap;44;1149351965;1;5ff6a65aa20c37fd;1;0;0;0;0;2000;721;1279;0,429871;0,429871;1,94507;1,885834;0,022755;0,559541;15;22;0;2000;0,559541;0,530092
Q_UNRESTRICTED/NATURE/20x20x5;Q-NEUTRAL;Q_UNRESTRICTED;0;A_UNRESTRICTED/NATURE/20x20x5;nature;20x20x5;20;5;20;2000;ThisWork;heap;45;2134922080;1;352cad3f2a24100c;1;0;0;0;0;2000;688;1312;0,388974;0,388974;2,054201;1,973054;0,045093;0,527051;19;22;0;2000;0,527051;0,498745
Q_UNRESTRICTED/NATURE/20x20x5;Q-NEUTRAL;Q_UNRESTRICTED;0;A_UNRESTRICTED/NATURE/20x20x5;nature;20x20x5;20;5;20;2000;ThisWork;heap;46;525122679;1;6197200173a075c4;1;0;0;0;0;2000;705;1295;0,407495;0,407495;2,049499;1,973043;0,021724;0,559122;18;22;0;2000;0,559122;0,531663
Q_UNRESTRICTED/NATURE/20x20x5;Q-NEUTRAL;Q_UNRESTRICTED;0;A_UNRESTRICTED/NATURE/20x20x5;nature;20x20x5;20;5;20;2000;ThisWork;heap;47;1682770035;1;8459fad19904629d;1;0;0;0;0;2000;722;1278;0,461797;0,461797;1,915661;1,885022;0,006631;0,56252;15;22;0;2000;0,56252;0,536061
Q_UNRESTRICTED/NATURE/20x20x5;Q-NEUTRAL;Q_UNRESTRICTED;0;A_UNRESTRICTED/NATURE/20x20x5;nature;20x20x5;20;5;20;2000;ThisWork;heap;48;814345770;1;8c2a5dedb17d08df;1;0;0;0;0;2000;726;1274;0,468935;0,468935;1,939146;1,910419;0,005725;0,577469;15;22;0;2000;0,577469;0,552204
Q_UNRESTRICTED/NATURE/20x20x5;Q-NEUTRAL;Q_UNRESTRICTED;0;A_UNRESTRICTED/NATURE/20x20x5;nature;20x20x5;20;5;20;2000;ThisWork;heap;49;764715473;1;525e3be917702a61;1;0;0;0;0;2000;686;1314;0,379991;0,379991;2,074222;1,991778;0,034089;0,563684;19;22;0;2000;0,563684;0,537316
Q_UNRESTRICTED/NATURE/20x20x5;Q-NEUTRAL;Q_UNRESTRICTED;0;A_UNRESTRICTED/NATURE/20x20x5;nature;20x20x5;20;5;20;2000;Gumin;simple-tiled-3d;0;1751692542;1;9ec6250b158f80ea;1;0;0;0;0;2000;737;1263;0,486975;0,486975;1,879409;1,859424;0,002227;0,56352;12;22;0;2000;0,56352;0,535684
Q_UNRESTRICTED/NATURE/20x20x5;Q-NEUTRAL;Q_UNRESTRICTED;0;A_UNRESTRICTED/NATURE/20x20x5;nature;20x20x5;20;5;20;2000;Gumin;simple-tiled-3d;1;1346610679;2;8cd233f21ac80576;1;0;0;0;0;2000;698;1302;0,391657;0,391657;2,076514;1,982543;0,046898;0,534439;21;22;0;2000;0,534439;0,50648
Q_UNRESTRICTED/NATURE/20x20x5;Q-NEUTRAL;Q_UNRESTRICTED;0;A_UNRESTRICTED/NATURE/20x20x5;nature;20x20x5;20;5;20;2000;Gumin;simple-tiled-3d;2;1433193478;1;bddb7e0e95f27449;1;0;0;0;0;2000;741;1259;0,480962;0,480962;1,901016;1,865109;0,00454;0,557122;15;22;0;2000;0,557122;0,525306
Q_UNRESTRICTED/NATURE/20x20x5;Q-NEUTRAL;Q_UNRESTRICTED;0;A_UNRESTRICTED/NATURE/20x20x5;nature;20x20x5;20;5;20;2000;Gumin;simple-tiled-3d;3;1292816822;1;a69f8b1882d3147a;1;0;0;0;0;2000;735;1265;0,472436;0,472436;1,911386;1,863592;0,007368;0,558337;15;22;0;2000;0,558337;0,53102
Q_UNRESTRICTED/NATURE/20x20x5;Q-NEUTRAL;Q_UNRESTRICTED;0;A_UNRESTRICTED/NATURE/20x20x5;nature;20x20x5;20;5;20;2000;Gumin;simple-tiled-3d;4;324728292;1;82046c26f93c8046;1;0;0;0;0;2000;719;1281;0,434152;0,434152;1,954823;1,901954;0,049309;0,540847;15;22;0;2000;0,540847;0,509133
Q_UNRESTRICTED/NATURE/20x20x5;Q-NEUTRAL;Q_UNRESTRICTED;0;A_UNRESTRICTED/NATURE/20x20x5;nature;20x20x5;20;5;20;2000;Gumin;simple-tiled-3d;5;1786960192;1;770e042061ca7882;1;0;0;0;0;2000;747;1253;0,492691;0,492691;1,750985;1,723371;0,004085;0,541561;14;22;0;2000;0,541561;0,507867
Q_UNRESTRICTED/NATURE/20x20x5;Q-NEUTRAL;Q_UNRESTRICTED;0;A_UNRESTRICTED/NATURE/20x20x5;nature;20x20x5;20;5;20;2000;Gumin;simple-tiled-3d;6;766343282;1;b1a2b726cc357448;1;0;0;0;0;2000;753;1247;0,495562;0,495562;1,783323;1,752255;0,006517;0,545051;13;22;0;2000;0,545051;0,510551
Q_UNRESTRICTED/NATURE/20x20x5;Q-NEUTRAL;Q_UNRESTRICTED;0;A_UNRESTRICTED/NATURE/20x20x5;nature;20x20x5;20;5;20;2000;Gumin;simple-tiled-3d;7;2139041271;1;ae84ae7e2140b477;1;0;0;0;0;2000;750;1250;0,492066;0,492066;1,844367;1,808151;0,009848;0,55949;15;22;0;2000;0,55949;0,529306
Q_UNRESTRICTED/NATURE/20x20x5;Q-NEUTRAL;Q_UNRESTRICTED;0;A_UNRESTRICTED/NATURE/20x20x5;nature;20x20x5;20;5;20;2000;Gumin;simple-tiled-3d;8;39367924;1;1ff2ea83d9e7bbb8;1;0;0;0;0;2000;719;1281;0,455905;0,455905;1,920407;1,88545;0,012258;0,58401;15;22;0;2000;0,58401;0,559827
Q_UNRESTRICTED/NATURE/20x20x5;Q-NEUTRAL;Q_UNRESTRICTED;0;A_UNRESTRICTED/NATURE/20x20x5;nature;20x20x5;20;5;20;2000;Gumin;simple-tiled-3d;9;135043018;1;28256c1d699e700e;1;0;0;0;0;2000;708;1292;0,41474;0,41474;2,048896;1,982281;0,018941;0,574724;18;22;0;2000;0,574724;0,551337
Q_UNRESTRICTED/NATURE/20x20x5;Q-NEUTRAL;Q_UNRESTRICTED;0;A_UNRESTRICTED/NATURE/20x20x5;nature;20x20x5;20;5;20;2000;Gumin;simple-tiled-3d;10;1265202527;1;fae5f8eee1519871;1;0;0;0;0;2000;699;1301;0,394544;0,394544;2,066731;1,992287;0,019749;0,564306;20;22;0;2000;0,564306;0,539082
Q_UNRESTRICTED/NATURE/20x20x5;Q-NEUTRAL;Q_UNRESTRICTED;0;A_UNRESTRICTED/NATURE/20x20x5;nature;20x20x5;20;5;20;2000;Gumin;simple-tiled-3d;11;1309665001;1;b2220026fd0a7b3f;1;0;0;0;0;2000;682;1318;0,374213;0,374213;2,153189;2,070833;0,039432;0,532255;19;22;0;2000;0,532255;0,50852
Q_UNRESTRICTED/NATURE/20x20x5;Q-NEUTRAL;Q_UNRESTRICTED;0;A_UNRESTRICTED/NATURE/20x20x5;nature;20x20x5;20;5;20;2000;Gumin;simple-tiled-3d;12;1568126094;1;56f8d1e5b55293bb;1;0;0;0;0;2000;706;1294;0,407648;0,407648;1,984013;1,853714;0,00988;0,604633;20;22;0;2000;0,604633;0,58
Q_UNRESTRICTED/NATURE/20x20x5;Q-NEUTRAL;Q_UNRESTRICTED;0;A_UNRESTRICTED/NATURE/20x20x5;nature;20x20x5;20;5;20;2000;Gumin;simple-tiled-3d;13;1630575181;1;a2c6e2d6bf719d7f;1;0;0;0;0;2000;762;1238;0,511017;0,511017;1,753903;1,733548;0,004869;0,562541;12;22;0;2000;0,562541;0,530184
Q_UNRESTRICTED/NATURE/20x20x5;Q-NEUTRAL;Q_UNRESTRICTED;0;A_UNRESTRICTED/NATURE/20x20x5;nature;20x20x5;20;5;20;2000;Gumin;simple-tiled-3d;14;1707026688;1;edff3174a911823f;1;0;0;0;0;2000;748;1252;0,492597;0,492597;1,78565;1,731939;0,029287;0,557684;14;22;0;2000;0,557684;0,523837
Q_UNRESTRICTED/NATURE/20x20x5;Q-NEUTRAL;Q_UNRESTRICTED;0;A_UNRESTRICTED/NATURE/20x20x5;nature;20x20x5;20;5;20;2000;Gumin;simple-tiled-3d;15;1975312873;1;5cd7c7f3945a923f;1;0;0;0;0;2000;725;1275;0,479928;0,479928;1,883904;1,843089;0,005509;0,563459;15;22;0;2000;0,563459;0,534337
Q_UNRESTRICTED/NATURE/20x20x5;Q-NEUTRAL;Q_UNRESTRICTED;0;A_UNRESTRICTED/NATURE/20x20x5;nature;20x20x5;20;5;20;2000;Gumin;simple-tiled-3d;16;1203040351;1;72acf619303d097d;1;0;0;0;0;2000;723;1277;0,465927;0,465927;1,854989;1,819661;0,010619;0,564765;16;22;0;2000;0,564765;0,536602
Q_UNRESTRICTED/NATURE/20x20x5;Q-NEUTRAL;Q_UNRESTRICTED;0;A_UNRESTRICTED/NATURE/20x20x5;nature;20x20x5;20;5;20;2000;Gumin;simple-tiled-3d;17;1558948460;1;5934fc667f325380;1;0;0;0;0;2000;712;1288;0,450835;0,450835;1,886726;1,837143;0,018345;0,58202;15;22;0;2000;0,58202;0,555765
Q_UNRESTRICTED/NATURE/20x20x5;Q-NEUTRAL;Q_UNRESTRICTED;0;A_UNRESTRICTED/NATURE/20x20x5;nature;20x20x5;20;5;20;2000;Gumin;simple-tiled-3d;18;887055643;1;0fcc8d141dd9b072;1;0;0;0;0;2000;747;1253;0,488076;0,488076;1,858119;1,825622;0,005647;0,574296;15;22;0;2000;0,574296;0,544929
Q_UNRESTRICTED/NATURE/20x20x5;Q-NEUTRAL;Q_UNRESTRICTED;0;A_UNRESTRICTED/NATURE/20x20x5;nature;20x20x5;20;5;20;2000;Gumin;simple-tiled-3d;19;284241874;1;3cec4458ed864fff;1;0;0;0;0;2000;729;1271;0,46883;0,46883;1,907721;1,874158;0,004745;0,579908;15;22;0;2000;0,579908;0,555102
Q_UNRESTRICTED/NATURE/20x20x5;Q-NEUTRAL;Q_UNRESTRICTED;0;A_UNRESTRICTED/NATURE/20x20x5;nature;20x20x5;20;5;20;2000;Gumin;simple-tiled-3d;20;1637155234;1;b246d2c32c59364f;1;0;0;0;0;2000;743;1257;0,481738;0,481738;1,893334;1,867101;0,006295;0,560112;15;22;0;2000;0,560112;0,532337
Q_UNRESTRICTED/NATURE/20x20x5;Q-NEUTRAL;Q_UNRESTRICTED;0;A_UNRESTRICTED/NATURE/20x20x5;nature;20x20x5;20;5;20;2000;Gumin;simple-tiled-3d;21;1025804341;1;17d1d01f4863751c;1;0;0;0;0;2000;706;1294;0,408273;0,408273;1,988496;1,907641;0,003319;0,557327;18;22;0;2000;0,557327;0,530439
Q_UNRESTRICTED/NATURE/20x20x5;Q-NEUTRAL;Q_UNRESTRICTED;0;A_UNRESTRICTED/NATURE/20x20x5;nature;20x20x5;20;5;20;2000;Gumin;simple-tiled-3d;22;2039363896;1;d594af1d5f00d38c;1;0;0;0;0;2000;715;1285;0,420189;0,420189;1,942074;1,868708;0,015908;0,560071;18;22;0;2000;0,560071;0,528571
Q_UNRESTRICTED/NATURE/20x20x5;Q-NEUTRAL;Q_UNRESTRICTED;0;A_UNRESTRICTED/NATURE/20x20x5;nature;20x20x5;20;5;20;2000;Gumin;simple-tiled-3d;23;311583235;1;164766b0eaf3e289;1;0;0;0;0;2000;739;1261;0,48857;0,48857;1,855592;1,83218;0,001203;0,551102;14;22;0;2000;0,551102;0,520857
Q_UNRESTRICTED/NATURE/20x20x5;Q-NEUTRAL;Q_UNRESTRICTED;0;A_UNRESTRICTED/NATURE/20x20x5;nature;20x20x5;20;5;20;2000;Gumin;simple-tiled-3d;24;1566528703;1;c1e705f6a50726c6;1;0;0;0;0;2000;695;1305;0,399306;0,399306;1,94615;1,864074;0,00685;0,559337;15;22;0;2000;0,559337;0,531235
Q_UNRESTRICTED/NATURE/20x20x5;Q-NEUTRAL;Q_UNRESTRICTED;0;A_UNRESTRICTED/NATURE/20x20x5;nature;20x20x5;20;5;20;2000;Gumin;simple-tiled-3d;25;1182153772;1;5f267f3d8562e4a8;1;0;0;0;0;2000;693;1307;0,394128;0,394128;2,134368;2,102571;0,012705;0,525663;17;22;0;2000;0,525663;0,499082
Q_UNRESTRICTED/NATURE/20x20x5;Q-NEUTRAL;Q_UNRESTRICTED;0;A_UNRESTRICTED/NATURE/20x20x5;nature;20x20x5;20;5;20;2000;Gumin;simple-tiled-3d;26;445534188;2;ba3d3600d092f354;1;0;0;0;0;2000;687;1313;0,39079;0,39079;2,074789;1,990952;0,014698;0,520969;19;22;0;2000;0,520969;0,493357
Q_UNRESTRICTED/NATURE/20x20x5;Q-NEUTRAL;Q_UNRESTRICTED;0;A_UNRESTRICTED/NATURE/20x20x5;nature;20x20x5;20;5;20;2000;Gumin;simple-tiled-3d;27;650363247;1;4912417b108ee853;1;0;0;0;0;2000;689;1311;0,386639;0,386639;2,034728;1,941789;0,082674;0,580102;20;22;0;2000;0,580102;0,558122
Q_UNRESTRICTED/NATURE/20x20x5;Q-NEUTRAL;Q_UNRESTRICTED;0;A_UNRESTRICTED/NATURE/20x20x5;nature;20x20x5;20;5;20;2000;Gumin;simple-tiled-3d;28;574417053;1;8e2559764ff47823;1;0;0;0;0;2000;695;1305;0,396093;0,396093;2,062694;1,970634;0,057209;0,557704;19;22;0;2000;0,557704;0,531724
Q_UNRESTRICTED/NATURE/20x20x5;Q-NEUTRAL;Q_UNRESTRICTED;0;A_UNRESTRICTED/NATURE/20x20x5;nature;20x20x5;20;5;20;2000;Gumin;simple-tiled-3d;29;444381074;1;266df774d628aafa;1;0;0;0;0;2000;732;1268;0,476883;0,476883;1,905536;1,880673;0,005609;0,556143;15;22;0;2000;0,556143;0,527327
Q_UNRESTRICTED/NATURE/20x20x5;Q-NEUTRAL;Q_UNRESTRICTED;0;A_UNRESTRICTED/NATURE/20x20x5;nature;20x20x5;20;5;20;2000;Gumin;simple-tiled-3d;30;283256044;1;6960278de4f9f9dd;1;0;0;0;0;2000;697;1303;0,391917;0,391917;2,087672;2,005436;0,058817;0,528143;19;22;0;2000;0,528143;0,499102
Q_UNRESTRICTED/NATURE/20x20x5;Q-NEUTRAL;Q_UNRESTRICTED;0;A_UNRESTRICTED/NATURE/20x20x5;nature;20x20x5;20;5;20;2000;Gumin;simple-tiled-3d;31;336058965;1;1dd775bee32153cb;1;0;0;0;0;2000;742;1258;0,48553;0,48553;1,840323;1,794154;0,036298;0,561673;16;22;0;2000;0,561673;0,531469
Q_UNRESTRICTED/NATURE/20x20x5;Q-NEUTRAL;Q_UNRESTRICTED;0;A_UNRESTRICTED/NATURE/20x20x5;nature;20x20x5;20;5;20;2000;Gumin;simple-tiled-3d;32;2051799558;1;724e2b26eb33ecee;1;0;0;0;0;2000;678;1322;0,372863;0,372863;2,117673;2,000799;0,035559;0,53151;21;22;0;2000;0,53151;0,504388
Q_UNRESTRICTED/NATURE/20x20x5;Q-NEUTRAL;Q_UNRESTRICTED;0;A_UNRESTRICTED/NATURE/20x20x5;nature;20x20x5;20;5;20;2000;Gumin;simple-tiled-3d;33;312397125;1;8550c83adf4d750b;1;0;0;0;0;2000;748;1252;0,499651;0,499651;1,825536;1,789821;0,015163;0,557265;12;22;0;2000;0,557265;0,526051
Q_UNRESTRICTED/NATURE/20x20x5;Q-NEUTRAL;Q_UNRESTRICTED;0;A_UNRESTRICTED/NATURE/20x20x5;nature;20x20x5;20;5;20;2000;Gumin;simple-tiled-3d;34;1917122001;1;34632f717b668f86;1;0;0;0;0;2000;700;1300;0,401934;0,401934;1,98916;1,913334;0,015996;0,62502;17;22;0;2000;0,62502;0,604255
Q_UNRESTRICTED/NATURE/20x20x5;Q-NEUTRAL;Q_UNRESTRICTED;0;A_UNRESTRICTED/NATURE/20x20x5;nature;20x20x5;20;5;20;2000;Gumin;simple-tiled-3d;35;1280218957;1;c96414dbc4d34315;1;0;0;0;0;2000;736;1264;0,479046;0,479046;1,845165;1,791691;0,030528;0,553724;15;22;0;2000;0,553724;0,523286
Q_UNRESTRICTED/NATURE/20x20x5;Q-NEUTRAL;Q_UNRESTRICTED;0;A_UNRESTRICTED/NATURE/20x20x5;nature;20x20x5;20;5;20;2000;Gumin;simple-tiled-3d;36;163370345;1;eaa23eb08b1bd9f8;1;0;0;0;0;2000;690;1310;0,393775;0,393775;2,019328;1,972635;0,00452;0,551194;18;22;0;2000;0,551194;0,522704
Q_UNRESTRICTED/NATURE/20x20x5;Q-NEUTRAL;Q_UNRESTRICTED;0;A_UNRESTRICTED/NATURE/20x20x5;nature;20x20x5;20;5;20;2000;Gumin;simple-tiled-3d;37;2019826575;1;805ce374fcf0a13a;1;0;0;0;0;2000;698;1302;0,392;0,392;1,985371;1,886093;0,035973;0,61749;18;22;0;2000;0,61749;0,593867
Q_UNRESTRICTED/NATURE/20x20x5;Q-NEUTRAL;Q_UNRESTRICTED;0;A_UNRESTRICTED/NATURE/20x20x5;nature;20x20x5;20;5;20;2000;Gumin;simple-tiled-3d;38;1548632157;1;137875dc9a2a9a9f;1;0;0;0;0;2000;694;1306;0,377997;0,377997;2,051073;1,986106;0,043107;0,560541;17;22;0;2000;0,560541;0,531643
Q_UNRESTRICTED/NATURE/20x20x5;Q-NEUTRAL;Q_UNRESTRICTED;0;A_UNRESTRICTED/NATURE/20x20x5;nature;20x20x5;20;5;20;2000;Gumin;simple-tiled-3d;39;350454172;1;1e4785233e06c386;1;0;0;0;0;2000;750;1250;0,489328;0,489328;1,82955;1,804913;0,016409;0,558796;14;22;0;2000;0,558796;0,527388
Q_UNRESTRICTED/NATURE/20x20x5;Q-NEUTRAL;Q_UNRESTRICTED;0;A_UNRESTRICTED/NATURE/20x20x5;nature;20x20x5;20;5;20;2000;Gumin;simple-tiled-3d;40;1631029778;1;4ba4d5abed22c1ec;1;0;0;0;0;2000;740;1260;0,482898;0,482898;1,834778;1,779901;0,015839;0,568367;15;22;0;2000;0,568367;0,540235
Q_UNRESTRICTED/NATURE/20x20x5;Q-NEUTRAL;Q_UNRESTRICTED;0;A_UNRESTRICTED/NATURE/20x20x5;nature;20x20x5;20;5;20;2000;Gumin;simple-tiled-3d;41;1438741593;1;1287c9bfd42442bb;1;0;0;0;0;2000;667;1333;0,360073;0,360073;2,176368;2,105626;0,045823;0,519714;20;22;0;2000;0,519714;0,492663
Q_UNRESTRICTED/NATURE/20x20x5;Q-NEUTRAL;Q_UNRESTRICTED;0;A_UNRESTRICTED/NATURE/20x20x5;nature;20x20x5;20;5;20;2000;Gumin;simple-tiled-3d;42;1808950762;1;1b670d8aa28653d8;1;0;0;0;0;2000;691;1309;0,398784;0,398784;2,066755;1,998597;0,022038;0,571184;18;22;0;2000;0,571184;0,54502
Q_UNRESTRICTED/NATURE/20x20x5;Q-NEUTRAL;Q_UNRESTRICTED;0;A_UNRESTRICTED/NATURE/20x20x5;nature;20x20x5;20;5;20;2000;Gumin;simple-tiled-3d;43;1102996118;1;4db879e26cccb17e;1;0;0;0;0;2000;760;1240;0,512186;0,512186;1,732376;1,70713;0,006015;0,557867;11;22;0;2000;0,557867;0,525622
Q_UNRESTRICTED/NATURE/20x20x5;Q-NEUTRAL;Q_UNRESTRICTED;0;A_UNRESTRICTED/NATURE/20x20x5;nature;20x20x5;20;5;20;2000;Gumin;simple-tiled-3d;44;1149351965;1;ef3319f9a1682983;1;0;0;0;0;2000;698;1302;0,40048;0,40048;2,041529;1,957516;0,018135;0,563286;18;22;0;2000;0,563286;0,535908
Q_UNRESTRICTED/NATURE/20x20x5;Q-NEUTRAL;Q_UNRESTRICTED;0;A_UNRESTRICTED/NATURE/20x20x5;nature;20x20x5;20;5;20;2000;Gumin;simple-tiled-3d;45;2134922080;1;841e122f498cc725;1;0;0;0;0;2000;694;1306;0,387591;0,387591;2,102151;2,017667;0,041411;0,536102;21;22;0;2000;0,536102;0,508959
Q_UNRESTRICTED/NATURE/20x20x5;Q-NEUTRAL;Q_UNRESTRICTED;0;A_UNRESTRICTED/NATURE/20x20x5;nature;20x20x5;20;5;20;2000;Gumin;simple-tiled-3d;46;525122679;1;1fdd490f516b6346;1;0;0;0;0;2000;712;1288;0,42541;0,42541;1,985823;1,909729;0,004517;0,550929;17;22;0;2000;0,550929;0,522265
Q_UNRESTRICTED/NATURE/20x20x5;Q-NEUTRAL;Q_UNRESTRICTED;0;A_UNRESTRICTED/NATURE/20x20x5;nature;20x20x5;20;5;20;2000;Gumin;simple-tiled-3d;47;1682770035;1;261afdcb6cb04693;1;0;0;0;0;2000;740;1260;0,493496;0,493496;1,831819;1,818674;0,001044;0,556378;11;22;0;2000;0,556378;0,528949
Q_UNRESTRICTED/NATURE/20x20x5;Q-NEUTRAL;Q_UNRESTRICTED;0;A_UNRESTRICTED/NATURE/20x20x5;nature;20x20x5;20;5;20;2000;Gumin;simple-tiled-3d;48;814345770;1;acef2154857a36a2;1;0;0;0;0;2000;734;1266;0,475633;0,475633;1,915435;1,87081;0,00323;0,54798;15;22;0;2000;0,54798;0,519224
Q_UNRESTRICTED/NATURE/20x20x5;Q-NEUTRAL;Q_UNRESTRICTED;0;A_UNRESTRICTED/NATURE/20x20x5;nature;20x20x5;20;5;20;2000;Gumin;simple-tiled-3d;49;764715473;1;8faff9b14bcbc503;1;0;0;0;0;2000;687;1313;0,381958;0,381958;2,059198;1,994982;0,019522;0,546418;19;22;0;2000;0,546418;0,51849
Q_UNRESTRICTED/NATURE/20x20x5;Q-NEUTRAL;Q_UNRESTRICTED;0;A_UNRESTRICTED/NATURE/20x20x5;nature;20x20x5;20;5;20;2000;DeBroglie;matched;0;1751692542;1;0f861550a36f68af;1;0;0;0;0;2000;690;1310;0,380528;0,380528;2,031941;1,968513;0,027891;0,61098;16;22;0;2000;0,61098;0,588551
Q_UNRESTRICTED/NATURE/20x20x5;Q-NEUTRAL;Q_UNRESTRICTED;0;A_UNRESTRICTED/NATURE/20x20x5;nature;20x20x5;20;5;20;2000;DeBroglie;matched;1;1346610679;1;ae46056a67273e9c;1;0;0;0;0;2000;712;1288;0,413917;0,413917;1,949823;1,871038;0,027389;0,615827;16;22;0;2000;0,615827;0,592408
Q_UNRESTRICTED/NATURE/20x20x5;Q-NEUTRAL;Q_UNRESTRICTED;0;A_UNRESTRICTED/NATURE/20x20x5;nature;20x20x5;20;5;20;2000;DeBroglie;matched;2;1433193478;1;44748dbb4dff2e87;1;0;0;0;0;2000;704;1296;0,402926;0,402926;2,075017;1,975106;0,035308;0,631398;18;22;0;2000;0,631398;0,613633
Q_UNRESTRICTED/NATURE/20x20x5;Q-NEUTRAL;Q_UNRESTRICTED;0;A_UNRESTRICTED/NATURE/20x20x5;nature;20x20x5;20;5;20;2000;DeBroglie;matched;3;1292816822;1;993c29d767a495f4;1;0;0;0;0;2000;752;1248;0,497054;0,497054;1,722558;1,694618;0,005664;0,563245;13;22;0;2000;0,563245;0,531469
Q_UNRESTRICTED/NATURE/20x20x5;Q-NEUTRAL;Q_UNRESTRICTED;0;A_UNRESTRICTED/NATURE/20x20x5;nature;20x20x5;20;5;20;2000;DeBroglie;matched;4;324728292;1;cf473fff4a886be1;1;0;0;0;0;2000;732;1268;0,474525;0,474525;1,868267;1,846323;0,002118;0,552143;16;22;0;2000;0,552143;0,523102
Q_UNRESTRICTED/NATURE/20x20x5;Q-NEUTRAL;Q_UNRESTRICTED;0;A_UNRESTRICTED/NATURE/20x20x5;nature;20x20x5;20;5;20;2000;DeBroglie;matched;5;1786960192;1;f6fa968d5e8ff3f5;1;0;0;0;0;2000;730;1270;0,483527;0,483527;1,842146;1,816085;0,00894;0,561857;12;22;0;2000;0,561857;0,535633
Q_UNRESTRICTED/NATURE/20x20x5;Q-NEUTRAL;Q_UNRESTRICTED;0;A_UNRESTRICTED/NATURE/20x20x5;nature;20x20x5;20;5;20;2000;DeBroglie;matched;6;766343282;1;83fbec77dc495128;1;0;0;0;0;2000;712;1288;0,421075;0,421075;1,994641;1,926699;0,03271;0,545224;17;22;0;2000;0,545224;0,51702
Q_UNRESTRICTED/NATURE/20x20x5;Q-NEUTRAL;Q_UNRESTRICTED;0;A_UNRESTRICTED/NATURE/20x20x5;nature;20x20x5;20;5;20;2000;DeBroglie;matched;7;2139041271;1;40fea6f2dfd81c60;1;0;0;0;0;2000;701;1299;0,400276;0,400276;2,04254;1,945229;0,017081;0,560082;19;22;0;2000;0,560082;0,53351
Q_UNRESTRICTED/NATURE/20x20x5;Q-NEUTRAL;Q_UNRESTRICTED;0;A_UNRESTRICTED/NATURE/20x20x5;nature;20x20x5;20;5;20;2000;DeBroglie;matched;8;39367924;1;84f4a8858e93364c;1;0;0;0;0;2000;700;1300;0,398636;0,398636;2,069608;1,983965;0,049186;0,539918;17;22;0;2000;0,539918;0,510776
Q_UNRESTRICTED/NATURE/20x20x5;Q-NEUTRAL;Q_UNRESTRICTED;0;A_UNRESTRICTED/NATURE/20x20x5;nature;20x20x5;20;5;20;2000;DeBroglie;matched;9;135043018;1;ea9dbf2f3d160195;1;0;0;0;0;2000;673;1327;0,369588;0,369588;2,125779;2,045831;0,010904;0,611561;19;22;0;2000;0,611561;0,592418
Q_UNRESTRICTED/NATURE/20x20x5;Q-NEUTRAL;Q_UNRESTRICTED;0;A_UNRESTRICTED/NATURE/20x20x5;nature;20x20x5;20;5;20;2000;DeBroglie;matched;10;1265202527;1;09a4f694acb58bf7;1;0;0;0;0;2000;694;1306;0,391936;0,391936;2,004668;1,912421;0,017795;0,557398;17;22;0;2000;0,557398;0,528
Q_UNRESTRICTED/NATURE/20x20x5;Q-NEUTRAL;Q_UNRESTRICTED;0;A_UNRESTRICTED/NATURE/20x20x5;nature;20x20x5;20;5;20;2000;DeBroglie;matched;11;1309665001;1;fc4e605ecee011fb;1;0;0;0;0;2000;712;1288;0,416157;0,416157;1,954048;1,87218;0,023623;0,555439;17;22;0;2000;0,555439;0,525316
Q_UNRESTRICTED/NATURE/20x20x5;Q-NEUTRAL;Q_UNRESTRICTED;0;A_UNRESTRICTED/NATURE/20x20x5;nature;20x20x5;20;5;20;2000;DeBroglie;matched;12;1568126094;1;8431929e8202fbd9;1;0;0;0;0;2000;708;1292;0,410306;0,410306;1,946494;1,875206;0,033605;0,549469;17;22;0;2000;0,549469;0,519306
Q_UNRESTRICTED/NATURE/20x20x5;Q-NEUTRAL;Q_UNRESTRICTED;0;A_UNRESTRICTED/NATURE/20x20x5;nature;20x20x5;20;5;20;2000;DeBroglie;matched;13;1630575181;1;5c38f5db02b8e131;1;0;0;0;0;2000;742;1258;0,485444;0,485444;1,836859;1,797091;0,012619;0,541092;14;22;0;2000;0,541092;0,506398
Q_UNRESTRICTED/NATURE/20x20x5;Q-NEUTRAL;Q_UNRESTRICTED;0;A_UNRESTRICTED/NATURE/20x20x5;nature;20x20x5;20;5;20;2000;DeBroglie;matched;14;1707026688;1;69148c856b5704ab;1;0;0;0;0;2000;701;1299;0,403713;0,403713;2,002835;1,934224;0,042645;0,547735;17;22;0;2000;0,547735;0,521347
Q_UNRESTRICTED/NATURE/20x20x5;Q-NEUTRAL;Q_UNRESTRICTED;0;A_UNRESTRICTED/NATURE/20x20x5;nature;20x20x5;20;5;20;2000;DeBroglie;matched;15;1975312873;1;06ca90b3e532aa2a;1;0;0;0;0;2000;693;1307;0,391128;0,391128;2,105616;2,039373;0,003081;0,56599;18;22;0;2000;0,56599;0,540633
Q_UNRESTRICTED/NATURE/20x20x5;Q-NEUTRAL;Q_UNRESTRICTED;0;A_UNRESTRICTED/NATURE/20x20x5;nature;20x20x5;20;5;20;2000;DeBroglie;matched;16;1203040351;1;ae800b7c36d60b94;1;0;0;0;0;2000;708;1292;0,432619;0,432619;1,980077;1,915195;0,00947;0,570214;16;22;0;2000;0,570214;0,546306
Q_UNRESTRICTED/NATURE/20x20x5;Q-NEUTRAL;Q_UNRESTRICTED;0;A_UNRESTRICTED/NATURE/20x20x5;nature;20x20x5;20;5;20;2000;DeBroglie;matched;17;1558948460;1;d241ee9896b55197;1;0;0;0;0;2000;708;1292;0,416634;0,416634;2,002538;1,943297;0,015914;0,551969;17;22;0;2000;0,551969;0,524031
Q_UNRESTRICTED/NATURE/20x20x5;Q-NEUTRAL;Q_UNRESTRICTED;0;A_UNRESTRICTED/NATURE/20x20x5;nature;20x20x5;20;5;20;2000;DeBroglie;matched;18;887055643;1;4e48289286c01c07;1;0;0;0;0;2000;740;1260;0,490087;0,490087;1,795121;1,768473;0,002558;0,558541;13;22;0;2000;0,558541;0,526449
Q_UNRESTRICTED/NATURE/20x20x5;Q-NEUTRAL;Q_UNRESTRICTED;0;A_UNRESTRICTED/NATURE/20x20x5;nature;20x20x5;20;5;20;2000;DeBroglie;matched;19;284241874;1;62ef385905091584;1;0;0;0;0;2000;696;1304;0,377718;0,377718;2,110409;2,01343;0,047623;0,586102;21;22;0;2000;0,586102;0,560357
Q_UNRESTRICTED/NATURE/20x20x5;Q-NEUTRAL;Q_UNRESTRICTED;0;A_UNRESTRICTED/NATURE/20x20x5;nature;20x20x5;20;5;20;2000;DeBroglie;matched;20;1637155234;1;a4f4af2a227536ac;1;0;0;0;0;2000;696;1304;0,399554;0,399554;2,066633;1,964821;0,016322;0,556418;17;22;0;2000;0,556418;0,532061
Q_UNRESTRICTED/NATURE/20x20x5;Q-NEUTRAL;Q_UNRESTRICTED;0;A_UNRESTRICTED/NATURE/20x20x5;nature;20x20x5;20;5;20;2000;DeBroglie;matched;21;1025804341;1;332d82341585afa1;1;0;0;0;0;2000;751;1249;0,501039;0,501039;1,819326;1,800483;0,003559;0,560908;12;22;0;2000;0,560908;0,532357
Q_UNRESTRICTED/NATURE/20x20x5;Q-NEUTRAL;Q_UNRESTRICTED;0;A_UNRESTRICTED/NATURE/20x20x5;nature;20x20x5;20;5;20;2000;DeBroglie;matched;22;2039363896;1;82bea133c4db1dec;1;0;0;0;0;2000;733;1267;0,473191;0,473191;1,884671;1,858244;0,014021;0,561367;14;22;0;2000;0,561367;0,531673
Q_UNRESTRICTED/NATURE/20x20x5;Q-NEUTRAL;Q_UNRESTRICTED;0;A_UNRESTRICTED/NATURE/20x20x5;nature;20x20x5;20;5;20;2000;DeBroglie;matched;23;311583235;1;531d07a52d3500c2;1;0;0;0;0;2000;728;1272;0,468009;0,468009;1,912993;1,869872;0,008318;0,541337;14;22;0;2000;0,541337;0,513969
Q_UNRESTRICTED/NATURE/20x20x5;Q-NEUTRAL;Q_UNRESTRICTED;0;A_UNRESTRICTED/NATURE/20x20x5;nature;20x20x5;20;5;20;2000;DeBroglie;matched;24;1566528703;1;d180817ab4c1b8ad;1;0;0;0;0;2000;712;1288;0,401153;0,401153;2,051569;1,968181;0,026264;0,545663;20;22;0;2000;0,545663;0,51599
Q_UNRESTRICTED/NATURE/20x20x5;Q-NEUTRAL;Q_UNRESTRICTED;0;A_UNRESTRICTED/NATURE/20x20x5;nature;20x20x5;20;5;20;2000;DeBroglie;matched;25;1182153772;1;2e1e0e73c38d94d4;1;0;0;0;0;2000;747;1253;0,494933;0,494933;1,837937;1,812084;0,002671;0,552224;12;22;0;2000;0,552224;0,520204
Q_UNRESTRICTED/NATURE/20x20x5;Q-NEUTRAL;Q_UNRESTRICTED;0;A_UNRESTRICTED/NATURE/20x20x5;nature;20x20x5;20;5;20;2000;DeBroglie;matched;26;445534188;1;eb2baa122ec95fcc;1;0;0;0;0;2000;730;1270;0,471052;0,471052;1,919888;1,880886;0,014165;0,557051;16;22;0;2000;0,557051;0,529745
Q_UNRESTRICTED/NATURE/20x20x5;Q-NEUTRAL;Q_UNRESTRICTED;0;A_UNRESTRICTED/NATURE/20x20x5;nature;20x20x5;20;5;20;2000;DeBroglie;matched;27;650363247;1;8fc42ef0c92d1b87;1;0;0;0;0;2000;727;1273;0,47693;0,47693;1,843601;1,822126;0,008655;0,580908;13;22;0;2000;0,580908;0,554714
Q_UNRESTRICTED/NATURE/20x20x5;Q-NEUTRAL;Q_UNRESTRICTED;0;A_UNRESTRICTED/NATURE/20x20x5;nature;20x20x5;20;5;20;2000;DeBroglie;matched;28;574417053;1;00695d3048ffc7a5;1;0;0;0;0;2000;712;1288;0,417009;0,417009;2,006401;1,937523;0,013134;0,603429;18;22;0;2000;0,603429;0,581235
Q_UNRESTRICTED/NATURE/20x20x5;Q-NEUTRAL;Q_UNRESTRICTED;0;A_UNRESTRICTED/NATURE/20x20x5;nature;20x20x5;20;5;20;2000;DeBroglie;matched;29;444381074;1;2fa746e17e7e8120;1;0;0;0;0;2000;749;1251;0,501886;0,501886;1,830198;1,822215;0,001215;0,55698;10;22;0;2000;0,55698;0,528265
Q_UNRESTRICTED/NATURE/20x20x5;Q-NEUTRAL;Q_UNRESTRICTED;0;A_UNRESTRICTED/NATURE/20x20x5;nature;20x20x5;20;5;20;2000;DeBroglie;matched;30;283256044;1;bee808ebf7704199;1;0;0;0;0;2000;665;1335;0,351925;0,351925;2,136033;2,075901;0,007183;0,566582;19;22;0;2000;0,566582;0,544296
Q_UNRESTRICTED/NATURE/20x20x5;Q-NEUTRAL;Q_UNRESTRICTED;0;A_UNRESTRICTED/NATURE/20x20x5;nature;20x20x5;20;5;20;2000;DeBroglie;matched;31;336058965;1;0678ddea0e50a901;1;0;0;0;0;2000;727;1273;0,47017;0,47017;1,90022;1,876194;0,002406;0,543102;15;22;0;2000;0,543102;0,514327
Q_UNRESTRICTED/NATURE/20x20x5;Q-NEUTRAL;Q_UNRESTRICTED;0;A_UNRESTRICTED/NATURE/20x20x5;nature;20x20x5;20;5;20;2000;DeBroglie;matched;32;2051799558;1;07ae88c7af3d9818;1;0;0;0;0;2000;706;1294;0,407619;0,407619;2,054846;1,977898;0,015474;0,549347;18;22;0;2000;0,549347;0,522204
Q_UNRESTRICTED/NATURE/20x20x5;Q-NEUTRAL;Q_UNRESTRICTED;0;A_UNRESTRICTED/NATURE/20x20x5;nature;20x20x5;20;5;20;2000;DeBroglie;matched;33;312397125;1;0302d56127a68987;1;0;0;0;0;2000;747;1253;0,500369;0,500369;1,750368;1,71125;0,016432;0,576163;11;22;0;2000;0,576163;0,546
Q_UNRESTRICTED/NATURE/20x20x5;Q-NEUTRAL;Q_UNRESTRICTED;0;A_UNRESTRICTED/NATURE/20x20x5;nature;20x20x5;20;5;20;2000;DeBroglie;matched;34;1917122001;1;7612dc3dda4a73fe;1;0;0;0;0;2000;682;1318;0,364374;0,364374;2,145892;2,036289;0,08049;0,637418;20;22;0;2000;0,637418;0,618898
Q_UNRESTRICTED/NATURE/20x20x5;Q-NEUTRAL;Q_UNRESTRICTED;0;A_UNRESTRICTED/NATURE/20x20x5;nature;20x20x5;20;5;20;2000;DeBroglie;matched;35;1280218957;1;25323a37a9318353;1;0;0;0;0;2000;685;1315;0,374205;0,374205;2,05092;1,914193;0,024817;0,610143;19;22;0;2000;0,610143;0,588796
Q_UNRESTRICTED/NATURE/20x20x5;Q-NEUTRAL;Q_UNRESTRICTED;0;A_UNRESTRICTED/NATURE/20x20x5;nature;20x20x5;20;5;20;2000;DeBroglie;matched;36;163370345;1;a742eca484574cfd;1;0;0;0;0;2000;705;1295;0,399426;0,399426;1,982207;1,873594;0,027519;0,566786;18;22;0;2000;0,566786;0,537102
Q_UNRESTRICTED/NATURE/20x20x5;Q-NEUTRAL;Q_UNRESTRICTED;0;A_UNRESTRICTED/NATURE/20x20x5;nature;20x20x5;20;5;20;2000;DeBroglie;matched;37;2019826575;1;98b47802220ba8fd;1;0;0;0;0;2000;746;1254;0,494267;0,494267;1,879871;1,856394;0,006687;0,557398;13;22;0;2000;0,557398;0,527969
Q_UNRESTRICTED/NATURE/20x20x5;Q-NEUTRAL;Q_UNRESTRICTED;0;A_UNRESTRICTED/NATURE/20x20x5;nature;20x20x5;20;5;20;2000;DeBroglie;matched;38;1548632157;1;2e3de1a6444ee130;1;0;0;0;0;2000;696;1304;0,393894;0,393894;2,027677;1,938334;0,080502;0,538806;19;22;0;2000;0,538806;0,511378
Q_UNRESTRICTED/NATURE/20x20x5;Q-NEUTRAL;Q_UNRESTRICTED;0;A_UNRESTRICTED/NATURE/20x20x5;nature;20x20x5;20;5;20;2000;DeBroglie;matched;39;350454172;1;5b555ccadf42da7f;1;0;0;0;0;2000;739;1261;0,481149;0,481149;1,858071;1,82455;0,002134;0,547357;13;22;0;2000;0,547357;0,513745
Q_UNRESTRICTED/NATURE/20x20x5;Q-NEUTRAL;Q_UNRESTRICTED;0;A_UNRESTRICTED/NATURE/20x20x5;nature;20x20x5;20;5;20;2000;DeBroglie;matched;40;1631029778;1;4a0f7b101ed7084a;1;0;0;0;0;2000;714;1286;0,421631;0,421631;1,977856;1,941593;0,023897;0,531643;16;22;0;2000;0,531643;0,501622
Q_UNRESTRICTED/NATURE/20x20x5;Q-NEUTRAL;Q_UNRESTRICTED;0;A_UNRESTRICTED/NATURE/20x20x5;nature;20x20x5;20;5;20;2000;DeBroglie;matched;41;1438741593;1;590ab111817925c1;1;0;0;0;0;2000;736;1264;0,482022;0,482022;1,838291;1,803373;0,006828;0,549439;14;22;0;2000;0,549439;0,518561
Q_UNRESTRICTED/NATURE/20x20x5;Q-NEUTRAL;Q_UNRESTRICTED;0;A_UNRESTRICTED/NATURE/20x20x5;nature;20x20x5;20;5;20;2000;DeBroglie;matched;42;1808950762;1;196f2625010c0b00;1;0;0;0;0;2000;688;1312;0,387763;0,387763;2,098357;2,015139;0,034043;0,551878;20;22;0;2000;0,551878;0,527235
Q_UNRESTRICTED/NATURE/20x20x5;Q-NEUTRAL;Q_UNRESTRICTED;0;A_UNRESTRICTED/NATURE/20x20x5;nature;20x20x5;20;5;20;2000;DeBroglie;matched;43;1102996118;1;68f99d33c50666ab;1;0;0;0;0;2000;756;1244;0,499165;0,499165;1,761924;1,734094;0,008176;0,550582;14;22;0;2000;0,550582;0,51501
Q_UNRESTRICTED/NATURE/20x20x5;Q-NEUTRAL;Q_UNRESTRICTED;0;A_UNRESTRICTED/NATURE/20x20x5;nature;20x20x5;20;5;20;2000;DeBroglie;matched;44;1149351965;1;7018b55fce05977e;1;0;0;0;0;2000;735;1265;0,473823;0,473823;1,876329;1,840106;0,012922;0,562796;14;22;0;2000;0,562796;0,533714
Q_UNRESTRICTED/NATURE/20x20x5;Q-NEUTRAL;Q_UNRESTRICTED;0;A_UNRESTRICTED/NATURE/20x20x5;nature;20x20x5;20;5;20;2000;DeBroglie;matched;45;2134922080;1;7f873b347677e65c;1;0;0;0;0;2000;721;1279;0,438672;0,438672;1,873175;1,797315;0,009845;0,554663;15;22;0;2000;0,554663;0,523602
Q_UNRESTRICTED/NATURE/20x20x5;Q-NEUTRAL;Q_UNRESTRICTED;0;A_UNRESTRICTED/NATURE/20x20x5;nature;20x20x5;20;5;20;2000;DeBroglie;matched;46;525122679;1;5754dbf55dc206d3;1;0;0;0;0;2000;675;1325;0,363462;0,363462;2,105748;2,031286;0,041762;0,560204;19;22;0;2000;0,560204;0,535551
Q_UNRESTRICTED/NATURE/20x20x5;Q-NEUTRAL;Q_UNRESTRICTED;0;A_UNRESTRICTED/NATURE/20x20x5;nature;20x20x5;20;5;20;2000;DeBroglie;matched;47;1682770035;1;bb119f8cb52aa1ef;1;0;0;0;0;2000;684;1316;0,372968;0,372968;2,071443;1,979158;0,008613;0,56051;20;22;0;2000;0,56051;0,536316
Q_UNRESTRICTED/NATURE/20x20x5;Q-NEUTRAL;Q_UNRESTRICTED;0;A_UNRESTRICTED/NATURE/20x20x5;nature;20x20x5;20;5;20;2000;DeBroglie;matched;48;814345770;1;489e8ef4acba191e;1;0;0;0;0;2000;697;1303;0,395116;0,395116;2,061089;1,968562;0,045084;0,527204;18;22;0;2000;0,527204;0,500704
Q_UNRESTRICTED/NATURE/20x20x5;Q-NEUTRAL;Q_UNRESTRICTED;0;A_UNRESTRICTED/NATURE/20x20x5;nature;20x20x5;20;5;20;2000;DeBroglie;matched;49;764715473;1;a8d29bb26972774c;1;0;0;0;0;2000;679;1321;0,370387;0,370387;2,154591;2,04049;0,07357;0,549939;20;22;0;2000;0,549939;0,526602
Q_UNRESTRICTED/NATURE/30x30x5;Q-NEUTRAL;Q_UNRESTRICTED;0;A_UNRESTRICTED/NATURE/30x30x5;nature;30x30x5;30;5;30;4500;ThisWork;heap;0;506463464;1;836019a6a37fddbe;1;0;0;0;0;4500;1686;2814;0,4897;0,4897;1,837562;1,807926;0,01552;0,547497;16;22;0;4500;0,547497;0,515569
Q_UNRESTRICTED/NATURE/30x30x5;Q-NEUTRAL;Q_UNRESTRICTED;0;A_UNRESTRICTED/NATURE/30x30x5;nature;30x30x5;30;5;30;4500;ThisWork;heap;1;398458141;1;abaf4052360b28e0;1;0;0;0;0;4500;1579;2921;0,396389;0,396389;2,067385;2,03066;0,013649;0,531447;21;22;0;4500;0,531447;0,501755
Q_UNRESTRICTED/NATURE/30x30x5;Q-NEUTRAL;Q_UNRESTRICTED;0;A_UNRESTRICTED/NATURE/30x30x5;nature;30x30x5;30;5;30;4500;ThisWork;heap;2;1438490173;1;6f4c3ce7db9ed88f;1;0;0;0;0;4500;1583;2917;0,393495;0,393495;2,102292;2,046855;0,010652;0,560395;20;22;0;4500;0,560395;0,533379
Q_UNRESTRICTED/NATURE/30x30x5;Q-NEUTRAL;Q_UNRESTRICTED;0;A_UNRESTRICTED/NATURE/30x30x5;nature;30x30x5;30;5;30;4500;ThisWork;heap;3;1824281632;1;b2583bc342c74c96;1;0;0;0;0;4500;1590;2910;0,414087;0,414087;2,046354;2,002752;0,011774;0,55258;20;22;0;4500;0,55258;0,52702
Q_UNRESTRICTED/NATURE/30x30x5;Q-NEUTRAL;Q_UNRESTRICTED;0;A_UNRESTRICTED/NATURE/30x30x5;nature;30x30x5;30;5;30;4500;ThisWork;heap;4;1312306357;1;782f177f827aa845;1;0;0;0;0;4500;1674;2826;0,490569;0,490569;1,866537;1,848545;0,003262;0,556916;15;22;0;4500;0,556916;0,526236
Q_UNRESTRICTED/NATURE/30x30x5;Q-NEUTRAL;Q_UNRESTRICTED;0;A_UNRESTRICTED/NATURE/30x30x5;nature;30x30x5;30;5;30;4500;ThisWork;heap;5;1785777173;1;b6e542203124756f;1;0;0;0;0;4500;1579;2921;0,403512;0,403512;2,027214;1,987997;0,009826;0,55254;19;22;0;4500;0,55254;0,523515
Q_UNRESTRICTED/NATURE/30x30x5;Q-NEUTRAL;Q_UNRESTRICTED;0;A_UNRESTRICTED/NATURE/30x30x5;nature;30x30x5;30;5;30;4500;ThisWork;heap;6;665675770;1;67ae1c85aac2ec3f;1;0;0;0;0;4500;1670;2830;0,486136;0,486136;1,827627;1,810161;0,007263;0,554948;15;22;0;4500;0,554948;0,523342
Q_UNRESTRICTED/NATURE/30x30x5;Q-NEUTRAL;Q_UNRESTRICTED;0;A_UNRESTRICTED/NATURE/30x30x5;nature;30x30x5;30;5;30;4500;ThisWork;heap;7;160479253;1;83daeb579e4ffd30;1;0;0;0;0;4500;1598;2902;0,416776;0,416776;2,018657;1,963387;0,012288;0,588649;20;22;0;4500;0,588649;0,563025
Q_UNRESTRICTED/NATURE/30x30x5;Q-NEUTRAL;Q_UNRESTRICTED;0;A_UNRESTRICTED/NATURE/30x30x5;nature;30x30x5;30;5;30;4500;ThisWork;heap;8;353892149;1;0d35f636defd970a;1;0;0;0;0;4500;1685;2815;0,494188;0,494188;1,849643;1,835405;0,001567;0,551075;15;22;0;4500;0,551075;0,518984
Q_UNRESTRICTED/NATURE/30x30x5;Q-NEUTRAL;Q_UNRESTRICTED;0;A_UNRESTRICTED/NATURE/30x30x5;nature;30x30x5;30;5;30;4500;ThisWork;heap;9;316226383;1;270328406bf9cb9e;1;0;0;0;0;4500;1587;2913;0,411025;0,411025;2,031811;1,98537;0,020978;0,573637;19;22;0;4500;0,573637;0,548934
Q_UNRESTRICTED/NATURE/30x30x5;Q-NEUTRAL;Q_UNRESTRICTED;0;A_UNRESTRICTED/NATURE/30x30x5;nature;30x30x5;30;5;30;4500;ThisWork;heap;10;1798464594;1;0a6411a8f010de05;1;0;0;0;0;4500;1593;2907;0,481797;0,481797;1,878503;1,852539;0,006845;0,542426;15;22;0;4500;0,542426;0,51312
Q_UNRESTRICTED/NATURE/30x30x5;Q-NEUTRAL;Q_UNRESTRICTED;0;A_UNRESTRICTED/NATURE/30x30x5;nature;30x30x5;30;5;30;4500;ThisWork;heap;11;240634048;1;5bdd1bddb154647d;1;0;0;0;0;4500;1670;2830;0,490392;0,490392;1,849063;1,831753;0,001875;0,550245;14;22;0;4500;0,550245;0,519111
Q_UNRESTRICTED/NATURE/30x30x5;Q-NEUTRAL;Q_UNRESTRICTED;0;A_UNRESTRICTED/NATURE/30x30x5;nature;30x30x5;30;5;30;4500;ThisWork;heap;12;476251675;1;a3d36cb858f80620;1;0;0;0;0;4500;1581;2919;0,400901;0,400901;2,044092;2,009799;0,016155;0,550118;19;22;0;4500;0,550118;0,521637
Q_UNRESTRICTED/NATURE/30x30x5;Q-NEUTRAL;Q_UNRESTRICTED;0;A_UNRESTRICTED/NATURE/30x30x5;nature;30x30x5;30;5;30;4500;ThisWork;heap;13;1546918522;1;4f3fa0bce200b0d6;1;0;0;0;0;4500;1606;2894;0,419513;0,419513;1,948621;1,901695;0,012339;0,557673;20;22;0;4500;0,557673;0,527755
Q_UNRESTRICTED/NATURE/30x30x5;Q-NEUTRAL;Q_UNRESTRICTED;0;A_UNRESTRICTED/NATURE/30x30x5;nature;30x30x5;30;5;30;4500;ThisWork;heap;14;791975271;1;5089166fb1b8a369;1;0;0;0;0;4500;1675;2825;0,486839;0,486839;1,814532;1,795677;0,00468;0,562281;16;22;0;4500;0,562281;0,529542
Q_UNRESTRICTED/NATURE/30x30x5;Q-NEUTRAL;Q_UNRESTRICTED;0;A_UNRESTRICTED/NATURE/30x30x5;nature;30x30x5;30;5;30;4500;ThisWork;heap;15;1199639762;1;2335d781b52ba358;1;0;0;0;0;4500;1560;2940;0,402438;0,402438;2,070813;2,012637;0,039162;0,562621;20;22;0;4500;0,562621;0,539075
Q_UNRESTRICTED/NATURE/30x30x5;Q-NEUTRAL;Q_UNRESTRICTED;0;A_UNRESTRICTED/NATURE/30x30x5;nature;30x30x5;30;5;30;4500;ThisWork;heap;16;535776614;1;7708c5e84e9cbbac;1;0;0;0;0;4500;1599;2901;0,409638;0,409638;2,058548;2,028347;0,006104;0,566739;22;22;0;4500;0,566739;0,538689
Q_UNRESTRICTED/NATURE/30x30x5;Q-NEUTRAL;Q_UNRESTRICTED;0;A_UNRESTRICTED/NATURE/30x30x5;nature;30x30x5;30;5;30;4500;ThisWork;heap;17;75787350;1;2ee20238b2dec464;1;0;0;0;0;4500;1672;2828;0,486497;0,486497;1,851454;1,835818;0,004153;0,561723;15;22;0;4500;0,561723;0,531546
Q_UNRESTRICTED/NATURE/30x30x5;Q-NEUTRAL;Q_UNRESTRICTED;0;A_UNRESTRICTED/NATURE/30x30x5;nature;30x30x5;30;5;30;4500;ThisWork;heap;18;2140273883;1;5c89d3c00376bdad;1;0;0;0;0;4500;1682;2818;0,493339;0,493339;1,8279;1,81185;0,003411;0,556553;16;22;0;4500;0,556553;0,525188
Q_UNRESTRICTED/NATURE/30x30x5;Q-NEUTRAL;Q_UNRESTRICTED;0;A_UNRESTRICTED/NATURE/30x30x5;nature;30x30x5;30;5;30;4500;ThisWork;heap;19;603400799;1;23a891c8291b19a7;1;0;0;0;0;4500;1544;2956;0,393477;0,393477;2,092404;2,029118;0,00685;0,605451;20;22;0;4500;0,605451;0,583179
Q_UNRESTRICTED/NATURE/30x30x5;Q-NEUTRAL;Q_UNRESTRICTED;0;A_UNRESTRICTED/NATURE/30x30x5;nature;30x30x5;30;5;30;4500;ThisWork;heap;20;358740922;1;a62804ccb1fc3159;1;0;0;0;0;4500;1659;2841;0,481764;0,481764;1,883018;1,867106;0,001233;0,569805;15;22;0;4500;0,569805;0,542984
Q_UNRESTRICTED/NATURE/30x30x5;Q-NEUTRAL;Q_UNRESTRICTED;0;A_UNRESTRICTED/NATURE/30x30x5;nature;30x30x5;30;5;30;4500;ThisWork;heap;21;580203225;1;7d5ad9bbc17cd9cb;1;0;0;0;0;4500;1620;2880;0,426781;0,426781;2,00812;1,963618;0,036652;0,59956;22;22;0;4500;0,59956;0,574508
Q_UNRESTRICTED/NATURE/30x30x5;Q-NEUTRAL;Q_UNRESTRICTED;0;A_UNRESTRICTED/NATURE/30x30x5;nature;30x30x5;30;5;30;4500;ThisWork;heap;22;643561413;1;606d494e642769f0;1;0;0;0;0;4500;1671;2829;0,489266;0,489266;1,869791;1,860243;0,001887;0,557274;14;22;0;4500;0,557274;0,52751
Q_UNRESTRICTED/NATURE/30x30x5;Q-NEUTRAL;Q_UNRESTRICTED;0;A_UNRESTRICTED/NATURE/30x30x5;nature;30x30x5;30;5;30;4500;ThisWork;heap;23;1448710706;1;a7221298e870fba0;1;0;0;0;0;4500;1529;2971;0,373615;0,373615;2,142062;2,098571;0,026284;0,529506;21;22;0;4500;0,529506;0,502993
Q_UNRESTRICTED/NATURE/30x30x5;Q-NEUTRAL;Q_UNRESTRICTED;0;A_UNRESTRICTED/NATURE/30x30x5;nature;30x30x5;30;5;30;4500;ThisWork;heap;24;1817864012;1;9bc3c6a8c1084ab2;1;0;0;0;0;4500;1578;2922;0,39663;0,39663;2,059008;2,006216;0,026291;0,604639;22;22;0;4500;0,604639;0,581175
Q_UNRESTRICTED/NATURE/30x30x5;Q-NEUTRAL;Q_UNRESTRICTED;0;A_UNRESTRICTED/NATURE/30x30x5;nature;30x30x5;30;5;30;4500;ThisWork;heap;25;210094595;1;aeb204e191943239;1;0;0;0;0;4500;1577;2923;0,398214;0,398214;1,995612;1,957103;0,006202;0,557252;20;22;0;4500;0,557252;0,527587
Q_UNRESTRICTED/NATURE/30x30x5;Q-NEUTRAL;Q_UNRESTRICTED;0;A_UNRESTRICTED/NATURE/30x30x5;nature;30x30x5;30;5;30;4500;ThisWork;heap;26;2042396712;1;bd90851be2091650;1;0;0;0;0;4500;1652;2848;0,477615;0,477615;1,888329;1,865327;0,009077;0,559814;15;22;0;4500;0,559814;0,531701
Q_UNRESTRICTED/NATURE/30x30x5;Q-NEUTRAL;Q_UNRESTRICTED;0;A_UNRESTRICTED/NATURE/30x30x5;nature;30x30x5;30;5;30;4500;ThisWork;heap;27;1096427787;1;1ce50ea4b19f538d;1;0;0;0;0;4500;1597;2903;0,417095;0,417095;1,9576;1,907714;0,027753;0,553025;19;22;0;4500;0,553025;0,523864
Q_UNRESTRICTED/NATURE/30x30x5;Q-NEUTRAL;Q_UNRESTRICTED;0;A_UNRESTRICTED/NATURE/30x30x5;nature;30x30x5;30;5;30;4500;ThisWork;heap;28;1990758830;1;2d5edad6f5f6130d;1;0;0;0;0;4500;1652;2848;0,483447;0,483447;1,871797;1,856401;0,004763;0,550875;16;22;0;4500;0,550875;0,520771
Q_UNRESTRICTED/NATURE/30x30x5;Q-NEUTRAL;Q_UNRESTRICTED;0;A_UNRESTRICTED/NATURE/30x30x5;nature;30x30x5;30;5;30;4500;ThisWork;heap;29;1694777251;1;7a2214db8f1c6a5e;1;0;0;0;0;4500;1663;2837;0,483925;0,483925;1,870117;1,846771;0,002273;0,550127;16;22;0;4500;0,550127;0,519011
Q_UNRESTRICTED/NATURE/30x30x5;Q-NEUTRAL;Q_UNRESTRICTED;0;A_UNRESTRICTED/NATURE/30x30x5;nature;30x30x5;30;5;30;4500;ThisWork;heap;30;1028752773;1;2b9315a2ba74b56f;1;0;0;0;0;4500;1590;2910;0,413644;0,413644;2,033064;1,979496;0,019617;0,553351;20;22;0;4500;0,553351;0,525605
Q_UNRESTRICTED/NATURE/30x30x5;Q-NEUTRAL;Q_UNRESTRICTED;0;A_UNRESTRICTED/NATURE/30x30x5;nature;30x30x5;30;5;30;4500;ThisWork;heap;31;1269374943;1;8b00aa76c8149991;1;0;0;0;0;4500;1633;2867;0,42763;0,42763;2,010374;1,971922;0,024097;0,548834;22;22;0;4500;0,548834;0,518322
Q_UNRESTRICTED/NATURE/30x30x5;Q-NEUTRAL;Q_UNRESTRICTED;0;A_UNRESTRICTED/NATURE/30x30x5;nature;30x30x5;30;5;30;4500;ThisWork;heap;32;1347188463;1;35ebfa39ab81b74a;1;0;0;0;0;4500;1585;2915;0,403397;0,403397;2,070326;2,037234;0,008379;0,561184;20;22;0;4500;0,561184;0,53342
Q_UNRESTRICTED/NATURE/30x30x5;Q-NEUTRAL;Q_UNRESTRICTED;0;A_UNRESTRICTED/NATURE/30x30x5;nature;30x30x5;30;5;30;4500;ThisWork;heap;33;265362086;1;41591468e4de6437;1;0;0;0;0;4500;1653;2847;0,478039;0,478039;1,859961;1,847967;0,002563;0,545546;16;22;0;4500;0,545546;0,512703
Q_UNRESTRICTED/NATURE/30x30x5;Q-NEUTRAL;Q_UNRESTRICTED;0;A_UNRESTRICTED/NATURE/30x30x5;nature;30x30x5;30;5;30;4500;ThisWork;heap;34;977803516;1;325608287fe18ab7;1;0;0;0;0;4500;1669;2831;0,487979;0,487979;1,835107;1,823345;0,007617;0,561891;15;22;0;4500;0,561891;0,531764
Q_UNRESTRICTED/NATURE/30x30x5;Q-NEUTRAL;Q_UNRESTRICTED;0;A_UNRESTRICTED/NATURE/30x30x5;nature;30x30x5;30;5;30;4500;ThisWork;heap;35;1440427374;1;043ae6c6c081acde;1;0;0;0;0;4500;1574;2926;0,399039;0,399039;2,057233;1,997286;0,011045;0,561882;22;22;0;4500;0,561882;0,535891
Q_UNRESTRICTED/NATURE/30x30x5;Q-NEUTRAL;Q_UNRESTRICTED;0;A_UNRESTRICTED/NATURE/30x30x5;nature;30x30x5;30;5;30;4500;ThisWork;heap;36;741936061;1;6d8ff7f9f8bcb49a;1;0;0;0;0;4500;1574;2926;0,402289;0,402289;2,015394;1,963857;0,008041;0,546803;22;22;0;4500;0,546803;0,5162
Q_UNRESTRICTED/NATURE/30x30x5;Q-NEUTRAL;Q_UNRESTRICTED;0;A_UNRESTRICTED/NATURE/30x30x5;nature;30x30x5;30;5;30;4500;ThisWork;heap;37;2053306887;1;1b7eadbe094cf3bb;1;0;0;0;0;4500;1592;2908;0,416503;0,416503;2,03648;1,987747;0,015382;0,588998;19;22;0;4500;0,588998;0,565515
Q_UNRESTRICTED/NATURE/30x30x5;Q-NEUTRAL;Q_UNRESTRICTED;0;A_UNRESTRICTED/NATURE/30x30x5;nature;30x30x5;30;5;30;4500;ThisWork;heap;38;904879825;1;4e738ebaa384e0cb;1;0;0;0;0;4500;1612;2888;0,424498;0,424498;1,984456;1,938398;0,020844;0,536603;19;22;0;4500;0,536603;0,504621
Q_UNRESTRICTED/NATURE/30x30x5;Q-NEUTRAL;Q_UNRESTRICTED;0;A_UNRESTRICTED/NATURE/30x30x5;nature;30x30x5;30;5;30;4500;ThisWork;heap;39;845523214;1;c395b2be5d948bed;1;0;0;0;0;4500;1680;2820;0,494852;0,494852;1,835785;1,823245;0,004585;0,547506;15;22;0;4500;0,547506;0,515868
Q_UNRESTRICTED/NATURE/30x30x5;Q-NEUTRAL;Q_UNRESTRICTED;0;A_UNRESTRICTED/NATURE/30x30x5;nature;30x30x5;30;5;30;4500;ThisWork;heap;40;1452213684;1;710e4065a78a697c;1;0;0;0;0;4500;1660;2840;0,480022;0,480022;1,821219;1,802359;0,005147;0,574363;15;22;0;4500;0,574363;0,545356
Q_UNRESTRICTED/NATURE/30x30x5;Q-NEUTRAL;Q_UNRESTRICTED;0;A_UNRESTRICTED/NATURE/30x30x5;nature;30x30x5;30;5;30;4500;ThisWork;heap;41;2121884665;1;ff24b087ddf202f5;1;0;0;0;0;4500;1598;2902;0,423006;0,423006;2,010712;1,973799;0,021442;0,556794;19;22;0;4500;0,556794;0,529805
Q_UNRESTRICTED/NATURE/30x30x5;Q-NEUTRAL;Q_UNRESTRICTED;0;A_UNRESTRICTED/NATURE/30x30x5;nature;30x30x5;30;5;30;4500;ThisWork;heap;42;687786924;1;cfd1d3cd354d0d87;1;0;0;0;0;4500;1591;2909;0,389114;0,389114;2,063222;2,016906;0,011086;0,555116;21;22;0;4500;0,555116;0,524794
Q_UNRESTRICTED/NATURE/30x30x5;Q-NEUTRAL;Q_UNRESTRICTED;0;A_UNRESTRICTED/NATURE/30x30x5;nature;30x30x5;30;5;30;4500;ThisWork;heap;43;134656129;1;8fa067bcb5869614;1;0;0;0;0;4500;1575;2925;0,396989;0,396989;2,070088;2,03433;0,01727;0,627506;21;22;0;4500;0,627506;0,607293
Q_UNRESTRICTED/NATURE/30x30x5;Q-NEUTRAL;Q_UNRESTRICTED;0;A_UNRESTRICTED/NATURE/30x30x5;nature;30x30x5;30;5;30;4500;ThisWork;heap;44;1813365002;1;1cdeccab5bc9dda2;1;0;0;0;0;4500;1591;2909;0,403435;0,403435;1,981154;1,920546;0,01324;0,562844;22;22;0;4500;0,562844;0,532676
Q_UNRESTRICTED/NATURE/30x30x5;Q-NEUTRAL;Q_UNRESTRICTED;0;A_UNRESTRICTED/NATURE/30x30x5;nature;30x30x5;30;5;30;4500;ThisWork;heap;45;557894813;1;d43abbdbb47d3309;1;0;0;0;0;4500;1580;2920;0,400584;0,400584;2,027505;1,979398;0,007847;0,620372;21;22;0;4500;0,620372;0,598803
Q_UNRESTRICTED/NATURE/30x30x5;Q-NEUTRAL;Q_UNRESTRICTED;0;A_UNRESTRICTED/NATURE/30x30x5;nature;30x30x5;30;5;30;4500;ThisWork;heap;46;1784650138;1;73a1198ee0147c85;1;0;0;0;0;4500;1696;2804;0,498114;0,498114;1,788122;1,772785;0,011996;0,539315;14;22;0;4500;0,539315;0,50268
Q_UNRESTRICTED/NATURE/30x30x5;Q-NEUTRAL;Q_UNRESTRICTED;0;A_UNRESTRICTED/NATURE/30x30x5;nature;30x30x5;30;5;30;4500;ThisWork;heap;47;328375311;1;05ca10710e5eaf22;1;0;0;0;0;4500;1682;2818;0,490621;0,490621;1,846893;1,831782;0,004298;0,552231;15;22;0;4500;0,552231;0,519615
Q_UNRESTRICTED/NATURE/30x30x5;Q-NEUTRAL;Q_UNRESTRICTED;0;A_UNRESTRICTED/NATURE/30x30x5;nature;30x30x5;30;5;30;4500;ThisWork;heap;48;1186986947;1;933859848b783aba;1;0;0;0;0;4500;1555;2945;0,37338;0,37338;2,142693;2,079047;0,010933;0,547723;22;22;0;4500;0,547723;0,519678
Q_UNRESTRICTED/NATURE/30x30x5;Q-NEUTRAL;Q_UNRESTRICTED;0;A_UNRESTRICTED/NATURE/30x30x5;nature;30x30x5;30;5;30;4500;ThisWork;heap;49;749637904;1;7ac6ec9b86c279aa;1;0;0;0;0;4500;1659;2841;0,480976;0,480976;1,848411;1,829785;0,006783;0,544304;16;22;0;4500;0,544304;0,512177
Q_UNRESTRICTED/NATURE/30x30x5;Q-NEUTRAL;Q_UNRESTRICTED;0;A_UNRESTRICTED/NATURE/30x30x5;nature;30x30x5;30;5;30;4500;Gumin;simple-tiled-3d;0;506463464;1;86076bf3900d4e3a;1;0;0;0;0;4500;1682;2818;0,486853;0,486853;1,837206;1,822647;0,002537;0,550766;16;22;0;4500;0,550766;0,518998
Q_UNRESTRICTED/NATURE/30x30x5;Q-NEUTRAL;Q_UNRESTRICTED;0;A_UNRESTRICTED/NATURE/30x30x5;nature;30x30x5;30;5;30;4500;Gumin;simple-tiled-3d;1;398458141;1;b74b1fd73bfac499;1;0;0;0;0;4500;1580;2920;0,398333;0,398333;2,105337;2,069895;0,023823;0,533633;22;22;0;4500;0,533633;0,506009
Q_UNRESTRICTED/NATURE/30x30x5;Q-NEUTRAL;Q_UNRESTRICTED;0;A_UNRESTRICTED/NATURE/30x30x5;nature;30x30x5;30;5;30;4500;Gumin;simple-tiled-3d;2;1438490173;1;27bb9f7563f832f9;1;0;0;0;0;4500;1547;2953;0,368475;0,368475;2,155237;2,109001;0,01621;0,561079;22;22;0;4500;0,561079;0,536567
Q_UNRESTRICTED/NATURE/30x30x5;Q-NEUTRAL;Q_UNRESTRICTED;0;A_UNRESTRICTED/NATURE/30x30x5;nature;30x30x5;30;5;30;4500;Gumin;simple-tiled-3d;3;1824281632;1;504017739ccf25a4;1;0;0;0;0;4500;1610;2890;0,422685;0,422685;2,009766;1,965422;0,004612;0,53507;20;22;0;4500;0,53507;0,503574
Q_UNRESTRICTED/NATURE/30x30x5;Q-NEUTRAL;Q_UNRESTRICTED;0;A_UNRESTRICTED/NATURE/30x30x5;nature;30x30x5;30;5;30;4500;Gumin;simple-tiled-3d;4;1312306357;1;b5d706b1fb3c627d;1;0;0;0;0;4500;1641;2859;0,475122;0,475122;1,917546;1,902324;0,002062;0,545637;15;22;0;4500;0,545637;0,515175
Q_UNRESTRICTED/NATURE/30x30x5;Q-NEUTRAL;Q_UNRESTRICTED;0;A_UNRESTRICTED/NATURE/30x30x5;nature;30x30x5;30;5;30;4500;Gumin;simple-tiled-3d;5;1785777173;1;649b1c5f3cc1ee58;1;0;0;0;0;4500;1591;2909;0,409633;0,409633;2,003683;1,948177;0,011548;0,557764;22;22;0;4500;0,557764;0,528902
Q_UNRESTRICTED/NATURE/30x30x5;Q-NEUTRAL;Q_UNRESTRICTED;0;A_UNRESTRICTED/NATURE/30x30x5;nature;30x30x5;30;5;30;4500;Gumin;simple-tiled-3d;6;665675770;1;c654fa159e046ced;1;0;0;0;0;4500;1664;2836;0,481097;0,481097;1,892467;1,881857;0,001739;0,562834;16;22;0;4500;0,562834;0,533896
Q_UNRESTRICTED/NATURE/30x30x5;Q-NEUTRAL;Q_UNRESTRICTED;0;A_UNRESTRICTED/NATURE/30x30x5;nature;30x30x5;30;5;30;4500;Gumin;simple-tiled-3d;7;160479253;1;f2ce586bb1f04ef2;1;0;0;0;0;4500;1555;2945;0,378904;0,378904;2,090665;2,017135;0,039365;0,602685;21;22;0;4500;0,602685;0,579537
Q_UNRESTRICTED/NATURE/30x30x5;Q-NEUTRAL;Q_UNRESTRICTED;0;A_UNRESTRICTED/NATURE/30x30x5;nature;30x30x5;30;5;30;4500;Gumin;simple-tiled-3d;8;353892149;1;d7c79efd48d50d24;1;0;0;0;0;4500;1656;2844;0,477226;0,477226;1,876088;1,860568;0,005727;0,543787;15;22;0;4500;0,543787;0,511737
Q_UNRESTRICTED/NATURE/30x30x5;Q-NEUTRAL;Q_UNRESTRICTED;0;A_UNRESTRICTED/NATURE/30x30x5;nature;30x30x5;30;5;30;4500;Gumin;simple-tiled-3d;9;316226383;1;396ebab13457c658;1;0;0;0;0;4500;1623;2877;0,436145;0,436145;1,92893;1,886723;0,039126;0,566676;18;22;0;4500;0,566676;0,539175
Q_UNRESTRICTED/NATURE/30x30x5;Q-NEUTRAL;Q_UNRESTRICTED;0;A_UNRESTRICTED/NATURE/30x30x5;nature;30x30x5;30;5;30;4500;Gumin;simple-tiled-3d;10;1798464594;1;ca72317358017e98;1;0;0;0;0;4500;1599;2901;0,488545;0,488545;1,786453;1,751548;0,019218;0,555302;15;22;0;4500;0,555302;0,525093
Q_UNRESTRICTED/NATURE/30x30x5;Q-NEUTRAL;Q_UNRESTRICTED;0;A_UNRESTRICTED/NATURE/30x30x5;nature;30x30x5;30;5;30;4500;Gumin;simple-tiled-3d;11;240634048;1;cd1fae9af8d8f3ed;1;0;0;0;0;4500;1690;2810;0,497245;0,497245;1,806397;1,793464;0,005013;0,55493;13;22;0;4500;0,55493;0,522562
Q_UNRESTRICTED/NATURE/30x30x5;Q-NEUTRAL;Q_UNRESTRICTED;0;A_UNRESTRICTED/NATURE/30x30x5;nature;30x30x5;30;5;30;4500;Gumin;simple-tiled-3d;12;476251675;1;c9a34b15f608e337;1;0;0;0;0;4500;1596;2904;0,420903;0,420903;2,050487;2,010774;0,026619;0,542367;19;22;0;4500;0,542367;0,513696
Q_UNRESTRICTED/NATURE/30x30x5;Q-NEUTRAL;Q_UNRESTRICTED;0;A_UNRESTRICTED/NATURE/30x30x5;nature;30x30x5;30;5;30;4500;Gumin;simple-tiled-3d;13;1546918522;1;860f194259b3c539;1;0;0;0;0;4500;1560;2940;0,388376;0,388376;2,04515;2,003968;0,008439;0,543991;20;22;0;4500;0,543991;0,514345
Q_UNRESTRICTED/NATURE/30x30x5;Q-NEUTRAL;Q_UNRESTRICTED;0;A_UNRESTRICTED/NATURE/30x30x5;nature;30x30x5;30;5;30;4500;Gumin;simple-tiled-3d;14;791975271;1;f398907814c8130e;1;0;0;0;0;4500;1640;2860;0,475285;0,475285;1,90159;1,886327;0,000238;0,542639;15;22;0;4500;0,542639;0,510626
Q_UNRESTRICTED/NATURE/30x30x5;Q-NEUTRAL;Q_UNRESTRICTED;0;A_UNRESTRICTED/NATURE/30x30x5;nature;30x30x5;30;5;30;4500;Gumin;simple-tiled-3d;15;1199639762;1;5ffe09e412ea675a;1;0;0;0;0;4500;1634;2866;0,433384;0,433384;1,95438;1,912815;0,028956;0,572821;21;22;0;4500;0,572821;0,543388
Q_UNRESTRICTED/NATURE/30x30x5;Q-NEUTRAL;Q_UNRESTRICTED;0;A_UNRESTRICTED/NATURE/30x30x5;nature;30x30x5;30;5;30;4500;Gumin;simple-tiled-3d;16;535776614;2;5cca5d946e3e5f7f;1;0;0;0;0;4500;1607;2893;0,422433;0,422433;1,957832;1,903348;0,010775;0,55249;21;22;0;4500;0,55249;0,522009
Q_UNRESTRICTED/NATURE/30x30x5;Q-NEUTRAL;Q_UNRESTRICTED;0;A_UNRESTRICTED/NATURE/30x30x5;nature;30x30x5;30;5;30;4500;Gumin;simple-tiled-3d;17;75787350;1;da9fc4c0d8bde674;1;0;0;0;0;4500;1665;2835;0,485523;0,485523;1,811624;1,791186;0,00547;0,552789;15;22;0;4500;0,552789;0,521143
Q_UNRESTRICTED/NATURE/30x30x5;Q-NEUTRAL;Q_UNRESTRICTED;0;A_UNRESTRICTED/NATURE/30x30x5;nature;30x30x5;30;5;30;4500;Gumin;simple-tiled-3d;18;2140273883;1;85477f65fb4bcebd;1;0;0;0;0;4500;1676;2824;0,48851;0,48851;1,848105;1,825794;0,019308;0,551197;16;22;0;4500;0,551197;0,518082
Q_UNRESTRICTED/NATURE/30x30x5;Q-NEUTRAL;Q_UNRESTRICTED;0;A_UNRESTRICTED/NATURE/30x30x5;nature;30x30x5;30;5;30;4500;Gumin;simple-tiled-3d;19;603400799;1;87beff0970f6a60a;1;0;0;0;0;4500;1590;2910;0,407242;0,407242;2,025896;1,961423;0,012411;0,606249;21;22;0;4500;0,606249;0,582662
Q_UNRESTRICTED/NATURE/30x30x5;Q-NEUTRAL;Q_UNRESTRICTED;0;A_UNRESTRICTED/NATURE/30x30x5;nature;30x30x5;30;5;30;4500;Gumin;simple-tiled-3d;20;358740922;1;a35b2a8f55072797;1;0;0;0;0;4500;1648;2852;0,481771;0,481771;1,873163;1,860902;0,005092;0,551342;14;22;0;4500;0,551342;0,522308
Q_UNRESTRICTED/NATURE/30x30x5;Q-NEUTRAL;Q_UNRESTRICTED;0;A_UNRESTRICTED/NATURE/30x30x5;nature;30x30x5;30;5;30;4500;Gumin;simple-tiled-3d;21;580203225;1;19dde903cfbe1055;1;0;0;0;0;4500;1589;2911;0,407415;0,407415;2,015948;1,963782;0,021938;0,6021;21;22;0;4500;0,6021;0,577329
Q_UNRESTRICTED/NATURE/30x30x5;Q-NEUTRAL;Q_UNRESTRICTED;0;A_UNRESTRICTED/NATURE/30x30x5;nature;30x30x5;30;5;30;4500;Gumin;simple-tiled-3d;22;643561413;1;f8b4be942f302392;1;0;0;0;0;4500;1640;2860;0,472185;0,472185;1,898648;1,878133;0,004505;0,549528;16;22;0;4500;0,549528;0,519315
Q_UNRESTRICTED/NATURE/30x30x5;Q-NEUTRAL;Q_UNRESTRICTED;0;A_UNRESTRICTED/NATURE/30x30x5;nature;30x30x5;30;5;30;4500;Gumin;simple-tiled-3d;23;1448710706;1;034e079b38b8dcd6;1;0;0;0;0;4500;1568;2932;0,39795;0,39795;2,060945;2,013916;0,031336;0,533723;20;22;0;4500;0,533723;0,504694
Q_UNRESTRICTED/NATURE/30x30x5;Q-NEUTRAL;Q_UNRESTRICTED;0;A_UNRESTRICTED/NATURE/30x30x5;nature;30x30x5;30;5;30;4500;Gumin;simple-tiled-3d;24;1817864012;1;00f10e2d702496c1;1;0;0;0;0;4500;1572;2928;0,390052;0,390052;2,038849;1,978626;0,047405;0,613193;21;22;0;4500;0,613193;0,589764
Q_UNRESTRICTED/NATURE/30x30x5;Q-NEUTRAL;Q_UNRESTRICTED;0;A_UNRESTRICTED/NATURE/30x30x5;nature;30x30x5;30;5;30;4500;Gumin;simple-tiled-3d;25;210094595;1;905e453ff3ebeec4;1;0;0;0;0;4500;1594;2906;0,40735;0,40735;2,052319;1,980869;0,002163;0,549451;21;22;0;4500;0,549451;0,519379
Q_UNRESTRICTED/NATURE/30x30x5;Q-NEUTRAL;Q_UNRESTRICTED;0;A_UNRESTRICTED/NATURE/30x30x5;nature;30x30x5;30;5;30;4500;Gumin;simple-tiled-3d;26;2042396712;1;129f24a66fa62d4a;1;0;0;0;0;4500;1679;2821;0,491379;0,491379;1,827699;1,817761;0,001102;0,555891;14;22;0;4500;0,555891;0,523229
Q_UNRESTRICTED/NATURE/30x30x5;Q-NEUTRAL;Q_UNRESTRICTED;0;A_UNRESTRICTED/NATURE/30x30x5;nature;30x30x5;30;5;30;4500;Gumin;simple-tiled-3d;27;1096427787;1;1fe73d3db6282c4d;1;0;0;0;0;4500;1623;2877;0,432313;0,432313;1,949836;1,899767;0,025307;0,560168;19;22;0;4500;0,560168;0,529569
Q_UNRESTRICTED/NATURE/30x30x5;Q-NEUTRAL;Q_UNRESTRICTED;0;A_UNRESTRICTED/NATURE/30x30x5;nature;30x30x5;30;5;30;4500;Gumin;simple-tiled-3d;28;1990758830;1;39d34ee4273c51ee;1;0;0;0;0;4500;1603;2897;0,479166;0,479166;1,862695;1,833634;0,015451;0,549927;15;22;0;4500;0,549927;0,519995
Q_UNRESTRICTED/NATURE/30x30x5;Q-NEUTRAL;Q_UNRESTRICTED;0;A_UNRESTRICTED/NATURE/30x30x5;nature;30x30x5;30;5;30;4500;Gumin;simple-tiled-3d;29;1694777251;1;1dae5b53aa18004e;1;0;0;0;0;4500;1645;2855;0,467634;0,467634;1,891939;1,870841;0,003644;0,567252;16;22;0;4500;0,567252;0,539714
Q_UNRESTRICTED/NATURE/30x30x5;Q-NEUTRAL;Q_UNRESTRICTED;0;A_UNRESTRICTED/NATURE/30x30x5;nature;30x30x5;30;5;30;4500;Gumin;simple-tiled-3d;30;1028752773;1;5d4afd3d9d78693d;1;0;0;0;0;4500;1602;2898;0,414959;0,414959;2,018527;1,962824;0,020948;0,555873;21;22;0;4500;0,555873;0,526476
Q_UNRESTRICTED/NATURE/30x30x5;Q-NEUTRAL;Q_UNRESTRICTED;0;A_UNRESTRICTED/NATURE/30x30x5;nature;30x30x5;30;5;30;4500;Gumin;simple-tiled-3d;31;1269374943;2;a1263ae5abd362a3;1;0;0;0;0;4500;1655;2845;0,474662;0,474662;1,901121;1,890745;0,003714;0,561633;16;22;0;4500;0,561633;0,53341
Q_UNRESTRICTED/NATURE/30x30x5;Q-NEUTRAL;Q_UNRESTRICTED;0;A_UNRESTRICTED/NATURE/30x30x5;nature;30x30x5;30;5;30;4500;Gumin;simple-tiled-3d;32;1347188463;1;da2215774f0b3011;1;0;0;0;0;4500;1562;2938;0,390602;0,390602;2,055412;2,021625;0,010759;0,555392;21;22;0;4500;0,555392;0,528408
Q_UNRESTRICTED/NATURE/30x30x5;Q-NEUTRAL;Q_UNRESTRICTED;0;A_UNRESTRICTED/NATURE/30x30x5;nature;30x30x5;30;5;30;4500;Gumin;simple-tiled-3d;33;265362086;1;156b3398a7236d82;1;0;0;0;0;4500;1666;2834;0,485729;0,485729;1,804613;1,788155;0,003449;0,543247;14;22;0;4500;0,543247;0,509973
Q_UNRESTRICTED/NATURE/30x30x5;Q-NEUTRAL;Q_UNRESTRICTED;0;A_UNRESTRICTED/NATURE/30x30x5;nature;30x30x5;30;5;30;4500;Gumin;simple-tiled-3d;34;977803516;1;48c4467ae6404fb3;1;0;0;0;0;4500;1675;2825;0,490307;0,490307;1,848855;1,828757;0,009542;0,549651;15;22;0;4500;0,549651;0,518259
Q_UNRESTRICTED/NATURE/30x30x5;Q-NEUTRAL;Q_UNRESTRICTED;0;A_UNRESTRICTED/NATURE/30x30x5;nature;30x30x5;30;5;30;4500;Gumin;simple-tiled-3d;35;1440427374;1;a018522506048f9e;1;0;0;0;0;4500;1573;2927;0,405732;0,405732;2,098145;2,043302;0,017864;0,555977;20;22;0;4500;0,555977;0,530898
Q_UNRESTRICTED/NATURE/30x30x5;Q-NEUTRAL;Q_UNRESTRICTED;0;A_UNRESTRICTED/NATURE/30x30x5;nature;30x30x5;30;5;30;4500;Gumin;simple-tiled-3d;36;741936061;1;92374a8d26803abd;1;0;0;0;0;4500;1598;2902;0,411561;0,411561;1,963852;1,900976;0,005755;0,561764;21;22;0;4500;0,561764;0,532195
Q_UNRESTRICTED/NATURE/30x30x5;Q-NEUTRAL;Q_UNRESTRICTED;0;A_UNRESTRICTED/NATURE/30x30x5;nature;30x30x5;30;5;30;4500;Gumin;simple-tiled-3d;37;2053306887;1;98cb9b05a355fb28;1;0;0;0;0;4500;1591;2909;0,403347;0,403347;2,048146;2,003166;0,007352;0,601156;21;22;0;4500;0,601156;0,575061
Q_UNRESTRICTED/NATURE/30x30x5;Q-NEUTRAL;Q_UNRESTRICTED;0;A_UNRESTRICTED/NATURE/30x30x5;nature;30x30x5;30;5;30;4500;Gumin;simple-tiled-3d;38;904879825;1;b8663f9ac0acb2ee;1;0;0;0;0;4500;1585;2915;0,413091;0,413091;2,051857;2,007129;0,013203;0,537057;20;22;0;4500;0,537057;0,507719
Q_UNRESTRICTED/NATURE/30x30x5;Q-NEUTRAL;Q_UNRESTRICTED;0;A_UNRESTRICTED/NATURE/30x30x5;nature;30x30x5;30;5;30;4500;Gumin;simple-tiled-3d;39;845523214;1;84732847d2ae2754;1;0;0;0;0;4500;1645;2855;0,469849;0,469849;1,913379;1,888276;0,012412;0,562499;16;22;0;4500;0,562499;0,531737
Q_UNRESTRICTED/NATURE/30x30x5;Q-NEUTRAL;Q_UNRESTRICTED;0;A_UNRESTRICTED/NATURE/30x30x5;nature;30x30x5;30;5;30;4500;Gumin;simple-tiled-3d;40;1452213684;1;5e80733ec7e99ddf;1;0;0;0;0;4500;1645;2855;0,472709;0,472709;1,936422;1,914247;0,007898;0,564544;15;22;0;4500;0,564544;0,53629
Q_UNRESTRICTED/NATURE/30x30x5;Q-NEUTRAL;Q_UNRESTRICTED;0;A_UNRESTRICTED/NATURE/30x30x5;nature;30x30x5;30;5;30;4500;Gumin;simple-tiled-3d;41;2121884665;1;bf8c3d93f3891b26;1;0;0;0;0;4500;1612;2888;0,428286;0,428286;1,997479;1,953208;0,011047;0,552839;20;22;0;4500;0,552839;0,523274
Q_UNRESTRICTED/NATURE/30x30x5;Q-NEUTRAL;Q_UNRESTRICTED;0;A_UNRESTRICTED/NATURE/30x30x5;nature;30x30x5;30;5;30;4500;Gumin;simple-tiled-3d;42;687786924;1;5617ff84c800f3b9;1;0;0;0;0;4500;1632;2868;0,437469;0,437469;1,957636;1,90739;0,006457;0,549968;19;22;0;4500;0,549968;0,518422
Q_UNRESTRICTED/NATURE/30x30x5;Q-NEUTRAL;Q_UNRESTRICTED;0;A_UNRESTRICTED/NATURE/30x30x5;nature;30x30x5;30;5;30;4500;Gumin;simple-tiled-3d;43;134656129;1;54208b3cc3ef9bbc;1;0;0;0;0;4500;1580;2920;0,40632;0,40632;1,990867;1,933499;0,038074;0,617188;19;22;0;4500;0,617188;0,593465
Q_UNRESTRICTED/NATURE/30x30x5;Q-NEUTRAL;Q_UNRESTRICTED;0;A_UNRESTRICTED/NATURE/30x30x5;nature;30x30x5;30;5;30;4500;Gumin;simple-tiled-3d;44;1813365002;1;6e63471a01dd37f2;1;0;0;0;0;4500;1615;2885;0,425588;0,425588;1,936423;1,891535;0,009623;0,556113;20;22;0;4500;0,556113;0,525134
Q_UNRESTRICTED/NATURE/30x30x5;Q-NEUTRAL;Q_UNRESTRICTED;0;A_UNRESTRICTED/NATURE/30x30x5;nature;30x30x5;30;5;30;4500;Gumin;simple-tiled-3d;45;557894813;1;c867b04807415906;1;0;0;0;0;4500;1582;2918;0,394593;0,394593;2,062764;2,010275;0,013578;0,586254;21;22;0;4500;0,586254;0,559075
Q_UNRESTRICTED/NATURE/30x30x5;Q-NEUTRAL;Q_UNRESTRICTED;0;A_UNRESTRICTED/NATURE/30x30x5;nature;30x30x5;30;5;30;4500;Gumin;simple-tiled-3d;46;1784650138;1;e9ca955937f7ad1f;1;0;0;0;0;4500;1669;2831;0,485516;0,485516;1,843736;1,831052;0,002864;0,54434;15;22;0;4500;0,54434;0,511088
Q_UNRESTRICTED/NATURE/30x30x5;Q-NEUTRAL;Q_UNRESTRICTED;0;A_UNRESTRICTED/NATURE/30x30x5;nature;30x30x5;30;5;30;4500;Gumin;simple-tiled-3d;47;328375311;1;d835aa29c53ca2a1;1;0;0;0;0;4500;1693;2807;0,496482;0,496482;1,757632;1,739318;0,006139;0,565741;15;22;0;4500;0,565741;0,533424
Q_UNRESTRICTED/NATURE/30x30x5;Q-NEUTRAL;Q_UNRESTRICTED;0;A_UNRESTRICTED/NATURE/30x30x5;nature;30x30x5;30;5;30;4500;Gumin;simple-tiled-3d;48;1186986947;1;f45b38803fb6c29a;1;0;0;0;0;4500;1601;2899;0,402979;0,402979;2,017016;1,975132;0,016388;0,544358;20;22;0;4500;0,544358;0,513025
Q_UNRESTRICTED/NATURE/30x30x5;Q-NEUTRAL;Q_UNRESTRICTED;0;A_UNRESTRICTED/NATURE/30x30x5;nature;30x30x5;30;5;30;4500;Gumin;simple-tiled-3d;49;749637904;1;ff74a52d7aac83be;1;0;0;0;0;4500;1663;2837;0,483835;0,483835;1,845766;1,830146;0,002544;0,550776;16;22;0;4500;0,550776;0,518336
Q_UNRESTRICTED/NATURE/30x30x5;Q-NEUTRAL;Q_UNRESTRICTED;0;A_UNRESTRICTED/NATURE/30x30x5;nature;30x30x5;30;5;30;4500;DeBroglie;matched;0;506463464;1;01e4188e97e14e6d;1;0;0;0;0;4500;1660;2840;0,478911;0,478911;1,897606;1,883261;0,003424;0,537914;15;22;0;4500;0,537914;0,505751
Q_UNRESTRICTED/NATURE/30x30x5;Q-NEUTRAL;Q_UNRESTRICTED;0;A_UNRESTRICTED/NATURE/30x30x5;nature;30x30x5;30;5;30;4500;DeBroglie;matched;1;398458141;1;767b9671c6868076;1;0;0;0;0;4500;1670;2830;0,491466;0,491466;1,835108;1,823681;0,000411;0,562372;15;22;0;4500;0,562372;0,532943
Q_UNRESTRICTED/NATURE/30x30x5;Q-NEUTRAL;Q_UNRESTRICTED;0;A_UNRESTRICTED/NATURE/30x30x5;nature;30x30x5;30;5;30;4500;DeBroglie;matched;2;1438490173;2;3d262a71ece2e273;1;0;0;0;0;4500;1620;2880;0,430406;0,430406;1,910375;1,867608;0,002304;0,569796;19;22;0;4500;0,569796;0,540522
Q_UNRESTRICTED/NATURE/30x30x5;Q-NEUTRAL;Q_UNRESTRICTED;0;A_UNRESTRICTED/NATURE/30x30x5;nature;30x30x5;30;5;30;4500;DeBroglie;matched;3;1824281632;1;41114f914279886f;1;0;0;0;0;4500;1667;2833;0,486387;0,486387;1,88061;1,86523;0,002005;0,539556;15;22;0;4500;0,539556;0,505941
Q_UNRESTRICTED/NATURE/30x30x5;Q-NEUTRAL;Q_UNRESTRICTED;0;A_UNRESTRICTED/NATURE/30x30x5;nature;30x30x5;30;5;30;4500;DeBroglie;matched;4;1312306357;1;ec1ac03e787a89b4;1;0;0;0;0;4500;1667;2833;0,485156;0,485156;1,838763;1,821731;0,001742;0,550653;16;22;0;4500;0,550653;0,51941
Q_UNRESTRICTED/NATURE/30x30x5;Q-NEUTRAL;Q_UNRESTRICTED;0;A_UNRESTRICTED/NATURE/30x30x5;nature;30x30x5;30;5;30;4500;DeBroglie;matched;5;1785777173;1;11a87f139bf98e7e;1;0;0;0;0;4500;1576;2924;0,400028;0,400028;2,051585;2,006615;0,005016;0,552703;20;22;0;4500;0,552703;0,524113
Q_UNRESTRICTED/NATURE/30x30x5;Q-NEUTRAL;Q_UNRESTRICTED;0;A_UNRESTRICTED/NATURE/30x30x5;nature;30x30x5;30;5;30;4500;DeBroglie;matched;6;665675770;1;8fc2f7cded9987b0;1;0;0;0;0;4500;1630;2870;0,433371;0,433371;1,920074;1,880762;0,022563;0,536562;21;22;0;4500;0,536562;0,503057
Q_UNRESTRICTED/NATURE/30x30x5;Q-NEUTRAL;Q_UNRESTRICTED;0;A_UNRESTRICTED/NATURE/30x30x5;nature;30x30x5;30;5;30;4500;DeBroglie;matched;7;160479253;1;273acb6647a554a6;1;0;0;0;0;4500;1691;2809;0,502667;0,502667;1,827987;1,816911;0,002186;0,553705;13;22;0;4500;0,553705;0,521274
Q_UNRESTRICTED/NATURE/30x30x5;Q-NEUTRAL;Q_UNRESTRICTED;0;A_UNRESTRICTED/NATURE/30x30x5;nature;30x30x5;30;5;30;4500;DeBroglie;matched;8;353892149;1;c9b1b3984e1c75e6;1;0;0;0;0;4500;1615;2885;0,428659;0,428659;1,93326;1,908175;0,000112;0,545361;19;22;0;4500;0,545361;0,513655
Q_UNRESTRICTED/NATURE/30x30x5;Q-NEUTRAL;Q_UNRESTRICTED;0;A_UNRESTRICTED/NATURE/30x30x5;nature;30x30x5;30;5;30;4500;DeBroglie;matched;9;316226383;1;6549a99715585629;1;0;0;0;0;4500;1625;2875;0,423637;0,423637;1,982495;1,940356;0,024095;0,573347;21;22;0;4500;0,573347;0,543664
Q_UNRESTRICTED/NATURE/30x30x5;Q-NEUTRAL;Q_UNRESTRICTED;0;A_UNRESTRICTED/NATURE/30x30x5;nature;30x30x5;30;5;30;4500;DeBroglie;matched;10;1798464594;1;e4729cba33da7095;1;0;0;0;0;4500;1685;2815;0,495773;0,495773;1,845236;1,826961;0,011688;0,541533;16;22;0;4500;0,541533;0,50927
Q_UNRESTRICTED/NATURE/30x30x5;Q-NEUTRAL;Q_UNRESTRICTED;0;A_UNRESTRICTED/NATURE/30x30x5;nature;30x30x5;30;5;30;4500;DeBroglie;matched;11;240634048;1;fd41dc5b3980f30d;1;0;0;0;0;4500;1593;2907;0,41189;0,41189;2,049776;1,9997;0,03673;0,542626;21;22;0;4500;0,542626;0,515043
Q_UNRESTRICTED/NATURE/30x30x5;Q-NEUTRAL;Q_UNRESTRICTED;0;A_UNRESTRICTED/NATURE/30x30x5;nature;30x30x5;30;5;30;4500;DeBroglie;matched;12;476251675;1;6405095ee3b8a4cb;1;0;0;0;0;4500;1618;2882;0,424573;0,424573;1,972091;1,922765;0,007531;0,538444;22;22;0;4500;0,538444;0,507465
Q_UNRESTRICTED/NATURE/30x30x5;Q-NEUTRAL;Q_UNRESTRICTED;0;A_UNRESTRICTED/NATURE/30x30x5;nature;30x30x5;30;5;30;4500;DeBroglie;matched;13;1546918522;1;8c100b8dab6ad1d5;1;0;0;0;0;4500;1666;2834;0,486712;0,486712;1,809999;1,796446;0,00208;0,552508;14;22;0;4500;0,552508;0,519819
Q_UNRESTRICTED/NATURE/30x30x5;Q-NEUTRAL;Q_UNRESTRICTED;0;A_UNRESTRICTED/NATURE/30x30x5;nature;30x30x5;30;5;30;4500;DeBroglie;matched;14;791975271;1;99c3cac126957876;1;0;0;0;0;4500;1581;2919;0,390871;0,390871;2,00529;1,960952;0,021548;0,555782;21;22;0;4500;0,555782;0,525356
Q_UNRESTRICTED/NATURE/30x30x5;Q-NEUTRAL;Q_UNRESTRICTED;0;A_UNRESTRICTED/NATURE/30x30x5;nature;30x30x5;30;5;30;4500;DeBroglie;matched;15;1199639762;1;07a75e42d1bed880;1;0;0;0;0;4500;1665;2835;0,487634;0,487634;1,838082;1,8189;0,002937;0,555098;15;22;0;4500;0,555098;0,524141
Q_UNRESTRICTED/NATURE/30x30x5;Q-NEUTRAL;Q_UNRESTRICTED;0;A_UNRESTRICTED/NATURE/30x30x5;nature;30x30x5;30;5;30;4500;DeBroglie;matched;16;535776614;1;3806e160ca3633ad;1;0;0;0;0;4500;1578;2922;0,402754;0,402754;2,025816;1,986606;0,016876;0,542698;21;22;0;4500;0,542698;0,513891
Q_UNRESTRICTED/NATURE/30x30x5;Q-NEUTRAL;Q_UNRESTRICTED;0;A_UNRESTRICTED/NATURE/30x30x5;nature;30x30x5;30;5;30;4500;DeBroglie;matched;17;75787350;1;b38b359f08a6fcfd;1;0;0;0;0;4500;1639;2861;0,454333;0,454333;1,955647;1,912674;0,014115;0,550263;19;22;0;4500;0,550263;0,520259
Q_UNRESTRICTED/NATURE/30x30x5;Q-NEUTRAL;Q_UNRESTRICTED;0;A_UNRESTRICTED/NATURE/30x30x5;nature;30x30x5;30;5;30;4500;DeBroglie;matched;18;2140273883;1;c387750370b26445;1;0;0;0;0;4500;1643;2857;0,470234;0,470234;1,91175;1,89537;0,00371;0,552481;16;22;0;4500;0,552481;0,523456
Q_UNRESTRICTED/NATURE/30x30x5;Q-NEUTRAL;Q_UNRESTRICTED;0;A_UNRESTRICTED/NATURE/30x30x5;nature;30x30x5;30;5;30;4500;DeBroglie;matched;19;603400799;1;1f6636b6b2d5f01d;1;0;0;0;0;4500;1638;2862;0,439714;0,439714;1,905401;1,868144;0,029217;0,538771;19;22;0;4500;0,538771;0,505646
Q_UNRESTRICTED/NATURE/30x30x5;Q-NEUTRAL;Q_UNRESTRICTED;0;A_UNRESTRICTED/NATURE/30x30x5;nature;30x30x5;30;5;30;4500;DeBroglie;matched;20;358740922;1;4ca74dd6cfcb68e9;1;0;0;0;0;4500;1656;2844;0,475732;0,475732;1,826298;1,804196;0,018236;0,55961;16;22;0;4500;0,55961;0,529483
Q_UNRESTRICTED/NATURE/30x30x5;Q-NEUTRAL;Q_UNRESTRICTED;0;A_UNRESTRICTED/NATURE/30x30x5;nature;30x30x5;30;5;30;4500;DeBroglie;matched;21;580203225;1;a5d506a0213b6033;1;0;0;0;0;4500;1662;2838;0,477782;0,477782;1,893375;1,875496;0,003213;0,556594;16;22;0;4500;0,556594;0,52493
Q_UNRESTRICTED/NATURE/30x30x5;Q-NEUTRAL;Q_UNRESTRICTED;0;A_UNRESTRICTED/NATURE/30x30x5;nature;30x30x5;30;5;30;4500;DeBroglie;matched;22;643561413;1;e2c4d9c8a1a1b9ae;1;0;0;0;0;4500;1620;2880;0,430504;0,430504;1,96917;1,921899;0,004987;0,53098;20;22;0;4500;0,53098;0,49834
Q_UNRESTRICTED/NATURE/30x30x5;Q-NEUTRAL;Q_UNRESTRICTED;0;A_UNRESTRICTED/NATURE/30x30x5;nature;30x30x5;30;5;30;4500;DeBroglie;matched;23;1448710706;1;d43e2376c65b4d6d;1;0;0;0;0;4500;1594;2906;0,416797;0,416797;2,009408;1,967468;0,011136;0,532059;22;22;0;4500;0,532059;0,501093
Q_UNRESTRICTED/NATURE/30x30x5;Q-NEUTRAL;Q_UNRESTRICTED;0;A_UNRESTRICTED/NATURE/30x30x5;nature;30x30x5;30;5;30;4500;DeBroglie;matched;24;1817864012;1;1d64247949634dd8;1;0;0;0;0;4500;1657;2843;0,483992;0,483992;1,826275;1,801517;0,016802;0,565973;16;22;0;4500;0,565973;0,535701
Q_UNRESTRICTED/NATURE/30x30x5;Q-NEUTRAL;Q_UNRESTRICTED;0;A_UNRESTRICTED/NATURE/30x30x5;nature;30x30x5;30;5;30;4500;DeBroglie;matched;25;210094595;1;ee1ba8fdbbb254a5;1;0;0;0;0;4500;1617;2883;0,430204;0,430204;1,945132;1,897195;0,025693;0,595683;20;22;0;4500;0,595683;0,567846
Q_UNRESTRICTED/NATURE/30x30x5;Q-NEUTRAL;Q_UNRESTRICTED;0;A_UNRESTRICTED/NATURE/30x30x5;nature;30x30x5;30;5;30;4500;DeBroglie;matched;26;2042396712;1;312cabd1b07b7709;1;0;0;0;0;4500;1665;2835;0,486613;0,486613;1,874201;1,856741;0,001595;0,556086;15;22;0;4500;0,556086;0,524721
Q_UNRESTRICTED/NATURE/30x30x5;Q-NEUTRAL;Q_UNRESTRICTED;0;A_UNRESTRICTED/NATURE/30x30x5;nature;30x30x5;30;5;30;4500;DeBroglie;matched;27;1096427787;1;0b987715dbfc66cd;1;0;0;0;0;4500;1624;2876;0,435454;0,435454;1,924462;1,877592;0,004303;0,582372;19;22;0;4500;0,582372;0,555678
Q_UNRESTRICTED/NATURE/30x30x5;Q-NEUTRAL;Q_UNRESTRICTED;0;A_UNRESTRICTED/NATURE/30x30x5;nature;30x30x5;30;5;30;4500;DeBroglie;matched;28;1990758830;1;8ca5e3a92f290ec9;1;0;0;0;0;4500;1636;2864;0,473536;0,473536;1,865233;1,843026;0,002591;0,546485;16;22;0;4500;0,546485;0,514576
Q_UNRESTRICTED/NATURE/30x30x5;Q-NEUTRAL;Q_UNRESTRICTED;0;A_UNRESTRICTED/NATURE/30x30x5;nature;30x30x5;30;5;30;4500;DeBroglie;matched;29;1694777251;1;593fd0eee0c4ea1a;1;0;0;0;0;4500;1632;2868;0,436737;0,436737;1,929954;1,8834;0,008447;0,536712;19;22;0;4500;0,536712;0,504222
Q_UNRESTRICTED/NATURE/30x30x5;Q-NEUTRAL;Q_UNRESTRICTED;0;A_UNRESTRICTED/NATURE/30x30x5;nature;30x30x5;30;5;30;4500;DeBroglie;matched;30;1028752773;1;7a2d15a524de2a18;1;0;0;0;0;4500;1649;2851;0,471722;0,471722;1,887961;1,864829;0,007014;0,561918;16;22;0;4500;0,561918;0,531692
Q_UNRESTRICTED/NATURE/30x30x5;Q-NEUTRAL;Q_UNRESTRICTED;0;A_UNRESTRICTED/NATURE/30x30x5;nature;30x30x5;30;5;30;4500;DeBroglie;matched;31;1269374943;1;e692f441ae8ff2af;1;0;0;0;0;4500;1560;2940;0,392798;0,392798;2,041331;2,002634;0,021967;0,526313;19;22;0;4500;0,526313;0,496476
Q_UNRESTRICTED/NATURE/30x30x5;Q-NEUTRAL;Q_UNRESTRICTED;0;A_UNRESTRICTED/NATURE/30x30x5;nature;30x30x5;30;5;30;4500;DeBroglie;matched;32;1347188463;1;3ac5d41b437c8fd6;1;0;0;0;0;4500;1689;2811;0,49906;0,49906;1,76426;1,753383;0,002266;0,553587;13;22;0;4500;0,553587;0,519683
Q_UNRESTRICTED/NATURE/30x30x5;Q-NEUTRAL;Q_UNRESTRICTED;0;A_UNRESTRICTED/NATURE/30x30x5;nature;30x30x5;30;5;30;4500;DeBroglie;matched;33;265362086;1;e7176edf4c6a5895;1;0;0;0;0;4500;1641;2859;0,453798;0,453798;1,971881;1,946763;0,006551;0,53878;19;22;0;4500;0,53878;0,508712
Q_UNRESTRICTED/NATURE/30x30x5;Q-NEUTRAL;Q_UNRESTRICTED;0;A_UNRESTRICTED/NATURE/30x30x5;nature;30x30x5;30;5;30;4500;DeBroglie;matched;34;977803516;1;b0ab8662f71d3a2d;1;0;0;0;0;4500;1574;2926;0,403193;0,403193;2,017583;1,968797;0,0323;0,543859;21;22;0;4500;0,543859;0,515116
Q_UNRESTRICTED/NATURE/30x30x5;Q-NEUTRAL;Q_UNRESTRICTED;0;A_UNRESTRICTED/NATURE/30x30x5;nature;30x30x5;30;5;30;4500;DeBroglie;matched;35;1440427374;1;7556031b0fb27c59;1;0;0;0;0;4500;1654;2846;0,479071;0,479071;1,926909;1,907324;0,002797;0,551864;15;22;0;4500;0,551864;0,522299
Q_UNRESTRICTED/NATURE/30x30x5;Q-NEUTRAL;Q_UNRESTRICTED;0;A_UNRESTRICTED/NATURE/30x30x5;nature;30x30x5;30;5;30;4500;DeBroglie;matched;36;741936061;1;4374574de1746d41;1;0;0;0;0;4500;1584;2916;0,409131;0,409131;2,022983;1,97686;0,008307;0,602707;19;22;0;4500;0,602707;0,578535
Q_UNRESTRICTED/NATURE/30x30x5;Q-NEUTRAL;Q_UNRESTRICTED;0;A_UNRESTRICTED/NATURE/30x30x5;nature;30x30x5;30;5;30;4500;DeBroglie;matched;37;2053306887;1;297e2172f41031eb;1;0;0;0;0;4500;1651;2849;0,473616;0,473616;1,87396;1,85966;0,001343;0,562227;15;22;0;4500;0,562227;0,532259
Q_UNRESTRICTED/NATURE/30x30x5;Q-NEUTRAL;Q_UNRESTRICTED;0;A_UNRESTRICTED/NATURE/30x30x5;nature;30x30x5;30;5;30;4500;DeBroglie;matched;38;904879825;1;b1baa81995f204e4;1;0;0;0;0;4500;1675;2825;0,486537;0,486537;1,867348;1,850409;0,001301;0,541179;16;22;0;4500;0,541179;0,507401
Q_UNRESTRICTED/NATURE/30x30x5;Q-NEUTRAL;Q_UNRESTRICTED;0;A_UNRESTRICTED/NATURE/30x30x5;nature;30x30x5;30;5;30;4500;DeBroglie;matched;39;845523214;1;2c75f2d48e8dc30c;1;0;0;0;0;4500;1671;2829;0,491683;0,491683;1,868921;1,859296;0,000179;0,566526;14;22;0;4500;0,566526;0,537166
Q_UNRESTRICTED/NATURE/30x30x5;Q-NEUTRAL;Q_UNRESTRICTED;0;A_UNRESTRICTED/NATURE/30x30x5;nature;30x30x5;30;5;30;4500;DeBroglie;matched;40;1452213684;1;73ae253b51a0ee70;1;0;0;0;0;4500;1637;2863;0,475705;0,475705;1,886834;1,869179;0,00678;0,555565;15;22;0;4500;0,555565;0,526494
Q_UNRESTRICTED/NATURE/30x30x5;Q-NEUTRAL;Q_UNRESTRICTED;0;A_UNRESTRICTED/NATURE/30x30x5;nature;30x30x5;30;5;30;4500;DeBroglie;matched;41;2121884665;1;2f88b9b15fac4ab7;1;0;0;0;0;4500;1678;2822;0,486915;0,486915;1,853922;1,841014;0,004847;0,55185;14;22;0;4500;0,55185;0,518762
Q_UNRESTRICTED/NATURE/30x30x5;Q-NEUTRAL;Q_UNRESTRICTED;0;A_UNRESTRICTED/NATURE/30x30x5;nature;30x30x5;30;5;30;4500;DeBroglie;matched;42;687786924;1;920b8bb11e41c582;1;0;0;0;0;4500;1652;2848;0,473763;0,473763;1,891765;1,871444;0,005968;0,554485;16;22;0;4500;0,554485;0,523429
Q_UNRESTRICTED/NATURE/30x30x5;Q-NEUTRAL;Q_UNRESTRICTED;0;A_UNRESTRICTED/NATURE/30x30x5;nature;30x30x5;30;5;30;4500;DeBroglie;matched;43;134656129;1;5e9acdc5a547b6ce;1;0;0;0;0;4500;1584;2916;0,408155;0,408155;2,084359;2,039506;0,016522;0,528621;21;22;0;4500;0,528621;0,497918
Q_UNRESTRICTED/NATURE/30x30x5;Q-NEUTRAL;Q_UNRESTRICTED;0;A_UNRESTRICTED/NATURE/30x30x5;nature;30x30x5;30;5;30;4500;DeBroglie;matched;44;1813365002;1;25357e6a59af586c;1;0;0;0;0;4500;1685;2815;0,490796;0,490796;1,850358;1,836004;0,002817;0,552435;16;22;0;4500;0,552435;0,520626
Q_UNRESTRICTED/NATURE/30x30x5;Q-NEUTRAL;Q_UNRESTRICTED;0;A_UNRESTRICTED/NATURE/30x30x5;nature;30x30x5;30;5;30;4500;DeBroglie;matched;45;557894813;1;85513265d84b9aaf;1;0;0;0;0;4500;1602;2898;0,418122;0,418122;2,021318;1,969981;0,006964;0,534952;20;22;0;4500;0,534952;0,505265
Q_UNRESTRICTED/NATURE/30x30x5;Q-NEUTRAL;Q_UNRESTRICTED;0;A_UNRESTRICTED/NATURE/30x30x5;nature;30x30x5;30;5;30;4500;DeBroglie;matched;46;1784650138;1;71b40aa39b6f4c3e;1;0;0;0;0;4500;1685;2815;0,494844;0,494844;1,852782;1,832743;0,000366;0,555937;16;22;0;4500;0,555937;0,525605
Q_UNRESTRICTED/NATURE/30x30x5;Q-NEUTRAL;Q_UNRESTRICTED;0;A_UNRESTRICTED/NATURE/30x30x5;nature;30x30x5;30;5;30;4500;DeBroglie;matched;47;328375311;1;eb36ddbd056f7045;1;0;0;0;0;4500;1590;2910;0,408875;0,408875;2,021363;1,965347;0,021752;0,567787;22;22;0;4500;0,567787;0,5421
Q_UNRESTRICTED/NATURE/30x30x5;Q-NEUTRAL;Q_UNRESTRICTED;0;A_UNRESTRICTED/NATURE/30x30x5;nature;30x30x5;30;5;30;4500;DeBroglie;matched;48;1186986947;1;4bafcf616bd29964;1;0;0;0;0;4500;1598;2902;0,39732;0,39732;2,005465;1,938712;0,018366;0,584417;22;22;0;4500;0,584417;0,555605
Q_UNRESTRICTED/NATURE/30x30x5;Q-NEUTRAL;Q_UNRESTRICTED;0;A_UNRESTRICTED/NATURE/30x30x5;nature;30x30x5;30;5;30;4500;DeBroglie;matched;49;749637904;2;9774279ea2febfb7;1;0;0;0;0;4500;1686;2814;0,49233;0,49233;1,818573;1,809102;0,00067;0,539578;15;22;0;4500;0,539578;0,505787
Q_UNRESTRICTED/DESERT/10x10x5;Q-NEUTRAL;Q_UNRESTRICTED;0;A_UNRESTRICTED/DESERT/10x10x5;desert;10x10x5;10;5;10;500;ThisWork;heap;0;1228699130;1;3c0ae50f74603090;1;0;0;0;0;500;193;307;0,168268;0,168268;1,783029;1,730297;0,038272;0,615102;8;10;0;500;0,615102;0,590776
Q_UNRESTRICTED/DESERT/10x10x5;Q-NEUTRAL;Q_UNRESTRICTED;0;A_UNRESTRICTED/DESERT/10x10x5;desert;10x10x5;10;5;10;500;ThisWork;heap;1;1684692971;1;18db6478bff58e6a;1;0;0;0;0;500;186;314;0,118735;0,118735;1,950512;1,79869;0,009928;0,615755;8;10;0;500;0,615755;0,590286
Q_UNRESTRICTED/DESERT/10x10x5;Q-NEUTRAL;Q_UNRESTRICTED;0;A_UNRESTRICTED/DESERT/10x10x5;desert;10x10x5;10;5;10;500;ThisWork;heap;2;2111098907;1;2493e25ddb133d5a;1;0;0;0;0;500;191;309;0,130346;0,130346;1,914506;1,894329;0,001293;0,602735;8;10;0;500;0,602735;0,574408
Q_UNRESTRICTED/DESERT/10x10x5;Q-NEUTRAL;Q_UNRESTRICTED;0;A_UNRESTRICTED/DESERT/10x10x5;desert;10x10x5;10;5;10;500;ThisWork;heap;3;1040681429;1;240d2d1cc21925b9;1;0;0;0;0;500;163;337;0,177347;0,177347;1,8958;1,669213;0,008675;0,700327;9;10;0;500;0,700327;0,687714
Q_UNRESTRICTED/DESERT/10x10x5;Q-NEUTRAL;Q_UNRESTRICTED;0;A_UNRESTRICTED/DESERT/10x10x5;desert;10x10x5;10;5;10;500;ThisWork;heap;4;2142645601;1;6ef01d6fbe9cd559;1;0;0;0;0;500;185;315;0,14059;0,14059;1,91805;1,871475;0,007372;0,610122;8;10;0;500;0,610122;0,588286
Q_UNRESTRICTED/DESERT/10x10x5;Q-NEUTRAL;Q_UNRESTRICTED;0;A_UNRESTRICTED/DESERT/10x10x5;desert;10x10x5;10;5;10;500;ThisWork;heap;5;101836676;1;e30e8d92f919341b;1;0;0;0;0;500;188;312;0,12034;0,12034;1,940098;1,865267;0,00154;0,586286;8;10;0;500;0,586286;0,555347
Q_UNRESTRICTED/DESERT/10x10x5;Q-NEUTRAL;Q_UNRESTRICTED;0;A_UNRESTRICTED/DESERT/10x10x5;desert;10x10x5;10;5;10;500;ThisWork;heap;6;447819178;1;f686a3f5692448e9;1;0;0;0;0;500;186;314;0,180803;0,180803;1,745639;1,708211;0,000536;0,639633;8;10;0;500;0,639633;0,620204
Q_UNRESTRICTED/DESERT/10x10x5;Q-NEUTRAL;Q_UNRESTRICTED;0;A_UNRESTRICTED/DESERT/10x10x5;desert;10x10x5;10;5;10;500;ThisWork;heap;7;667564159;1;24428dae4bdb8bb2;1;0;0;0;0;500;176;324;0,174986;0,174986;1,832701;1,78122;0,00576;0,614939;8;10;0;500;0,614939;0,594041
Q_UNRESTRICTED/DESERT/10x10x5;Q-NEUTRAL;Q_UNRESTRICTED;0;A_UNRESTRICTED/DESERT/10x10x5;desert;10x10x5;10;5;10;500;ThisWork;heap;8;565950511;1;686eb33828ec547f;1;0;0;0;0;500;196;304;0,158327;0,158327;1,846708;1,785133;0,002247;0,591673;8;10;0;500;0,591673;0,563265
Q_UNRESTRICTED/DESERT/10x10x5;Q-NEUTRAL;Q_UNRESTRICTED;0;A_UNRESTRICTED/DESERT/10x10x5;desert;10x10x5;10;5;10;500;ThisWork;heap;9;1768356978;1;7a9ef3b5ad05b53a;1;0;0;0;0;500;195;305;0,155327;0,155327;1,832231;1,713296;0,01864;0,598816;8;10;0;500;0,598816;0,569184
Q_UNRESTRICTED/DESERT/10x10x5;Q-NEUTRAL;Q_UNRESTRICTED;0;A_UNRESTRICTED/DESERT/10x10x5;desert;10x10x5;10;5;10;500;ThisWork;heap;10;1348178403;1;e1f64858a5859c7e;1;0;0;0;0;500;188;312;0,127946;0,127946;1,945823;1,891357;0,002859;0,616163;8;10;0;500;0,616163;0,594449
Q_UNRESTRICTED/DESERT/10x10x5;Q-NEUTRAL;Q_UNRESTRICTED;0;A_UNRESTRICTED/DESERT/10x10x5;desert;10x10x5;10;5;10;500;ThisWork;heap;11;554877406;1;5d7cb5754c8c5717;1;0;0;0;0;500;190;310;0,130462;0,130462;1,931673;1,876742;0,006815;0,59302;8;10;0;500;0,59302;0,570327
Q_UNRESTRICTED/DESERT/10x10x5;Q-NEUTRAL;Q_UNRESTRICTED;0;A_UNRESTRICTED/DESERT/10x10x5;desert;10x10x5;10;5;10;500;ThisWork;heap;12;1560740655;1;fbfabdb51a7c1389;1;0;0;0;0;500;197;303;0,17023;0,17023;1,833789;1,815437;0,00144;0,617918;7;10;0;500;0,617918;0,59351
Q_UNRESTRICTED/DESERT/10x10x5;Q-NEUTRAL;Q_UNRESTRICTED;0;A_UNRESTRICTED/DESERT/10x10x5;desert;10x10x5;10;5;10;500;ThisWork;heap;13;1051646931;1;06cf7b45a30290cb;1;0;0;0;0;500;176;324;0,147706;0,147706;1,900002;1,822269;0,004467;0,58902;8;10;0;500;0,58902;0,564286
Q_UNRESTRICTED/DESERT/10x10x5;Q-NEUTRAL;Q_UNRESTRICTED;0;A_UNRESTRICTED/DESERT/10x10x5;desert;10x10x5;10;5;10;500;ThisWork;heap;14;2117591801;1;72046bd04c265fc9;1;0;0;0;0;500;196;304;0,157462;0,157462;1,862199;1,781136;0,009347;0,609755;8;10;0;500;0,609755;0,582245
Q_UNRESTRICTED/DESERT/10x10x5;Q-NEUTRAL;Q_UNRESTRICTED;0;A_UNRESTRICTED/DESERT/10x10x5;desert;10x10x5;10;5;10;500;ThisWork;heap;15;1415912924;1;f1b5944594c27faa;1;0;0;0;0;500;191;309;0,135327;0,135327;1,921388;1,887522;0,004012;0,588122;8;10;0;500;0,588122;0,559878
Q_UNRESTRICTED/DESERT/10x10x5;Q-NEUTRAL;Q_UNRESTRICTED;0;A_UNRESTRICTED/DESERT/10x10x5;desert;10x10x5;10;5;10;500;ThisWork;heap;16;1783789772;1;af6dbcba0067c3ca;1;0;0;0;0;500;197;303;0,163127;0,163127;1,810847;1,733794;0,012571;0,621306;8;10;0;500;0,621306;0,593796
Q_UNRESTRICTED/DESERT/10x10x5;Q-NEUTRAL;Q_UNRESTRICTED;0;A_UNRESTRICTED/DESERT/10x10x5;desert;10x10x5;10;5;10;500;ThisWork;heap;17;1451841874;1;5ff8239e13f6864d;1;0;0;0;0;500;172;328;0,12502;0,12502;1,965562;1,892287;0,007815;0,612122;8;10;0;500;0,612122;0,592
Q_UNRESTRICTED/DESERT/10x10x5;Q-NEUTRAL;Q_UNRESTRICTED;0;A_UNRESTRICTED/DESERT/10x10x5;desert;10x10x5;10;5;10;500;ThisWork;heap;18;1557614921;1;dd868c5de5ab0ea9;1;0;0;0;0;500;191;309;0,130467;0,130467;1,90934;1,845412;0,000897;0,59698;8;10;0;500;0,59698;0,56898
Q_UNRESTRICTED/DESERT/10x10x5;Q-NEUTRAL;Q_UNRESTRICTED;0;A_UNRESTRICTED/DESERT/10x10x5;desert;10x10x5;10;5;10;500;ThisWork;heap;19;1072160405;1;3ee5e2c3f0f54754;1;0;0;0;0;500;197;303;0,162371;0,162371;1,839486;1,789594;0,003958;0,626286;8;10;0;500;0,626286;0,601061
Q_UNRESTRICTED/DESERT/10x10x5;Q-NEUTRAL;Q_UNRESTRICTED;0;A_UNRESTRICTED/DESERT/10x10x5;desert;10x10x5;10;5;10;500;ThisWork;heap;20;1724687996;1;0435bb5fa8460faf;1;0;0;0;0;500;191;309;0,132015;0,132015;1,916383;1,88052;0,003181;0,603388;8;10;0;500;0,603388;0,574408
Q_UNRESTRICTED/DESERT/10x10x5;Q-NEUTRAL;Q_UNRESTRICTED;0;A_UNRESTRICTED/DESERT/10x10x5;desert;10x10x5;10;5;10;500;ThisWork;heap;21;2018067343;1;89e60c7851948226;1;0;0;0;0;500;164;336;0,203379;0,203379;1,813405;1,699246;0,014899;0,704571;8;10;0;500;0,704571;0,691469
Q_UNRESTRICTED/DESERT/10x10x5;Q-NEUTRAL;Q_UNRESTRICTED;0;A_UNRESTRICTED/DESERT/10x10x5;desert;10x10x5;10;5;10;500;ThisWork;heap;22;691500237;1;916397c96204bb28;1;0;0;0;0;500;196;304;0,160815;0,160815;1,82919;1,793765;0,00611;0,596571;8;10;0;500;0,596571;0,565796
Q_UNRESTRICTED/DESERT/10x10x5;Q-NEUTRAL;Q_UNRESTRICTED;0;A_UNRESTRICTED/DESERT/10x10x5;desert;10x10x5;10;5;10;500;ThisWork;heap;23;617775222;1;eb0990a24ca1dde3;1;0;0;0;0;500;192;308;0,140102;0,140102;1,897017;1,756963;0,005589;0,610939;8;10;0;500;0,610939;0,583429
Q_UNRESTRICTED/DESERT/10x10x5;Q-NEUTRAL;Q_UNRESTRICTED;0;A_UNRESTRICTED/DESERT/10x10x5;desert;10x10x5;10;5;10;500;ThisWork;heap;24;1592389843;1;f9b7c2f38631727e;1;0;0;0;0;500;192;308;0,138251;0,138251;1,890843;1,806078;0,003702;0,592735;8;10;0;500;0,592735;0,566449
Q_UNRESTRICTED/DESERT/10x10x5;Q-NEUTRAL;Q_UNRESTRICTED;0;A_UNRESTRICTED/DESERT/10x10x5;desert;10x10x5;10;5;10;500;ThisWork;heap;25;1193370133;1;f834dcf1eff3cb57;1;0;0;0;0;500;166;334;0,129661;0,129661;2,057773;1,967489;0,007357;0,588571;10;10;0;500;0,588571;0,570776
Q_UNRESTRICTED/DESERT/10x10x5;Q-NEUTRAL;Q_UNRESTRICTED;0;A_UNRESTRICTED/DESERT/10x10x5;desert;10x10x5;10;5;10;500;ThisWork;heap;26;1949152780;1;05c24e9a5d48e158;1;0;0;0;0;500;194;306;0,150899;0,150899;1,873378;1,83199;0,009823;0,584286;8;10;0;500;0,584286;0,557102
Q_UNRESTRICTED/DESERT/10x10x5;Q-NEUTRAL;Q_UNRESTRICTED;0;A_UNRESTRICTED/DESERT/10x10x5;desert;10x10x5;10;5;10;500;ThisWork;heap;27;1603060541;1;eb3553340c711bdc;1;0;0;0;0;500;191;309;0,143471;0,143471;1,896595;1,837977;0,007136;0,579918;8;10;0;500;0,579918;0,554776
Q_UNRESTRICTED/DESERT/10x10x5;Q-NEUTRAL;Q_UNRESTRICTED;0;A_UNRESTRICTED/DESERT/10x10x5;desert;10x10x5;10;5;10;500;ThisWork;heap;28;1520119866;1;ef6b4b0ce6c5b883;1;0;0;0;0;500;194;306;0,14628;0,14628;1,887275;1,855336;0,000306;0,63351;8;10;0;500;0,63351;0,611714
Q_UNRESTRICTED/DESERT/10x10x5;Q-NEUTRAL;Q_UNRESTRICTED;0;A_UNRESTRICTED/DESERT/10x10x5;desert;10x10x5;10;5;10;500;ThisWork;heap;29;1899852231;1;f51e3ee1f10ba3e8;1;0;0;0;0;500;193;307;0,138324;0,138324;1,888508;1,831092;0,000227;0,582857;8;10;0;500;0,582857;0,555592
Q_UNRESTRICTED/DESERT/10x10x5;Q-NEUTRAL;Q_UNRESTRICTED;0;A_UNRESTRICTED/DESERT/10x10x5;desert;10x10x5;10;5;10;500;ThisWork;heap;30;1790013998;1;4891932392bbb45f;1;0;0;0;0;500;192;308;0,133602;0,133602;1,910439;1,835525;0,018511;0,586571;8;10;0;500;0,586571;0,558408
Q_UNRESTRICTED/DESERT/10x10x5;Q-NEUTRAL;Q_UNRESTRICTED;0;A_UNRESTRICTED/DESERT/10x10x5;desert;10x10x5;10;5;10;500;ThisWork;heap;31;1593329547;1;63d79a20ce2fbb4f;1;0;0;0;0;500;194;306;0,150115;0,150115;1,869506;1,834546;0,002654;0,588122;8;10;0;500;0,588122;0,558327
Q_UNRESTRICTED/DESERT/10x10x5;Q-NEUTRAL;Q_UNRESTRICTED;0;A_UNRESTRICTED/DESERT/10x10x5;desert;10x10x5;10;5;10;500;ThisWork;heap;32;1480990034;1;b1cbccd954138cca;1;0;0;0;0;500;173;327;0,147481;0,147481;2,003667;1,719245;0,015299;0,572122;9;10;0;500;0,572122;0,551224
Q_UNRESTRICTED/DESERT/10x10x5;Q-NEUTRAL;Q_UNRESTRICTED;0;A_UNRESTRICTED/DESERT/10x10x5;desert;10x10x5;10;5;10;500;ThisWork;heap;33;366933859;1;5014061441011f61;1;0;0;0;0;500;150;350;0,116067;0,116067;2,14077;1,92485;0,002008;0,613673;10;10;0;500;0,613673;0,601918
Q_UNRESTRICTED/DESERT/10x10x5;Q-NEUTRAL;Q_UNRESTRICTED;0;A_UNRESTRICTED/DESERT/10x10x5;desert;10x10x5;10;5;10;500;ThisWork;heap;34;1668713266;1;671cb7c0ce049e01;1;0;0;0;0;500;196;304;0,163552;0,163552;1,841221;1,819694;0,000091;0,600653;7;10;0;500;0,600653;0,574204
Q_UNRESTRICTED/DESERT/10x10x5;Q-NEUTRAL;Q_UNRESTRICTED;0;A_UNRESTRICTED/DESERT/10x10x5;desert;10x10x5;10;5;10;500;ThisWork;heap;35;397236673;1;fb6d7b5a1391a482;1;0;0;0;0;500;196;304;0,169784;0,169784;1,808285;1,780087;0,007169;0,621633;7;10;0;500;0,621633;0,598857
Q_UNRESTRICTED/DESERT/10x10x5;Q-NEUTRAL;Q_UNRESTRICTED;0;A_UNRESTRICTED/DESERT/10x10x5;desert;10x10x5;10;5;10;500;ThisWork;heap;36;1765359206;1;de8b6fcd1a80d9f8;1;0;0;0;0;500;196;304;0,161845;0,161845;1,839959;1,782014;0,005753;0,606163;8;10;0;500;0,606163;0,582
Q_UNRESTRICTED/DESERT/10x10x5;Q-NEUTRAL;Q_UNRESTRICTED;0;A_UNRESTRICTED/DESERT/10x10x5;desert;10x10x5;10;5;10;500;ThisWork;heap;37;338852737;1;9cfb3c3b189c82fb;1;0;0;0;0;500;192;308;0,136622;0,136622;1,916415;1,864724;0,000595;0,598245;8;10;0;500;0,598245;0,574082
Q_UNRESTRICTED/DESERT/10x10x5;Q-NEUTRAL;Q_UNRESTRICTED;0;A_UNRESTRICTED/DESERT/10x10x5;desert;10x10x5;10;5;10;500;ThisWork;heap;38;1162804327;1;6c7dc56c3a04d41b;1;0;0;0;0;500;192;308;0,151902;0,151902;1,866919;1,812179;0,005697;0,599959;8;10;0;500;0,599959;0,577265
Q_UNRESTRICTED/DESERT/10x10x5;Q-NEUTRAL;Q_UNRESTRICTED;0;A_UNRESTRICTED/DESERT/10x10x5;desert;10x10x5;10;5;10;500;ThisWork;heap;39;759238922;1;c0718c80e2184be7;1;0;0;0;0;500;193;307;0,138576;0,138576;1,890122;1,841188;0,008094;0,607224;8;10;0;500;0,607224;0,577592
Q_UNRESTRICTED/DESERT/10x10x5;Q-NEUTRAL;Q_UNRESTRICTED;0;A_UNRESTRICTED/DESERT/10x10x5;desert;10x10x5;10;5;10;500;ThisWork;heap;40;215241524;1;6a003ea670ecc357;1;0;0;0;0;500;192;308;0,141399;0,141399;1,903086;1,86724;0,003232;0,592082;8;10;0;500;0,592082;0,562694
Q_UNRESTRICTED/DESERT/10x10x5;Q-NEUTRAL;Q_UNRESTRICTED;0;A_UNRESTRICTED/DESERT/10x10x5;desert;10x10x5;10;5;10;500;ThisWork;heap;41;633800100;1;598f2d6c93eb7e78;1;0;0;0;0;500;192;308;0,142261;0,142261;1,896605;1,768475;0,014855;0,584245;8;10;0;500;0,584245;0,556735
Q_UNRESTRICTED/DESERT/10x10x5;Q-NEUTRAL;Q_UNRESTRICTED;0;A_UNRESTRICTED/DESERT/10x10x5;desert;10x10x5;10;5;10;500;ThisWork;heap;42;25890319;1;4a2b0bcc5daafd50;1;0;0;0;0;500;164;336;0,215322;0,215322;1,775287;1,597716;0,017692;0,694571;8;10;0;500;0,694571;0,683143
Q_UNRESTRICTED/DESERT/10x10x5;Q-NEUTRAL;Q_UNRESTRICTED;0;A_UNRESTRICTED/DESERT/10x10x5;desert;10x10x5;10;5;10;500;ThisWork;heap;43;1256010112;1;813d6b2cd2beb3be;1;0;0;0;0;500;192;308;0,140615;0,140615;1,90521;1,861598;0,003133;0,588122;8;10;0;500;0,588122;0,565347
Q_UNRESTRICTED/DESERT/10x10x5;Q-NEUTRAL;Q_UNRESTRICTED;0;A_UNRESTRICTED/DESERT/10x10x5;desert;10x10x5;10;5;10;500;ThisWork;heap;44;1117574219;1;67314bcf0cb94e94;1;0;0;0;0;500;194;306;0,150053;0,150053;1,854931;1,823219;0,003008;0,58302;7;10;0;500;0,58302;0,55249
Q_UNRESTRICTED/DESERT/10x10x5;Q-NEUTRAL;Q_UNRESTRICTED;0;A_UNRESTRICTED/DESERT/10x10x5;desert;10x10x5;10;5;10;500;ThisWork;heap;45;622557152;1;cf70f2826eb1231c;1;0;0;0;0;500;188;312;0,121735;0,121735;1,957635;1,908609;0,008975;0,586327;8;10;0;500;0,586327;0,560531
Q_UNRESTRICTED/DESERT/10x10x5;Q-NEUTRAL;Q_UNRESTRICTED;0;A_UNRESTRICTED/DESERT/10x10x5;desert;10x10x5;10;5;10;500;ThisWork;heap;46;1525406669;1;73918dfe7b91fb0b;1;0;0;0;0;500;191;309;0,147486;0,147486;1,868798;1,785562;0,027634;0,621143;8;10;0;500;0,621143;0,597714
Q_UNRESTRICTED/DESERT/10x10x5;Q-NEUTRAL;Q_UNRESTRICTED;0;A_UNRESTRICTED/DESERT/10x10x5;desert;10x10x5;10;5;10;500;ThisWork;heap;47;1171539555;1;9127efa3a988158b;1;0;0;0;0;500;195;305;0,167655;0,167655;1,823586;1,786382;0,005078;0,607837;8;10;0;500;0,607837;0,581143
Q_UNRESTRICTED/DESERT/10x10x5;Q-NEUTRAL;Q_UNRESTRICTED;0;A_UNRESTRICTED/DESERT/10x10x5;desert;10x10x5;10;5;10;500;ThisWork;heap;48;1950663628;1;87735587b6b81a65;1;0;0;0;0;500;191;309;0,134017;0,134017;1,924337;1,881317;0,007855;0,616163;8;10;0;500;0,616163;0,592327
Q_UNRESTRICTED/DESERT/10x10x5;Q-NEUTRAL;Q_UNRESTRICTED;0;A_UNRESTRICTED/DESERT/10x10x5;desert;10x10x5;10;5;10;500;ThisWork;heap;49;1214619552;1;b8c0a5ab9dcd0675;1;0;0;0;0;500;195;305;0,155042;0,155042;1,850277;1,767858;0,01267;0,619878;8;10;0;500;0,619878;0,590571
Q_UNRESTRICTED/DESERT/10x10x5;Q-NEUTRAL;Q_UNRESTRICTED;0;A_UNRESTRICTED/DESERT/10x10x5;desert;10x10x5;10;5;10;500;Gumin;simple-tiled-3d;0;1228699130;1;2c2099d7c9421e31;1;0;0;0;0;500;194;306;0,148722;0,148722;1,878253;1,839697;0,0019;0,608531;8;10;0;500;0,608531;0,583551
Q_UNRESTRICTED/DESERT/10x10x5;Q-NEUTRAL;Q_UNRESTRICTED;0;A_UNRESTRICTED/DESERT/10x10x5;desert;10x10x5;10;5;10;500;Gumin;simple-tiled-3d;1;1684692971;1;c2266ede8c418702;1;0;0;0;0;500;194;306;0,145267;0,145267;1,881843;1,847391;0,006964;0,590816;8;10;0;500;0,590816;0,564776
Q_UNRESTRICTED/DESERT/10x10x5;Q-NEUTRAL;Q_UNRESTRICTED;0;A_UNRESTRICTED/DESERT/10x10x5;desert;10x10x5;10;5;10;500;Gumin;simple-tiled-3d;2;2111098907;1;3e0cc394dd0179ef;1;0;0;0;0;500;193;307;0,143762;0,143762;1,874651;1,844718;0,006949;0,609306;8;10;0;500;0,609306;0,583918
Q_UNRESTRICTED/DESERT/10x10x5;Q-NEUTRAL;Q_UNRESTRICTED;0;A_UNRESTRICTED/DESERT/10x10x5;desert;10x10x5;10;5;10;500;Gumin;simple-tiled-3d;3;1040681429;1;bf3caa619df8fd3d;1;0;0;0;0;500;162;338;0,190363;0,190363;1,836488;1,557177;0,017584;0,694;10;10;0;500;0,694;0,67902
Q_UNRESTRICTED/DESERT/10x10x5;Q-NEUTRAL;Q_UNRESTRICTED;0;A_UNRESTRICTED/DESERT/10x10x5;desert;10x10x5;10;5;10;500;Gumin;simple-tiled-3d;4;2142645601;1;c62752be7f0802bb;1;0;0;0;0;500;187;313;0,156368;0,156368;1,867766;1,803416;0,005822;0,625837;8;10;0;500;0,625837;0,601918
Q_UNRESTRICTED/DESERT/10x10x5;Q-NEUTRAL;Q_UNRESTRICTED;0;A_UNRESTRICTED/DESERT/10x10x5;desert;10x10x5;10;5;10;500;Gumin;simple-tiled-3d;5;101836676;1;3520d4769995f00f;1;0;0;0;0;500;193;307;0,14908;0,14908;1,869764;1,815612;0,002044;0,596122;7;10;0;500;0,596122;0,571959
Q_UNRESTRICTED/DESERT/10x10x5;Q-NEUTRAL;Q_UNRESTRICTED;0;A_UNRESTRICTED/DESERT/10x10x5;desert;10x10x5;10;5;10;500;Gumin;simple-tiled-3d;6;447819178;1;f1706267bee91bf3;1;0;0;0;0;500;183;317;0,142566;0,142566;1,872747;1,840402;0,002193;0,632653;8;10;0;500;0,632653;0,61298
Q_UNRESTRICTED/DESERT/10x10x5;Q-NEUTRAL;Q_UNRESTRICTED;0;A_UNRESTRICTED/DESERT/10x10x5;desert;10x10x5;10;5;10;500;Gumin;simple-tiled-3d;7;667564159;1;dd4b2325da5abfd2;1;0;0;0;0;500;165;335;0,130967;0,130967;1,942078;1,758006;0,010143;0,621224;8;10;0;500;0,621224;0,601102
Q_UNRESTRICTED/DESERT/10x10x5;Q-NEUTRAL;Q_UNRESTRICTED;0;A_UNRESTRICTED/DESERT/10x10x5;desert;10x10x5;10;5;10;500;Gumin;simple-tiled-3d;8;565950511;1;fe5c641d0861e047;1;0;0;0;0;500;192;308;0,15333;0,15333;1,845508;1,791595;0,033979;0,611184;8;10;0;500;0,611184;0,586531
Q_UNRESTRICTED/DESERT/10x10x5;Q-NEUTRAL;Q_UNRESTRICTED;0;A_UNRESTRICTED/DESERT/10x10x5;desert;10x10x5;10;5;10;500;Gumin;simple-tiled-3d;9;1768356978;1;ee1eee368510436e;1;0;0;0;0;500;181;319;0,101512;0,101512;2,008472;1,906311;0,001505;0,600939;8;10;0;500;0,600939;0,579469
Q_UNRESTRICTED/DESERT/10x10x5;Q-NEUTRAL;Q_UNRESTRICTED;0;A_UNRESTRICTED/DESERT/10x10x5;desert;10x10x5;10;5;10;500;Gumin;simple-tiled-3d;10;1348178403;1;a15c117fb6510101;1;0;0;0;0;500;193;307;0,142737;0,142737;1,897189;1,853775;0,00419;0,620898;8;10;0;500;0,620898;0,595918
Q_UNRESTRICTED/DESERT/10x10x5;Q-NEUTRAL;Q_UNRESTRICTED;0;A_UNRESTRICTED/DESERT/10x10x5;desert;10x10x5;10;5;10;500;Gumin;simple-tiled-3d;11;554877406;1;059022aee15326ab;1;0;0;0;0;500;184;316;0,108979;0,108979;1,991667;1,933684;0,006363;0,591061;8;10;0;500;0,591061;0,570571
Q_UNRESTRICTED/DESERT/10x10x5;Q-NEUTRAL;Q_UNRESTRICTED;0;A_UNRESTRICTED/DESERT/10x10x5;desert;10x10x5;10;5;10;500;Gumin;simple-tiled-3d;12;1560740655;1;3f3ea9a485d75561;1;0;0;0;0;500;197;303;0,166993;0,166993;1,839532;1,788717;0,000032;0,61898;8;10;0;500;0,61898;0,593837
Q_UNRESTRICTED/DESERT/10x10x5;Q-NEUTRAL;Q_UNRESTRICTED;0;A_UNRESTRICTED/DESERT/10x10x5;desert;10x10x5;10;5;10;500;Gumin;simple-tiled-3d;13;1051646931;1;fa1b2feb93c2d23c;1;0;0;0;0;500;173;327;0,125663;0,125663;1,953794;1,859426;0,014604;0,612367;8;10;0;500;0,612367;0,591184
Q_UNRESTRICTED/DESERT/10x10x5;Q-NEUTRAL;Q_UNRESTRICTED;0;A_UNRESTRICTED/DESERT/10x10x5;desert;10x10x5;10;5;10;500;Gumin;simple-tiled-3d;14;2117591801;1;354a2551073a7da0;1;0;0;0;0;500;193;307;0,141031;0,141031;1,862787;1,811752;0,003189;0,595755;8;10;0;500;0,595755;0,568163
Q_UNRESTRICTED/DESERT/10x10x5;Q-NEUTRAL;Q_UNRESTRICTED;0;A_UNRESTRICTED/DESERT/10x10x5;desert;10x10x5;10;5;10;500;Gumin;simple-tiled-3d;15;1415912924;1;4e0349c7536b3369;1;0;0;0;0;500;196;304;0,159332;0,159332;1,840965;1,764343;0,003733;0,632163;8;10;0;500;0,632163;0,607755
Q_UNRESTRICTED/DESERT/10x10x5;Q-NEUTRAL;Q_UNRESTRICTED;0;A_UNRESTRICTED/DESERT/10x10x5;desert;10x10x5;10;5;10;500;Gumin;simple-tiled-3d;16;1783789772;1;0799aa2dc97b23b5;1;0;0;0;0;500;193;307;0,14095;0,14095;1,892386;1,820719;0,006288;0,594898;8;10;0;500;0,594898;0,564776
Q_UNRESTRICTED/DESERT/10x10x5;Q-NEUTRAL;Q_UNRESTRICTED;0;A_UNRESTRICTED/DESERT/10x10x5;desert;10x10x5;10;5;10;500;Gumin;simple-tiled-3d;17;1451841874;1;7da6aeebc413baab;1;0;0;0;0;500;181;319;0,133348;0,133348;1,937543;1,901823;0,010622;0,616816;8;10;0;500;0,616816;0,594367
Q_UNRESTRICTED/DESERT/10x10x5;Q-NEUTRAL;Q_UNRESTRICTED;0;A_UNRESTRICTED/DESERT/10x10x5;desert;10x10x5;10;5;10;500;Gumin;simple-tiled-3d;18;1557614921;1;b3ef832684a43d70;1;0;0;0;0;500;197;303;0,160618;0,160618;1,83864;1,805161;0,000947;0,59702;8;10;0;500;0,59702;0,570653
Q_UNRESTRICTED/DESERT/10x10x5;Q-NEUTRAL;Q_UNRESTRICTED;0;A_UNRESTRICTED/DESERT/10x10x5;desert;10x10x5;10;5;10;500;Gumin;simple-tiled-3d;19;1072160405;1;3f28c65703e96505;1;0;0;0;0;500;197;303;0,160184;0,160184;1,835602;1,801859;0,006462;0,615469;8;10;0;500;0,615469;0,591551
Q_UNRESTRICTED/DESERT/10x10x5;Q-NEUTRAL;Q_UNRESTRICTED;0;A_UNRESTRICTED/DESERT/10x10x5;desert;10x10x5;10;5;10;500;Gumin;simple-tiled-3d;20;1724687996;1;798045d5fc91a310;1;0;0;0;0;500;192;308;0,133711;0,133711;1,905561;1,86224;0,000693;0,599551;8;10;0;500;0,599551;0,577102
Q_UNRESTRICTED/DESERT/10x10x5;Q-NEUTRAL;Q_UNRESTRICTED;0;A_UNRESTRICTED/DESERT/10x10x5;desert;10x10x5;10;5;10;500;Gumin;simple-tiled-3d;21;2018067343;1;56dcfca5406281bd;1;0;0;0;0;500;161;339;0,180045;0,180045;1,883047;1,760615;0,036146;0,701184;9;10;0;500;0,701184;0,687837
Q_UNRESTRICTED/DESERT/10x10x5;Q-NEUTRAL;Q_UNRESTRICTED;0;A_UNRESTRICTED/DESERT/10x10x5;desert;10x10x5;10;5;10;500;Gumin;simple-tiled-3d;22;691500237;1;d4044774a5032cdd;1;0;0;0;0;500;198;302;0,182416;0,182416;1,766252;1,690979;0,010299;0,603347;8;10;0;500;0,603347;0,576163
Q_UNRESTRICTED/DESERT/10x10x5;Q-NEUTRAL;Q_UNRESTRICTED;0;A_UNRESTRICTED/DESERT/10x10x5;desert;10x10x5;10;5;10;500;Gumin;simple-tiled-3d;23;617775222;1;95c99e1ac791df71;1;0;0;0;0;500;194;306;0,143386;0,143386;1,889938;1,874107;0,001435;0,625633;8;10;0;500;0,625633;0,600898
Q_UNRESTRICTED/DESERT/10x10x5;Q-NEUTRAL;Q_UNRESTRICTED;0;A_UNRESTRICTED/DESERT/10x10x5;desert;10x10x5;10;5;10;500;Gumin;simple-tiled-3d;24;1592389843;1;54a70b0731291fc2;1;0;0;0;0;500;195;305;0,156406;0,156406;1,863;1,835559;0,002121;0,614408;7;10;0;500;0,614408;0,588612
Q_UNRESTRICTED/DESERT/10x10x5;Q-NEUTRAL;Q_UNRESTRICTED;0;A_UNRESTRICTED/DESERT/10x10x5;desert;10x10x5;10;5;10;500;Gumin;simple-tiled-3d;25;1193370133;1;0b22a8bf66d8ed6c;1;0;0;0;0;500;166;334;0,116714;0,116714;2,089872;1,983485;0,004604;0,575796;10;10;0;500;0,575796;0,554898
Q_UNRESTRICTED/DESERT/10x10x5;Q-NEUTRAL;Q_UNRESTRICTED;0;A_UNRESTRICTED/DESERT/10x10x5;desert;10x10x5;10;5;10;500;Gumin;simple-tiled-3d;26;1949152780;1;9e53d4fb6a8c6166;1;0;0;0;0;500;193;307;0,141882;0,141882;1,89379;1,855432;0,006436;0,592367;8;10;0;500;0,592367;0,565673
Q_UNRESTRICTED/DESERT/10x10x5;Q-NEUTRAL;Q_UNRESTRICTED;0;A_UNRESTRICTED/DESERT/10x10x5;desert;10x10x5;10;5;10;500;Gumin;simple-tiled-3d;27;1603060541;1;054e8172e2b5ad68;1;0;0;0;0;500;185;315;0,117008;0,117008;1,973421;1,934313;0,008284;0,61498;8;10;0;500;0,61498;0,595959
Q_UNRESTRICTED/DESERT/10x10x5;Q-NEUTRAL;Q_UNRESTRICTED;0;A_UNRESTRICTED/DESERT/10x10x5;desert;10x10x5;10;5;10;500;Gumin;simple-tiled-3d;28;1520119866;1;cad7b2849b834097;1;0;0;0;0;500;192;308;0,14094;0,14094;1,884726;1,837221;0,005617;0,627959;8;10;0;500;0,627959;0,606816
Q_UNRESTRICTED/DESERT/10x10x5;Q-NEUTRAL;Q_UNRESTRICTED;0;A_UNRESTRICTED/DESERT/10x10x5;desert;10x10x5;10;5;10;500;Gumin;simple-tiled-3d;29;1899852231;1;b4de5bf42c295fcc;1;0;0;0;0;500;189;311;0,12479;0,12479;1,947143;1,8818;0,006986;0,599265;8;10;0;500;0,599265;0,570612
Q_UNRESTRICTED/DESERT/10x10x5;Q-NEUTRAL;Q_UNRESTRICTED;0;A_UNRESTRICTED/DESERT/10x10x5;desert;10x10x5;10;5;10;500;Gumin;simple-tiled-3d;30;1790013998;1;90c749ba649b093a;1;0;0;0;0;500;194;306;0,15167;0,15167;1,860779;1,80549;0,003436;0,608857;8;10;0;500;0,608857;0,582816
Q_UNRESTRICTED/DESERT/10x10x5;Q-NEUTRAL;Q_UNRESTRICTED;0;A_UNRESTRICTED/DESERT/10x10x5;desert;10x10x5;10;5;10;500;Gumin;simple-tiled-3d;31;1593329547;1;2addaa697392c871;1;0;0;0;0;500;190;310;0,129074;0,129074;1,939779;1,859412;0,002549;0,589143;8;10;0;500;0,589143;0,565143
Q_UNRESTRICTED/DESERT/10x10x5;Q-NEUTRAL;Q_UNRESTRICTED;0;A_UNRESTRICTED/DESERT/10x10x5;desert;10x10x5;10;5;10;500;Gumin;simple-tiled-3d;32;1480990034;1;51fa3ad8a3b72c44;1;0;0;0;0;500;166;334;0,107951;0,107951;2,107796;1,850824;0,010894;0,575143;10;10;0;500;0,575143;0,556857
Q_UNRESTRICTED/DESERT/10x10x5;Q-NEUTRAL;Q_UNRESTRICTED;0;A_UNRESTRICTED/DESERT/10x10x5;desert;10x10x5;10;5;10;500;Gumin;simple-tiled-3d;33;366933859;1;7f749bc30c8b9d90;1;0;0;0;0;500;127;373;0,090184;0,090184;2,195563;1,72396;0,19152;0,627469;10;10;0;500;0,627469;0,620449
Q_UNRESTRICTED/DESERT/10x10x5;Q-NEUTRAL;Q_UNRESTRICTED;0;A_UNRESTRICTED/DESERT/10x10x5;desert;10x10x5;10;5;10;500;Gumin;simple-tiled-3d;34;1668713266;1;58901a0047b5d38b;1;0;0;0;0;500;194;306;0,146052;0,146052;1,884774;1,806548;0,001852;0,606857;8;10;0;500;0,606857;0,579837
Q_UNRESTRICTED/DESERT/10x10x5;Q-NEUTRAL;Q_UNRESTRICTED;0;A_UNRESTRICTED/DESERT/10x10x5;desert;10x10x5;10;5;10;500;Gumin;simple-tiled-3d;35;397236673;1;3a07529cf422bef6;1;0;0;0;0;500;198;302;0,183953;0,183953;1,767825;1,731102;0,005359;0,614449;8;10;0;500;0,614449;0,588082
Q_UNRESTRICTED/DESERT/10x10x5;Q-NEUTRAL;Q_UNRESTRICTED;0;A_UNRESTRICTED/DESERT/10x10x5;desert;10x10x5;10;5;10;500;Gumin;simple-tiled-3d;36;1765359206;1;388e8438d14acc66;1;0;0;0;0;500;193;307;0,144341;0,144341;1,893192;1,832348;0,006054;0,60502;8;10;0;500;0,60502;0,577755
Q_UNRESTRICTED/DESERT/10x10x5;Q-NEUTRAL;Q_UNRESTRICTED;0;A_UNRESTRICTED/DESERT/10x10x5;desert;10x10x5;10;5;10;500;Gumin;simple-tiled-3d;37;338852737;1;7ae58397bd35d199;1;0;0;0;0;500;195;305;0,162517;0,162517;1,851111;1,824128;0,003001;0,613959;8;10;0;500;0,613959;0,590857
Q_UNRESTRICTED/DESERT/10x10x5;Q-NEUTRAL;Q_UNRESTRICTED;0;A_UNRESTRICTED/DESERT/10x10x5;desert;10x10x5;10;5;10;500;Gumin;simple-tiled-3d;38;1162804327;1;dd610badbe1dfaf1;1;0;0;0;0;500;194;306;0,150532;0,150532;1,879879;1,815628;0,005335;0,597551;8;10;0;500;0,597551;0,572163
Q_UNRESTRICTED/DESERT/10x10x5;Q-NEUTRAL;Q_UNRESTRICTED;0;A_UNRESTRICTED/DESERT/10x10x5;desert;10x10x5;10;5;10;500;Gumin;simple-tiled-3d;39;759238922;1;b8606d3241970d38;1;0;0;0;0;500;196;304;0,161952;0,161952;1,846812;1,805325;0,003643;0,59751;7;10;0;500;0,59751;0,57049
Q_UNRESTRICTED/DESERT/10x10x5;Q-NEUTRAL;Q_UNRESTRICTED;0;A_UNRESTRICTED/DESERT/10x10x5;desert;10x10x5;10;5;10;500;Gumin;simple-tiled-3d;40;215241524;1;d4771bfeb8dba398;1;0;0;0;0;500;195;305;0,149469;0,149469;1,876885;1,841943;0,001661;0,601714;8;10;0;500;0,601714;0,575755
Q_UNRESTRICTED/DESERT/10x10x5;Q-NEUTRAL;Q_UNRESTRICTED;0;A_UNRESTRICTED/DESERT/10x10x5;desert;10x10x5;10;5;10;500;Gumin;simple-tiled-3d;41;633800100;1;884396638b5edb01;1;0;0;0;0;500;197;303;0,167835;0,167835;1,798893;1,752564;0,007695;0,605551;8;10;0;500;0,605551;0,578041
Q_UNRESTRICTED/DESERT/10x10x5;Q-NEUTRAL;Q_UNRESTRICTED;0;A_UNRESTRICTED/DESERT/10x10x5;desert;10x10x5;10;5;10;500;Gumin;simple-tiled-3d;42;25890319;1;60be6c0ac88d5974;1;0;0;0;0;500;164;336;0,231216;0,231216;1,706471;1,586498;0,065919;0,691714;8;10;0;500;0,691714;0,678898
Q_UNRESTRICTED/DESERT/10x10x5;Q-NEUTRAL;Q_UNRESTRICTED;0;A_UNRESTRICTED/DESERT/10x10x5;desert;10x10x5;10;5;10;500;Gumin;simple-tiled-3d;43;1256010112;1;f9ac36a974764fad;1;0;0;0;0;500;193;307;0,144396;0,144396;1,901234;1,858876;0,003508;0,596449;8;10;0;500;0,596449;0,569429
Q_UNRESTRICTED/DESERT/10x10x5;Q-NEUTRAL;Q_UNRESTRICTED;0;A_UNRESTRICTED/DESERT/10x10x5;desert;10x10x5;10;5;10;500;Gumin;simple-tiled-3d;44;1117574219;1;1e8eda9666ddb854;1;0;0;0;0;500;191;309;0,136397;0,136397;1,914506;1,827692;0,008493;0,595347;8;10;0;500;0,595347;0,56898
Q_UNRESTRICTED/DESERT/10x10x5;Q-NEUTRAL;Q_UNRESTRICTED;0;A_UNRESTRICTED/DESERT/10x10x5;desert;10x10x5;10;5;10;500;Gumin;simple-tiled-3d;45;622557152;1;9bb038abfb1315ef;1;0;0;0;0;500;194;306;0,160692;0,160692;1,834166;1,785408;0,010689;0,602163;8;10;0;500;0,602163;0,573592
Q_UNRESTRICTED/DESERT/10x10x5;Q-NEUTRAL;Q_UNRESTRICTED;0;A_UNRESTRICTED/DESERT/10x10x5;desert;10x10x5;10;5;10;500;Gumin;simple-tiled-3d;46;1525406669;1;e42bf5dd253f9965;1;0;0;0;0;500;197;303;0,167604;0,167604;1,840116;1,813564;0,002382;0,623878;7;10;0;500;0,623878;0,602408
Q_UNRESTRICTED/DESERT/10x10x5;Q-NEUTRAL;Q_UNRESTRICTED;0;A_UNRESTRICTED/DESERT/10x10x5;desert;10x10x5;10;5;10;500;Gumin;simple-tiled-3d;47;1171539555;1;bfe08e93e73a06a4;1;0;0;0;0;500;194;306;0,155917;0,155917;1,858203;1,822718;0,001811;0,612082;8;10;0;500;0,612082;0,584735
Q_UNRESTRICTED/DESERT/10x10x5;Q-NEUTRAL;Q_UNRESTRICTED;0;A_UNRESTRICTED/DESERT/10x10x5;desert;10x10x5;10;5;10;500;Gumin;simple-tiled-3d;48;1950663628;1;89c4d87afbb1a775;1;0;0;0;0;500;190;310;0,132415;0,132415;1,904865;1,721609;0,039751;0,606449;8;10;0;500;0,606449;0,577061
Q_UNRESTRICTED/DESERT/10x10x5;Q-NEUTRAL;Q_UNRESTRICTED;0;A_UNRESTRICTED/DESERT/10x10x5;desert;10x10x5;10;5;10;500;Gumin;simple-tiled-3d;49;1214619552;1;322249de73d9bccd;1;0;0;0;0;500;197;303;0,16837;0,16837;1,80873;1,769108;0,00181;0,601633;8;10;0;500;0,601633;0,572571
Q_UNRESTRICTED/DESERT/10x10x5;Q-NEUTRAL;Q_UNRESTRICTED;0;A_UNRESTRICTED/DESERT/10x10x5;desert;10x10x5;10;5;10;500;DeBroglie;matched;0;1228699130;1;8534f47434d2c989;1;0;0;0;0;500;186;314;0,157979;0,157979;1,831733;1,773488;0,008066;0,628939;8;10;0;500;0,628939;0,605061
Q_UNRESTRICTED/DESERT/10x10x5;Q-NEUTRAL;Q_UNRESTRICTED;0;A_UNRESTRICTED/DESERT/10x10x5;desert;10x10x5;10;5;10;500;DeBroglie;matched;1;1684692971;1;1510d43946cdb180;1;0;0;0;0;500;193;307;0,146152;0,146152;1,888899;1,819157;0,014919;0,607755;8;10;0;500;0,607755;0,579673
Q_UNRESTRICTED/DESERT/10x10x5;Q-NEUTRAL;Q_UNRESTRICTED;0;A_UNRESTRICTED/DESERT/10x10x5;desert;10x10x5;10;5;10;500;DeBroglie;matched;2;2111098907;1;f3c82c74521da2a5;1;0;0;0;0;500;190;310;0,132124;0,132124;1,926498;1,817136;0,004115;0,593224;8;10;0;500;0,593224;0,567347
Q_UNRESTRICTED/DESERT/10x10x5;Q-NEUTRAL;Q_UNRESTRICTED;0;A_UNRESTRICTED/DESERT/10x10x5;desert;10x10x5;10;5;10;500;DeBroglie;matched;3;1040681429;1;e61d66d3808449b4;1;0;0;0;0;500;180;320;0,139747;0,139747;1,928619;1,89157;0,006253;0,591143;8;10;0;500;0,591143;0,563633
Q_UNRESTRICTED/DESERT/10x10x5;Q-NEUTRAL;Q_UNRESTRICTED;0;A_UNRESTRICTED/DESERT/10x10x5;desert;10x10x5;10;5;10;500;DeBroglie;matched;4;2142645601;1;144ffc0976696a29;1;0;0;0;0;500;197;303;0,159435;0,159435;1,826991;1,783;0,000668;0,606;8;10;0;500;0,606;0,575959
Q_UNRESTRICTED/DESERT/10x10x5;Q-NEUTRAL;Q_UNRESTRICTED;0;A_UNRESTRICTED/DESERT/10x10x5;desert;10x10x5;10;5;10;500;DeBroglie;matched;5;101836676;1;5435583d41b6c803;1;0;0;0;0;500;181;319;0,141119;0,141119;1,917543;1,865877;0,005243;0,574531;8;10;0;500;0,574531;0,549878
Q_UNRESTRICTED/DESERT/10x10x5;Q-NEUTRAL;Q_UNRESTRICTED;0;A_UNRESTRICTED/DESERT/10x10x5;desert;10x10x5;10;5;10;500;DeBroglie;matched;6;447819178;1;f876484e412a1ca5;1;0;0;0;0;500;199;301;0,178029;0,178029;1,810345;1,759603;0,002006;0,593388;7;10;0;500;0,593388;0,562286
Q_UNRESTRICTED/DESERT/10x10x5;Q-NEUTRAL;Q_UNRESTRICTED;0;A_UNRESTRICTED/DESERT/10x10x5;desert;10x10x5;10;5;10;500;DeBroglie;matched;7;667564159;1;0e8364bdd582143c;1;0;0;0;0;500;196;304;0,161016;0,161016;1,854187;1,816548;0,001094;0,601388;8;10;0;500;0,601388;0,574939
Q_UNRESTRICTED/DESERT/10x10x5;Q-NEUTRAL;Q_UNRESTRICTED;0;A_UNRESTRICTED/DESERT/10x10x5;desert;10x10x5;10;5;10;500;DeBroglie;matched;8;565950511;1;7892aacd39893da8;1;0;0;0;0;500;185;315;0,109978;0,109978;1,96977;1,890348;0,010026;0,595918;8;10;0;500;0,595918;0,567429
Q_UNRESTRICTED/DESERT/10x10x5;Q-NEUTRAL;Q_UNRESTRICTED;0;A_UNRESTRICTED/DESERT/10x10x5;desert;10x10x5;10;5;10;500;DeBroglie;matched;9;1768356978;1;1035d4355e4efdb6;1;0;0;0;0;500;194;306;0,165156;0,165156;1,8135;1,734406;0,02662;0,60849;8;10;0;500;0,60849;0,57951
Q_UNRESTRICTED/DESERT/10x10x5;Q-NEUTRAL;Q_UNRESTRICTED;0;A_UNRESTRICTED/DESERT/10x10x5;desert;10x10x5;10;5;10;500;DeBroglie;matched;10;1348178403;1;0dff3c10f50958d4;1;0;0;0;0;500;190;310;0,138232;0,138232;1,911124;1,851214;0,001577;0,588041;8;10;0;500;0,588041;0,566898
Q_UNRESTRICTED/DESERT/10x10x5;Q-NEUTRAL;Q_UNRESTRICTED;0;A_UNRESTRICTED/DESERT/10x10x5;desert;10x10x5;10;5;10;500;DeBroglie;matched;11;554877406;1;93fc87f9b713e0aa;1;0;0;0;0;500;191;309;0,133368;0,133368;1,920265;1,882581;0,004053;0,575388;8;10;0;500;0,575388;0,548612
Q_UNRESTRICTED/DESERT/10x10x5;Q-NEUTRAL;Q_UNRESTRICTED;0;A_UNRESTRICTED/DESERT/10x10x5;desert;10x10x5;10;5;10;500;DeBroglie;matched;12;1560740655;1;5f8f5f5bec1bd63f;1;0;0;0;0;500;194;306;0,16357;0,16357;1,78412;1,717275;0,020807;0,592204;8;10;0;500;0,592204;0,560041
Q_UNRESTRICTED/DESERT/10x10x5;Q-NEUTRAL;Q_UNRESTRICTED;0;A_UNRESTRICTED/DESERT/10x10x5;desert;10x10x5;10;5;10;500;DeBroglie;matched;13;1051646931;1;613e0a47b4957cee;1;0;0;0;0;500;195;305;0,157464;0,157464;1,838221;1,812692;0,006919;0,570082;8;10;0;500;0,570082;0,53498
Q_UNRESTRICTED/DESERT/10x10x5;Q-NEUTRAL;Q_UNRESTRICTED;0;A_UNRESTRICTED/DESERT/10x10x5;desert;10x10x5;10;5;10;500;DeBroglie;matched;14;2117591801;1;9bf4115837eaa02a;1;0;0;0;0;500;190;310;0,163034;0,163034;1,804408;1,76357;0,012713;0,607388;8;10;0;500;0,607388;0,581551
Q_UNRESTRICTED/DESERT/10x10x5;Q-NEUTRAL;Q_UNRESTRICTED;0;A_UNRESTRICTED/DESERT/10x10x5;desert;10x10x5;10;5;10;500;DeBroglie;matched;15;1415912924;1;b3c4dde1f525c1ba;1;0;0;0;0;500;192;308;0,143014;0,143014;1,899953;1,873755;0,002393;0,591837;8;10;0;500;0,591837;0,566286
Q_UNRESTRICTED/DESERT/10x10x5;Q-NEUTRAL;Q_UNRESTRICTED;0;A_UNRESTRICTED/DESERT/10x10x5;desert;10x10x5;10;5;10;500;DeBroglie;matched;16;1783789772;1;7a247dd6006ce860;1;0;0;0;0;500;186;314;0,151647;0,151647;1,892439;1,772732;0,024946;0,575959;8;10;0;500;0,575959;0,551796
Q_UNRESTRICTED/DESERT/10x10x5;Q-NEUTRAL;Q_UNRESTRICTED;0;A_UNRESTRICTED/DESERT/10x10x5;desert;10x10x5;10;5;10;500;DeBroglie;matched;17;1451841874;1;c12ebaf81e00edf7;1;0;0;0;0;500;194;306;0,150753;0,150753;1,86214;1,835778;0,000467;0,579265;7;10;0;500;0,579265;0,554286
Q_UNRESTRICTED/DESERT/10x10x5;Q-NEUTRAL;Q_UNRESTRICTED;0;A_UNRESTRICTED/DESERT/10x10x5;desert;10x10x5;10;5;10;500;DeBroglie;matched;18;1557614921;1;31aab7f319888722;1;0;0;0;0;500;196;304;0,160815;0,160815;1,82919;1,77557;0,001493;0,591388;8;10;0;500;0,591388;0,561592
Q_UNRESTRICTED/DESERT/10x10x5;Q-NEUTRAL;Q_UNRESTRICTED;0;A_UNRESTRICTED/DESERT/10x10x5;desert;10x10x5;10;5;10;500;DeBroglie;matched;19;1072160405;1;b7b12fa0535b4536;1;0;0;0;0;500;190;310;0,127663;0,127663;1,935816;1,847738;0,00949;0,581673;8;10;0;500;0,581673;0,556449
Q_UNRESTRICTED/DESERT/10x10x5;Q-NEUTRAL;Q_UNRESTRICTED;0;A_UNRESTRICTED/DESERT/10x10x5;desert;10x10x5;10;5;10;500;DeBroglie;matched;20;1724687996;1;61bd141c451e8cfc;1;0;0;0;0;500;153;347;0,079464;0,079464;2,216902;2,040985;0,006121;0,534612;10;10;0;500;0,534612;0,517796
Q_UNRESTRICTED/DESERT/10x10x5;Q-NEUTRAL;Q_UNRESTRICTED;0;A_UNRESTRICTED/DESERT/10x10x5;desert;10x10x5;10;5;10;500;DeBroglie;matched;21;2018067343;1;9a975b0d4093432d;1;0;0;0;0;500;195;305;0,164311;0,164311;1,835293;1,811486;0,002487;0,569347;8;10;0;500;0,569347;0,535959
Q_UNRESTRICTED/DESERT/10x10x5;Q-NEUTRAL;Q_UNRESTRICTED;0;A_UNRESTRICTED/DESERT/10x10x5;desert;10x10x5;10;5;10;500;DeBroglie;matched;22;691500237;1;a9fa80b22de8c691;1;0;0;0;0;500;194;306;0,145143;0,145143;1,890637;1,837359;0,007534;0,561306;8;10;0;500;0,561306;0,527673
Q_UNRESTRICTED/DESERT/10x10x5;Q-NEUTRAL;Q_UNRESTRICTED;0;A_UNRESTRICTED/DESERT/10x10x5;desert;10x10x5;10;5;10;500;DeBroglie;matched;23;617775222;1;494c6412aea67b40;1;0;0;0;0;500;193;307;0,138165;0,138165;1,892386;1,824042;0,00615;0,600694;8;10;0;500;0,600694;0,570163
Q_UNRESTRICTED/DESERT/10x10x5;Q-NEUTRAL;Q_UNRESTRICTED;0;A_UNRESTRICTED/DESERT/10x10x5;desert;10x10x5;10;5;10;500;DeBroglie;matched;24;1592389843;1;7a9089ded889b7e6;1;0;0;0;0;500;194;306;0,152732;0,152732;1,869435;1,826201;0,009163;0,606776;8;10;0;500;0,606776;0,581714
Q_UNRESTRICTED/DESERT/10x10x5;Q-NEUTRAL;Q_UNRESTRICTED;0;A_UNRESTRICTED/DESERT/10x10x5;desert;10x10x5;10;5;10;500;DeBroglie;matched;25;1193370133;1;914400c694ddc795;1;0;0;0;0;500;192;308;0,142887;0,142887;1,906305;1,857101;0,001436;0,612408;8;10;0;500;0,612408;0,586367
Q_UNRESTRICTED/DESERT/10x10x5;Q-NEUTRAL;Q_UNRESTRICTED;0;A_UNRESTRICTED/DESERT/10x10x5;desert;10x10x5;10;5;10;500;DeBroglie;matched;26;1949152780;1;bf67dd8801e66f97;1;0;0;0;0;500;198;302;0,171535;0,171535;1,790732;1,744882;0,003553;0,574082;7;10;0;500;0,574082;0,542816
Q_UNRESTRICTED/DESERT/10x10x5;Q-NEUTRAL;Q_UNRESTRICTED;0;A_UNRESTRICTED/DESERT/10x10x5;desert;10x10x5;10;5;10;500;DeBroglie;matched;27;1603060541;1;2cf60367c263ff70;1;0;0;0;0;500;172;328;0,110559;0,110559;2,088614;1,886337;0,008465;0,553061;10;10;0;500;0,553061;0,529959
Q_UNRESTRICTED/DESERT/10x10x5;Q-NEUTRAL;Q_UNRESTRICTED;0;A_UNRESTRICTED/DESERT/10x10x5;desert;10x10x5;10;5;10;500;DeBroglie;matched;28;1520119866;1;2479dd0c99fa774c;1;0;0;0;0;500;180;320;0,147844;0,147844;1,908727;1,798947;0,004298;0,570776;8;10;0;500;0,570776;0,544571
Q_UNRESTRICTED/DESERT/10x10x5;Q-NEUTRAL;Q_UNRESTRICTED;0;A_UNRESTRICTED/DESERT/10x10x5;desert;10x10x5;10;5;10;500;DeBroglie;matched;29;1899852231;1;e4df027f62b4d66e;1;0;0;0;0;500;198;302;0,179474;0,179474;1,810704;1,720713;0,001806;0,573388;7;10;0;500;0,573388;0,543184
Q_UNRESTRICTED/DESERT/10x10x5;Q-NEUTRAL;Q_UNRESTRICTED;0;A_UNRESTRICTED/DESERT/10x10x5;desert;10x10x5;10;5;10;500;DeBroglie;matched;30;1790013998;1;a5880156fc8ad665;1;0;0;0;0;500;191;309;0,133428;0,133428;1,91431;1,859919;0,003748;0,579429;8;10;0;500;0,579429;0,554286
Q_UNRESTRICTED/DESERT/10x10x5;Q-NEUTRAL;Q_UNRESTRICTED;0;A_UNRESTRICTED/DESERT/10x10x5;desert;10x10x5;10;5;10;500;DeBroglie;matched;31;1593329547;1;76d9fe80ac7fa025;1;0;0;0;0;500;194;306;0,150485;0,150485;1,863954;1,809168;0,011549;0,576367;8;10;0;500;0,576367;0,545673
Q_UNRESTRICTED/DESERT/10x10x5;Q-NEUTRAL;Q_UNRESTRICTED;0;A_UNRESTRICTED/DESERT/10x10x5;desert;10x10x5;10;5;10;500;DeBroglie;matched;32;1480990034;1;a094086c873324fe;1;0;0;0;0;500;187;313;0,116786;0,116786;1,918151;1,822869;0,000214;0,562286;8;10;0;500;0,562286;0,533388
Q_UNRESTRICTED/DESERT/10x10x5;Q-NEUTRAL;Q_UNRESTRICTED;0;A_UNRESTRICTED/DESERT/10x10x5;desert;10x10x5;10;5;10;500;DeBroglie;matched;33;366933859;1;ebe34f2e502fecbd;1;0;0;0;0;500;198;302;0,183452;0,183452;1,763936;1,742679;0,003811;0,57302;7;10;0;500;0,57302;0,54151
Q_UNRESTRICTED/DESERT/10x10x5;Q-NEUTRAL;Q_UNRESTRICTED;0;A_UNRESTRICTED/DESERT/10x10x5;desert;10x10x5;10;5;10;500;DeBroglie;matched;34;1668713266;1;3f103ce8e08667d1;1;0;0;0;0;500;195;305;0,157369;0,157369;1,794747;1,745336;0,002828;0,576857;7;10;0;500;0,576857;0,542163
Q_UNRESTRICTED/DESERT/10x10x5;Q-NEUTRAL;Q_UNRESTRICTED;0;A_UNRESTRICTED/DESERT/10x10x5;desert;10x10x5;10;5;10;500;DeBroglie;matched;35;397236673;1;f3fdefb5bacff4d6;1;0;0;0;0;500;190;310;0,128816;0,128816;1,933439;1,900545;0,00366;0,61249;8;10;0;500;0,61249;0,589796
Q_UNRESTRICTED/DESERT/10x10x5;Q-NEUTRAL;Q_UNRESTRICTED;0;A_UNRESTRICTED/DESERT/10x10x5;desert;10x10x5;10;5;10;500;DeBroglie;matched;36;1765359206;1;1de1402aac7dc3cd;1;0;0;0;0;500;192;308;0,137674;0,137674;1,917731;1,867552;0,004395;0,591796;8;10;0;500;0,591796;0,564612
Q_UNRESTRICTED/DESERT/10x10x5;Q-NEUTRAL;Q_UNRESTRICTED;0;A_UNRESTRICTED/DESERT/10x10x5;desert;10x10x5;10;5;10;500;DeBroglie;matched;37;338852737;1;b6bd21b67f4c514d;1;0;0;0;0;500;193;307;0,14658;0,14658;1,895174;1,859699;0,00393;0,605592;8;10;0;500;0,605592;0,581184
Q_UNRESTRICTED/DESERT/10x10x5;Q-NEUTRAL;Q_UNRESTRICTED;0;A_UNRESTRICTED/DESERT/10x10x5;desert;10x10x5;10;5;10;500;DeBroglie;matched;38;1162804327;1;98b383a1994038e0;1;0;0;0;0;500;195;305;0,153966;0,153966;1,863802;1,811305;0,004295;0,571388;8;10;0;500;0,571388;0,538653
Q_UNRESTRICTED/DESERT/10x10x5;Q-NEUTRAL;Q_UNRESTRICTED;0;A_UNRESTRICTED/DESERT/10x10x5;desert;10x10x5;10;5;10;500;DeBroglie;matched;39;759238922;1;4807777da72d4eac;1;0;0;0;0;500;185;315;0,115748;0,115748;1,960532;1,851309;0,013362;0,576857;8;10;0;500;0,576857;0,552776
Q_UNRESTRICTED/DESERT/10x10x5;Q-NEUTRAL;Q_UNRESTRICTED;0;A_UNRESTRICTED/DESERT/10x10x5;desert;10x10x5;10;5;10;500;DeBroglie;matched;40;215241524;1;e317888ebe965e96;1;0;0;0;0;500;197;303;0,17275;0,17275;1,808315;1,657054;0,001729;0,593265;7;10;0;500;0,593265;0,562735
Q_UNRESTRICTED/DESERT/10x10x5;Q-NEUTRAL;Q_UNRESTRICTED;0;A_UNRESTRICTED/DESERT/10x10x5;desert;10x10x5;10;5;10;500;DeBroglie;matched;41;633800100;1;3ab4399307d1a75e;1;0;0;0;0;500;192;308;0,133802;0,133802;1,9131;1,841868;0,005457;0,57849;8;10;0;500;0,57849;0,547224
Q_UNRESTRICTED/DESERT/10x10x5;Q-NEUTRAL;Q_UNRESTRICTED;0;A_UNRESTRICTED/DESERT/10x10x5;desert;10x10x5;10;5;10;500;DeBroglie;matched;42;25890319;1;a0322d4ac108d68c;1;0;0;0;0;500;189;311;0,127614;0,127614;1,93553;1,881887;0,002005;0,596612;8;10;0;500;0,596612;0,572122
Q_UNRESTRICTED/DESERT/10x10x5;Q-NEUTRAL;Q_UNRESTRICTED;0;A_UNRESTRICTED/DESERT/10x10x5;desert;10x10x5;10;5;10;500;DeBroglie;matched;43;1256010112;1;0079dae4e731466a;1;0;0;0;0;500;197;303;0,170403;0,170403;1,807249;1,784554;0,001978;0,580653;8;10;0;500;0,580653;0,550612
Q_UNRESTRICTED/DESERT/10x10x5;Q-NEUTRAL;Q_UNRESTRICTED;0;A_UNRESTRICTED/DESERT/10x10x5;desert;10x10x5;10;5;10;500;DeBroglie;matched;44;1117574219;1;cd90f9df4c4e9b98;1;0;0;0;0;500;197;303;0,160331;0,160331;1,851351;1,794208;0,00737;0,613061;8;10;0;500;0,613061;0,587102
Q_UNRESTRICTED/DESERT/10x10x5;Q-NEUTRAL;Q_UNRESTRICTED;0;A_UNRESTRICTED/DESERT/10x10x5;desert;10x10x5;10;5;10;500;DeBroglie;matched;45;622557152;1;db322a618a3d88f2;1;0;0;0;0;500;195;305;0,152405;0,152405;1,86548;1,838526;0,002266;0,591673;8;10;0;500;0,591673;0,562531
Q_UNRESTRICTED/DESERT/10x10x5;Q-NEUTRAL;Q_UNRESTRICTED;0;A_UNRESTRICTED/DESERT/10x10x5;desert;10x10x5;10;5;10;500;DeBroglie;matched;46;1525406669;1;ca64a9098943098e;1;0;0;0;0;500;194;306;0,147149;0,147149;1,890124;1,845852;0,001446;0,594612;8;10;0;500;0,594612;0,566531
Q_UNRESTRICTED/DESERT/10x10x5;Q-NEUTRAL;Q_UNRESTRICTED;0;A_UNRESTRICTED/DESERT/10x10x5;desert;10x10x5;10;5;10;500;DeBroglie;matched;47;1171539555;1;096a63f0310a7f99;1;0;0;0;0;500;165;335;0,131911;0,131911;2,061873;1,939287;0,010532;0,557796;10;10;0;500;0,557796;0,541061
Q_UNRESTRICTED/DESERT/10x10x5;Q-NEUTRAL;Q_UNRESTRICTED;0;A_UNRESTRICTED/DESERT/10x10x5;desert;10x10x5;10;5;10;500;DeBroglie;matched;48;1950663628;1;115e41e13b80b07d;1;0;0;0;0;500;194;306;0,149479;0,149479;1,889057;1,833068;0,000406;0,611429;8;10;0;500;0,611429;0,586122
Q_UNRESTRICTED/DESERT/10x10x5;Q-NEUTRAL;Q_UNRESTRICTED;0;A_UNRESTRICTED/DESERT/10x10x5;desert;10x10x5;10;5;10;500;DeBroglie;matched;49;1214619552;1;079992581919b52d;1;0;0;0;0;500;196;304;0,175491;0,175491;1,808788;1,774176;0,002688;0,585633;7;10;0;500;0,585633;0,557143
Q_UNRESTRICTED/DESERT/20x20x5;Q-NEUTRAL;Q_UNRESTRICTED;0;A_UNRESTRICTED/DESERT/20x20x5;desert;20x20x5;20;5;20;2000;ThisWork;heap;0;645866343;1;fca27462b21917d0;1;0;0;0;0;2000;782;1218;0,154617;0,154617;1,869863;1,853639;0,002669;0,591286;8;10;0;2000;0,591286;0,561714
Q_UNRESTRICTED/DESERT/20x20x5;Q-NEUTRAL;Q_UNRESTRICTED;0;A_UNRESTRICTED/DESERT/20x20x5;desert;20x20x5;20;5;20;2000;ThisWork;heap;1;189222841;1;c2f9e79c084b6820;1;0;0;0;0;2000;780;1220;0,149759;0,149759;1,879021;1,869353;0,000235;0,581439;8;10;0;2000;0,581439;0,547969
Q_UNRESTRICTED/DESERT/20x20x5;Q-NEUTRAL;Q_UNRESTRICTED;0;A_UNRESTRICTED/DESERT/20x20x5;desert;20x20x5;20;5;20;2000;ThisWork;heap;2;1148817195;1;61c218845c01a370;1;0;0;0;0;2000;775;1225;0,147994;0,147994;1,879022;1,872515;0,001745;0,575357;8;10;0;2000;0,575357;0,544969
Q_UNRESTRICTED/DESERT/20x20x5;Q-NEUTRAL;Q_UNRESTRICTED;0;A_UNRESTRICTED/DESERT/20x20x5;desert;20x20x5;20;5;20;2000;ThisWork;heap;3;755717477;1;e379eaddf2defc0e;1;0;0;0;0;2000;781;1219;0,154613;0,154613;1,864678;1,854071;0,000572;0,584173;8;10;0;2000;0,584173;0,552173
Q_UNRESTRICTED/DESERT/20x20x5;Q-NEUTRAL;Q_UNRESTRICTED;0;A_UNRESTRICTED/DESERT/20x20x5;desert;20x20x5;20;5;20;2000;ThisWork;heap;4;94896188;1;4a4664a67970f6a2;1;0;0;0;0;2000;768;1232;0,138753;0,138753;1,912617;1,904287;0,001161;0,575235;8;10;0;2000;0,575235;0,544724
Q_UNRESTRICTED/DESERT/20x20x5;Q-NEUTRAL;Q_UNRESTRICTED;0;A_UNRESTRICTED/DESERT/20x20x5;desert;20x20x5;20;5;20;2000;ThisWork;heap;5;999124217;1;59541d4831300558;1;0;0;0;0;2000;712;1288;0,153947;0,153947;1,926478;1,858155;0,009898;0,649133;10;10;0;2000;0,649133;0,629684
Q_UNRESTRICTED/DESERT/20x20x5;Q-NEUTRAL;Q_UNRESTRICTED;0;A_UNRESTRICTED/DESERT/20x20x5;desert;20x20x5;20;5;20;2000;ThisWork;heap;6;1731417192;1;4df81ba30291b740;1;0;0;0;0;2000;762;1238;0,139202;0,139202;1,905921;1,898767;0,001253;0,59601;8;10;0;2000;0,59601;0,567357
Q_UNRESTRICTED/DESERT/20x20x5;Q-NEUTRAL;Q_UNRESTRICTED;0;A_UNRESTRICTED/DESERT/20x20x5;desert;20x20x5;20;5;20;2000;ThisWork;heap;7;595015238;1;70f29abcfa52be83;1;0;0;0;0;2000;756;1244;0,133335;0,133335;1,919542;1,88963;0,004221;0,584163;8;10;0;2000;0,584163;0,553551
Q_UNRESTRICTED/DESERT/20x20x5;Q-NEUTRAL;Q_UNRESTRICTED;0;A_UNRESTRICTED/DESERT/20x20x5;desert;20x20x5;20;5;20;2000;ThisWork;heap;8;821726287;1;fb0e05cde50c0a2c;1;0;0;0;0;2000;771;1229;0,144355;0,144355;1,897588;1,874171;0,005421;0,574949;8;10;0;2000;0,574949;0,541806
Q_UNRESTRICTED/DESERT/20x20x5;Q-NEUTRAL;Q_UNRESTRICTED;0;A_UNRESTRICTED/DESERT/20x20x5;desert;20x20x5;20;5;20;2000;ThisWork;heap;9;680128573;1;6f48082ef6ff17f2;1;0;0;0;0;2000;764;1236;0,131203;0,131203;1,926955;1,918408;0,000352;0,582755;8;10;0;2000;0,582755;0,554
Q_UNRESTRICTED/DESERT/20x20x5;Q-NEUTRAL;Q_UNRESTRICTED;0;A_UNRESTRICTED/DESERT/20x20x5;desert;20x20x5;20;5;20;2000;ThisWork;heap;10;1846628443;1;4d20b249f2adeeac;1;0;0;0;0;2000;763;1237;0,134387;0,134387;1,919124;1,908278;0,001878;0,577694;8;10;0;2000;0,577694;0,548061
Q_UNRESTRICTED/DESERT/20x20x5;Q-NEUTRAL;Q_UNRESTRICTED;0;A_UNRESTRICTED/DESERT/20x20x5;desert;20x20x5;20;5;20;2000;ThisWork;heap;11;703550211;1;23ab9697674f3fb4;1;0;0;0;0;2000;775;1225;0,147189;0,147189;1,89006;1,883081;0,00106;0,57599;8;10;0;2000;0,57599;0,543847
Q_UNRESTRICTED/DESERT/20x20x5;Q-NEUTRAL;Q_UNRESTRICTED;0;A_UNRESTRICTED/DESERT/20x20x5;desert;20x20x5;20;5;20;2000;ThisWork;heap;12;304476431;1;02096acfa7bd3e74;1;0;0;0;0;2000;725;1275;0,116777;0,116777;2,024667;1,963359;0,015511;0,562929;10;10;0;2000;0,562929;0,532888
Q_UNRESTRICTED/DESERT/20x20x5;Q-NEUTRAL;Q_UNRESTRICTED;0;A_UNRESTRICTED/DESERT/20x20x5;desert;20x20x5;20;5;20;2000;ThisWork;heap;13;1534097053;1;0ff3edcaf75d74df;1;0;0;0;0;2000;782;1218;0,159403;0,159403;1,845071;1,827992;0,006249;0,585949;8;10;0;2000;0,585949;0,554173
Q_UNRESTRICTED/DESERT/20x20x5;Q-NEUTRAL;Q_UNRESTRICTED;0;A_UNRESTRICTED/DESERT/20x20x5;desert;20x20x5;20;5;20;2000;ThisWork;heap;14;682157303;1;13ff4f0c564308e9;1;0;0;0;0;2000;753;1247;0,135475;0,135475;1,904073;1,871931;0,005555;0,598071;8;10;0;2000;0,598071;0,570929
Q_UNRESTRICTED/DESERT/20x20x5;Q-NEUTRAL;Q_UNRESTRICTED;0;A_UNRESTRICTED/DESERT/20x20x5;desert;20x20x5;20;5;20;2000;ThisWork;heap;15;1140666768;1;f1f442d13d5092bd;1;0;0;0;0;2000;778;1222;0,15157;0,15157;1,874439;1,864575;0,000625;0,585592;8;10;0;2000;0,585592;0,55451
Q_UNRESTRICTED/DESERT/20x20x5;Q-NEUTRAL;Q_UNRESTRICTED;0;A_UNRESTRICTED/DESERT/20x20x5;desert;20x20x5;20;5;20;2000;ThisWork;heap;16;1347841901;1;ee9503e5039edc58;1;0;0;0;0;2000;766;1234;0,133154;0,133154;1,920889;1,903405;0,001654;0,58299;8;10;0;2000;0,58299;0,551316
Q_UNRESTRICTED/DESERT/20x20x5;Q-NEUTRAL;Q_UNRESTRICTED;0;A_UNRESTRICTED/DESERT/20x20x5;desert;20x20x5;20;5;20;2000;ThisWork;heap;17;1528819429;1;b028450817f764ed;1;0;0;0;0;2000;762;1238;0,13143;0,13143;1,930134;1,905789;0,006827;0,583694;8;10;0;2000;0,583694;0,553694
Q_UNRESTRICTED/DESERT/20x20x5;Q-NEUTRAL;Q_UNRESTRICTED;0;A_UNRESTRICTED/DESERT/20x20x5;desert;20x20x5;20;5;20;2000;ThisWork;heap;18;928075925;1;20105587802d031a;1;0;0;0;0;2000;763;1237;0,145923;0,145923;1,883336;1,848262;0,006477;0,600224;8;10;0;2000;0,600224;0,571255
Q_UNRESTRICTED/DESERT/20x20x5;Q-NEUTRAL;Q_UNRESTRICTED;0;A_UNRESTRICTED/DESERT/20x20x5;desert;20x20x5;20;5;20;2000;ThisWork;heap;19;1907391853;1;fc99c01074d05e16;1;0;0;0;0;2000;769;1231;0,144607;0,144607;1,899492;1,895002;0,000658;0,578255;8;10;0;2000;0,578255;0,548112
Q_UNRESTRICTED/DESERT/20x20x5;Q-NEUTRAL;Q_UNRESTRICTED;0;A_UNRESTRICTED/DESERT/20x20x5;desert;20x20x5;20;5;20;2000;ThisWork;heap;20;1048581793;1;c4fe08df66344e71;1;0;0;0;0;2000;772;1228;0,139399;0,139399;1,905585;1,889109;0,002506;0,580429;8;10;0;2000;0,580429;0,550449
Q_UNRESTRICTED/DESERT/20x20x5;Q-NEUTRAL;Q_UNRESTRICTED;0;A_UNRESTRICTED/DESERT/20x20x5;desert;20x20x5;20;5;20;2000;ThisWork;heap;21;921304758;1;2ab8dde4cd0d5626;1;0;0;0;0;2000;769;1231;0,154462;0,154462;1,858541;1,845632;0,000824;0,605673;8;10;0;2000;0,605673;0,578347
Q_UNRESTRICTED/DESERT/20x20x5;Q-NEUTRAL;Q_UNRESTRICTED;0;A_UNRESTRICTED/DESERT/20x20x5;desert;20x20x5;20;5;20;2000;ThisWork;heap;22;1290290045;1;099325bf7b5ef923;1;0;0;0;0;2000;775;1225;0,149373;0,149373;1,876874;1,860826;0,002563;0,577612;8;10;0;2000;0,577612;0,545939
Q_UNRESTRICTED/DESERT/20x20x5;Q-NEUTRAL;Q_UNRESTRICTED;0;A_UNRESTRICTED/DESERT/20x20x5;desert;20x20x5;20;5;20;2000;ThisWork;heap;23;495092737;1;2550a15880154cde;1;0;0;0;0;2000;775;1225;0,14786;0,14786;1,886329;1,873501;0,003127;0,576265;8;10;0;2000;0,576265;0,545878
Q_UNRESTRICTED/DESERT/20x20x5;Q-NEUTRAL;Q_UNRESTRICTED;0;A_UNRESTRICTED/DESERT/20x20x5;desert;20x20x5;20;5;20;2000;ThisWork;heap;24;1229857858;1;744347bf8eaa264f;1;0;0;0;0;2000;731;1269;0,107403;0,107403;2,051712;2,011316;0,017272;0,569561;10;10;0;2000;0,569561;0,542459
Q_UNRESTRICTED/DESERT/20x20x5;Q-NEUTRAL;Q_UNRESTRICTED;0;A_UNRESTRICTED/DESERT/20x20x5;desert;20x20x5;20;5;20;2000;ThisWork;heap;25;490018340;1;121b872cc636f80a;1;0;0;0;0;2000;774;1226;0,143462;0,143462;1,898204;1,880412;0,001379;0,577255;8;10;0;2000;0,577255;0,545929
Q_UNRESTRICTED/DESERT/20x20x5;Q-NEUTRAL;Q_UNRESTRICTED;0;A_UNRESTRICTED/DESERT/20x20x5;desert;20x20x5;20;5;20;2000;ThisWork;heap;26;1948355050;1;2deea54fc5810731;1;0;0;0;0;2000;773;1227;0,146208;0,146208;1,882187;1,873178;0,000096;0,581714;8;10;0;2000;0,581714;0,550224
Q_UNRESTRICTED/DESERT/20x20x5;Q-NEUTRAL;Q_UNRESTRICTED;0;A_UNRESTRICTED/DESERT/20x20x5;desert;20x20x5;20;5;20;2000;ThisWork;heap;27;1591083865;1;5ab4131d780ae124;1;0;0;0;0;2000;769;1231;0,141061;0,141061;1,907433;1,892714;0,004467;0,590408;8;10;0;2000;0,590408;0,562143
Q_UNRESTRICTED/DESERT/20x20x5;Q-NEUTRAL;Q_UNRESTRICTED;0;A_UNRESTRICTED/DESERT/20x20x5;desert;20x20x5;20;5;20;2000;ThisWork;heap;28;168741795;1;7fef66654a400f09;1;0;0;0;0;2000;784;1216;0,161502;0,161502;1,85012;1,835943;0,000769;0,587367;8;10;0;2000;0,587367;0,555224
Q_UNRESTRICTED/DESERT/20x20x5;Q-NEUTRAL;Q_UNRESTRICTED;0;A_UNRESTRICTED/DESERT/20x20x5;desert;20x20x5;20;5;20;2000;ThisWork;heap;29;1570973254;1;104ce7a714db3ad3;1;0;0;0;0;2000;762;1238;0,132332;0,132332;1,932626;1,921077;0,000286;0,596122;8;10;0;2000;0,596122;0,567959
Q_UNRESTRICTED/DESERT/20x20x5;Q-NEUTRAL;Q_UNRESTRICTED;0;A_UNRESTRICTED/DESERT/20x20x5;desert;20x20x5;20;5;20;2000;ThisWork;heap;30;694077576;1;e8a0d36b063241a7;1;0;0;0;0;2000;714;1286;0,111611;0,111611;2,045623;1,931059;0,024108;0,593408;10;10;0;2000;0,593408;0,569969
Q_UNRESTRICTED/DESERT/20x20x5;Q-NEUTRAL;Q_UNRESTRICTED;0;A_UNRESTRICTED/DESERT/20x20x5;desert;20x20x5;20;5;20;2000;ThisWork;heap;31;518534954;1;adbbed9c091579e8;1;0;0;0;0;2000;769;1231;0,138744;0,138744;1,901704;1,884056;0,003476;0,575622;8;10;0;2000;0,575622;0,543908
Q_UNRESTRICTED/DESERT/20x20x5;Q-NEUTRAL;Q_UNRESTRICTED;0;A_UNRESTRICTED/DESERT/20x20x5;desert;20x20x5;20;5;20;2000;ThisWork;heap;32;1884652669;1;0a4fa9eb012e5251;1;0;0;0;0;2000;676;1324;0,111694;0,111694;2,085742;1,992657;0,007046;0,595194;10;10;0;2000;0,595194;0,573
Q_UNRESTRICTED/DESERT/20x20x5;Q-NEUTRAL;Q_UNRESTRICTED;0;A_UNRESTRICTED/DESERT/20x20x5;desert;20x20x5;20;5;20;2000;ThisWork;heap;33;1752895507;1;5d090d35fdad28ed;1;0;0;0;0;2000;752;1248;0,14221;0,14221;1,905237;1,898785;0,000279;0,58199;8;10;0;2000;0,58199;0,552827
Q_UNRESTRICTED/DESERT/20x20x5;Q-NEUTRAL;Q_UNRESTRICTED;0;A_UNRESTRICTED/DESERT/20x20x5;desert;20x20x5;20;5;20;2000;ThisWork;heap;34;49430134;1;3c3ee9b1b272567f;1;0;0;0;0;2000;760;1240;0,144532;0,144532;1,891557;1,875628;0,002237;0,597418;8;10;0;2000;0,597418;0,569684
Q_UNRESTRICTED/DESERT/20x20x5;Q-NEUTRAL;Q_UNRESTRICTED;0;A_UNRESTRICTED/DESERT/20x20x5;desert;20x20x5;20;5;20;2000;ThisWork;heap;35;1829492991;1;edae4ba9a120b7e8;1;0;0;0;0;2000;778;1222;0,14983;0,14983;1,881151;1,871401;0,000614;0,577041;8;10;0;2000;0,577041;0,544082
Q_UNRESTRICTED/DESERT/20x20x5;Q-NEUTRAL;Q_UNRESTRICTED;0;A_UNRESTRICTED/DESERT/20x20x5;desert;20x20x5;20;5;20;2000;ThisWork;heap;36;1595568359;1;28d0e35ee2e32db1;1;0;0;0;0;2000;767;1233;0,144058;0,144058;1,891399;1,888165;0,000286;0,579265;8;10;0;2000;0,579265;0,548592
Q_UNRESTRICTED/DESERT/20x20x5;Q-NEUTRAL;Q_UNRESTRICTED;0;A_UNRESTRICTED/DESERT/20x20x5;desert;20x20x5;20;5;20;2000;ThisWork;heap;37;1680694322;1;071527e5624e491b;1;0;0;0;0;2000;763;1237;0,14254;0,14254;1,900815;1,893576;0,000926;0,574235;8;10;0;2000;0,574235;0,544765
Q_UNRESTRICTED/DESERT/20x20x5;Q-NEUTRAL;Q_UNRESTRICTED;0;A_UNRESTRICTED/DESERT/20x20x5;desert;20x20x5;20;5;20;2000;ThisWork;heap;38;1237002902;1;8f3ec167261b0b99;1;0;0;0;0;2000;778;1222;0,15038;0,15038;1,875452;1,862247;0,000952;0,576286;8;10;0;2000;0,576286;0,543592
Q_UNRESTRICTED/DESERT/20x20x5;Q-NEUTRAL;Q_UNRESTRICTED;0;A_UNRESTRICTED/DESERT/20x20x5;desert;20x20x5;20;5;20;2000;ThisWork;heap;39;1972560416;1;71702c7195716c46;1;0;0;0;0;2000;777;1223;0,148373;0,148373;1,881644;1,863906;0,000967;0,58052;8;10;0;2000;0,58052;0,549378
Q_UNRESTRICTED/DESERT/20x20x5;Q-NEUTRAL;Q_UNRESTRICTED;0;A_UNRESTRICTED/DESERT/20x20x5;desert;20x20x5;20;5;20;2000;ThisWork;heap;40;1506581009;1;0343ea823ba3a1a6;1;0;0;0;0;2000;779;1221;0,15209;0,15209;1,868041;1,858949;0,000725;0,581541;8;10;0;2000;0,581541;0,550378
Q_UNRESTRICTED/DESERT/20x20x5;Q-NEUTRAL;Q_UNRESTRICTED;0;A_UNRESTRICTED/DESERT/20x20x5;desert;20x20x5;20;5;20;2000;ThisWork;heap;41;1349619519;1;54d984d2ee16976c;1;0;0;0;0;2000;771;1229;0,149014;0,149014;1,878522;1,853852;0,00395;0,583745;8;10;0;2000;0,583745;0,554071
Q_UNRESTRICTED/DESERT/20x20x5;Q-NEUTRAL;Q_UNRESTRICTED;0;A_UNRESTRICTED/DESERT/20x20x5;desert;20x20x5;20;5;20;2000;ThisWork;heap;42;2015551041;1;2cfc18fd1371a7e2;1;0;0;0;0;2000;770;1230;0,152376;0,152376;1,864487;1,854384;0,001303;0,5935;8;10;0;2000;0,5935;0,564531
Q_UNRESTRICTED/DESERT/20x20x5;Q-NEUTRAL;Q_UNRESTRICTED;0;A_UNRESTRICTED/DESERT/20x20x5;desert;20x20x5;20;5;20;2000;ThisWork;heap;43;1457742822;1;2ce7f073aacc4aa0;1;0;0;0;0;2000;780;1220;0,150417;0,150417;1,86824;1,85919;0,000147;0,572643;8;10;0;2000;0,572643;0,53699
Q_UNRESTRICTED/DESERT/20x20x5;Q-NEUTRAL;Q_UNRESTRICTED;0;A_UNRESTRICTED/DESERT/20x20x5;desert;20x20x5;20;5;20;2000;ThisWork;heap;44;2055525604;1;c070ff6c67bb291e;1;0;0;0;0;2000;762;1238;0,129978;0,129978;1,931827;1,916323;0,000419;0,577724;8;10;0;2000;0,577724;0,547255
Q_UNRESTRICTED/DESERT/20x20x5;Q-NEUTRAL;Q_UNRESTRICTED;0;A_UNRESTRICTED/DESERT/20x20x5;desert;20x20x5;20;5;20;2000;ThisWork;heap;45;1325278044;1;4bc495b037243f7e;1;0;0;0;0;2000;781;1219;0,152547;0,152547;1,873116;1,863511;0,000125;0,576663;8;10;0;2000;0,576663;0,546724
Q_UNRESTRICTED/DESERT/20x20x5;Q-NEUTRAL;Q_UNRESTRICTED;0;A_UNRESTRICTED/DESERT/20x20x5;desert;20x20x5;20;5;20;2000;ThisWork;heap;46;747893637;1;3d0e788be37a1512;1;0;0;0;0;2000;776;1224;0,147436;0,147436;1,886943;1,864581;0,000365;0,586551;8;10;0;2000;0,586551;0,553755
Q_UNRESTRICTED/DESERT/20x20x5;Q-NEUTRAL;Q_UNRESTRICTED;0;A_UNRESTRICTED/DESERT/20x20x5;desert;20x20x5;20;5;20;2000;ThisWork;heap;47;94510420;1;f1ffed98a2e029e2;1;0;0;0;0;2000;759;1241;0,145869;0,145869;1,890534;1,876666;0,001712;0,579673;8;10;0;2000;0,579673;0,548694
Q_UNRESTRICTED/DESERT/20x20x5;Q-NEUTRAL;Q_UNRESTRICTED;0;A_UNRESTRICTED/DESERT/20x20x5;desert;20x20x5;20;5;20;2000;ThisWork;heap;48;1108457887;1;c37760407c77d0af;1;0;0;0;0;2000;770;1230;0,142114;0,142114;1,892567;1,882546;0,0005;0,575214;8;10;0;2000;0,575214;0,543684
Q_UNRESTRICTED/DESERT/20x20x5;Q-NEUTRAL;Q_UNRESTRICTED;0;A_UNRESTRICTED/DESERT/20x20x5;desert;20x20x5;20;5;20;2000;ThisWork;heap;49;199442073;1;a96e4a89919a1d93;1;0;0;0;0;2000;787;1213;0,166827;0,166827;1,834474;1,824274;0,001902;0,579551;8;10;0;2000;0,579551;0,546224
Q_UNRESTRICTED/DESERT/20x20x5;Q-NEUTRAL;Q_UNRESTRICTED;0;A_UNRESTRICTED/DESERT/20x20x5;desert;20x20x5;20;5;20;2000;Gumin;simple-tiled-3d;0;645866343;1;29502bd75a184560;1;0;0;0;0;2000;770;1230;0,142711;0,142711;1,903494;1,88891;0,000027;0,588694;8;10;0;2000;0,588694;0,560592
Q_UNRESTRICTED/DESERT/20x20x5;Q-NEUTRAL;Q_UNRESTRICTED;0;A_UNRESTRICTED/DESERT/20x20x5;desert;20x20x5;20;5;20;2000;Gumin;simple-tiled-3d;1;189222841;1;4772fb57c07c7f42;1;0;0;0;0;2000;771;1229;0,143871;0,143871;1,890364;1,866698;0,004232;0,581959;8;10;0;2000;0,581959;0,550878
Q_UNRESTRICTED/DESERT/20x20x5;Q-NEUTRAL;Q_UNRESTRICTED;0;A_UNRESTRICTED/DESERT/20x20x5;desert;20x20x5;20;5;20;2000;Gumin;simple-tiled-3d;2;1148817195;1;1400e5323bda1c70;1;0;0;0;0;2000;768;1232;0,137946;0,137946;1,909032;1,90244;0,001084;0,57599;8;10;0;2000;0,57599;0,54501
Q_UNRESTRICTED/DESERT/20x20x5;Q-NEUTRAL;Q_UNRESTRICTED;0;A_UNRESTRICTED/DESERT/20x20x5;desert;20x20x5;20;5;20;2000;Gumin;simple-tiled-3d;3;755717477;1;847f0834ad2f2537;1;0;0;0;0;2000;779;1221;0,152202;0,152202;1,87609;1,858583;0,001435;0,590653;8;10;0;2000;0,590653;0,561612
Q_UNRESTRICTED/DESERT/20x20x5;Q-NEUTRAL;Q_UNRESTRICTED;0;A_UNRESTRICTED/DESERT/20x20x5;desert;20x20x5;20;5;20;2000;Gumin;simple-tiled-3d;4;94896188;1;733d5bba4f532a1a;1;0;0;0;0;2000;767;1233;0,13433;0,13433;1,91598;1,903801;0,000873;0,577337;8;10;0;2000;0,577337;0,547133
Q_UNRESTRICTED/DESERT/20x20x5;Q-NEUTRAL;Q_UNRESTRICTED;0;A_UNRESTRICTED/DESERT/20x20x5;desert;20x20x5;20;5;20;2000;Gumin;simple-tiled-3d;5;999124217;1;8da9c96b3a4fdb89;1;0;0;0;0;2000;710;1290;0,159574;0,159574;1,882221;1,817837;0,000289;0,641092;10;10;0;2000;0,641092;0,620622
Q_UNRESTRICTED/DESERT/20x20x5;Q-NEUTRAL;Q_UNRESTRICTED;0;A_UNRESTRICTED/DESERT/20x20x5;desert;20x20x5;20;5;20;2000;Gumin;simple-tiled-3d;6;1731417192;1;0325809731e7d747;1;0;0;0;0;2000;772;1228;0,152935;0,152935;1,872969;1,866833;0,000744;0,599796;8;10;0;2000;0,599796;0,571408
Q_UNRESTRICTED/DESERT/20x20x5;Q-NEUTRAL;Q_UNRESTRICTED;0;A_UNRESTRICTED/DESERT/20x20x5;desert;20x20x5;20;5;20;2000;Gumin;simple-tiled-3d;7;595015238;1;c7bccd5469e346c4;1;0;0;0;0;2000;766;1234;0,134986;0,134986;1,922964;1,910748;0,001976;0,58298;8;10;0;2000;0,58298;0,55349
Q_UNRESTRICTED/DESERT/20x20x5;Q-NEUTRAL;Q_UNRESTRICTED;0;A_UNRESTRICTED/DESERT/20x20x5;desert;20x20x5;20;5;20;2000;Gumin;simple-tiled-3d;8;821726287;1;2f752d6c334dd35a;1;0;0;0;0;2000;765;1235;0,133652;0,133652;1,924362;1,909147;0,004038;0,578745;8;10;0;2000;0,578745;0,549337
Q_UNRESTRICTED/DESERT/20x20x5;Q-NEUTRAL;Q_UNRESTRICTED;0;A_UNRESTRICTED/DESERT/20x20x5;desert;20x20x5;20;5;20;2000;Gumin;simple-tiled-3d;9;680128573;1;31eb0fcbb138c6ea;1;0;0;0;0;2000;763;1237;0,136255;0,136255;1,917876;1,897039;0,000824;0,584755;8;10;0;2000;0,584755;0,555163
Q_UNRESTRICTED/DESERT/20x20x5;Q-NEUTRAL;Q_UNRESTRICTED;0;A_UNRESTRICTED/DESERT/20x20x5;desert;20x20x5;20;5;20;2000;Gumin;simple-tiled-3d;10;1846628443;1;b69c657d1a67959b;1;0;0;0;0;2000;757;1243;0,126809;0,126809;1,937771;1,919578;0,003926;0,579276;8;10;0;2000;0,579276;0,550684
Q_UNRESTRICTED/DESERT/20x20x5;Q-NEUTRAL;Q_UNRESTRICTED;0;A_UNRESTRICTED/DESERT/20x20x5;desert;20x20x5;20;5;20;2000;Gumin;simple-tiled-3d;11;703550211;1;57a68a9fd9b12dd2;1;0;0;0;0;2000;774;1226;0,147661;0,147661;1,886937;1,876783;0,002428;0,580571;8;10;0;2000;0,580571;0,549408
Q_UNRESTRICTED/DESERT/20x20x5;Q-NEUTRAL;Q_UNRESTRICTED;0;A_UNRESTRICTED/DESERT/20x20x5;desert;20x20x5;20;5;20;2000;Gumin;simple-tiled-3d;12;304476431;1;0597a32eb059beb2;1;0;0;0;0;2000;724;1276;0,108667;0,108667;2,049098;1,99124;0,006605;0,564929;10;10;0;2000;0,564929;0,534969
Q_UNRESTRICTED/DESERT/20x20x5;Q-NEUTRAL;Q_UNRESTRICTED;0;A_UNRESTRICTED/DESERT/20x20x5;desert;20x20x5;20;5;20;2000;Gumin;simple-tiled-3d;13;1534097053;1;4aaff38175c52d3e;1;0;0;0;0;2000;775;1225;0,148311;0,148311;1,882711;1,870426;0,002094;0,586571;8;10;0;2000;0,586571;0,55602
Q_UNRESTRICTED/DESERT/20x20x5;Q-NEUTRAL;Q_UNRESTRICTED;0;A_UNRESTRICTED/DESERT/20x20x5;desert;20x20x5;20;5;20;2000;Gumin;simple-tiled-3d;14;682157303;1;f6732c3108acc304;1;0;0;0;0;2000;763;1237;0,148793;0,148793;1,870616;1,852299;0,000773;0,602469;8;10;0;2000;0,602469;0,572041
Q_UNRESTRICTED/DESERT/20x20x5;Q-NEUTRAL;Q_UNRESTRICTED;0;A_UNRESTRICTED/DESERT/20x20x5;desert;20x20x5;20;5;20;2000;Gumin;simple-tiled-3d;15;1140666768;1;7777f2b8b0430e5d;1;0;0;0;0;2000;779;1221;0,151878;0,151878;1,871253;1,865299;0,000464;0,581551;8;10;0;2000;0,581551;0,551531
Q_UNRESTRICTED/DESERT/20x20x5;Q-NEUTRAL;Q_UNRESTRICTED;0;A_UNRESTRICTED/DESERT/20x20x5;desert;20x20x5;20;5;20;2000;Gumin;simple-tiled-3d;16;1347841901;1;a67403cce716a398;1;0;0;0;0;2000;779;1221;0,154742;0,154742;1,862338;1,855318;0,000655;0,588316;8;10;0;2000;0,588316;0,556541
Q_UNRESTRICTED/DESERT/20x20x5;Q-NEUTRAL;Q_UNRESTRICTED;0;A_UNRESTRICTED/DESERT/20x20x5;desert;20x20x5;20;5;20;2000;Gumin;simple-tiled-3d;17;1528819429;1;fab9c123e84815cc;1;0;0;0;0;2000;775;1225;0,146354;0,146354;1,887755;1,870524;0,001419;0,581765;8;10;0;2000;0,581765;0,549194
Q_UNRESTRICTED/DESERT/20x20x5;Q-NEUTRAL;Q_UNRESTRICTED;0;A_UNRESTRICTED/DESERT/20x20x5;desert;20x20x5;20;5;20;2000;Gumin;simple-tiled-3d;18;928075925;1;3dbcdc21180b6013;1;0;0;0;0;2000;772;1228;0,150793;0,150793;1,868109;1,857839;0,001549;0,581592;8;10;0;2000;0,581592;0,549296
Q_UNRESTRICTED/DESERT/20x20x5;Q-NEUTRAL;Q_UNRESTRICTED;0;A_UNRESTRICTED/DESERT/20x20x5;desert;20x20x5;20;5;20;2000;Gumin;simple-tiled-3d;19;1907391853;1;17edf45d5f2b35e4;1;0;0;0;0;2000;766;1234;0,133886;0,133886;1,913768;1,904455;0,000175;0,582816;8;10;0;2000;0,582816;0,551102
Q_UNRESTRICTED/DESERT/20x20x5;Q-NEUTRAL;Q_UNRESTRICTED;0;A_UNRESTRICTED/DESERT/20x20x5;desert;20x20x5;20;5;20;2000;Gumin;simple-tiled-3d;20;1048581793;1;08cc2c95816329e4;1;0;0;0;0;2000;774;1226;0,143191;0,143191;1,896239;1,89116;0,000899;0,5765;8;10;0;2000;0,5765;0,546765
Q_UNRESTRICTED/DESERT/20x20x5;Q-NEUTRAL;Q_UNRESTRICTED;0;A_UNRESTRICTED/DESERT/20x20x5;desert;20x20x5;20;5;20;2000;Gumin;simple-tiled-3d;21;921304758;1;70daee55bba59388;1;0;0;0;0;2000;764;1236;0,146891;0,146891;1,881749;1,874681;0,00027;0,602051;8;10;0;2000;0,602051;0,573561
Q_UNRESTRICTED/DESERT/20x20x5;Q-NEUTRAL;Q_UNRESTRICTED;0;A_UNRESTRICTED/DESERT/20x20x5;desert;20x20x5;20;5;20;2000;Gumin;simple-tiled-3d;22;1290290045;1;919b7e39f9f77779;1;0;0;0;0;2000;761;1239;0,13623;0,13623;1,924398;1,916962;0,000785;0,588602;8;10;0;2000;0,588602;0,560092
Q_UNRESTRICTED/DESERT/20x20x5;Q-NEUTRAL;Q_UNRESTRICTED;0;A_UNRESTRICTED/DESERT/20x20x5;desert;20x20x5;20;5;20;2000;Gumin;simple-tiled-3d;23;495092737;1;3ca4eab50b4d4947;1;0;0;0;0;2000;770;1230;0,142392;0,142392;1,894589;1,887162;0,001446;0,576745;8;10;0;2000;0,576745;0,545031
Q_UNRESTRICTED/DESERT/20x20x5;Q-NEUTRAL;Q_UNRESTRICTED;0;A_UNRESTRICTED/DESERT/20x20x5;desert;20x20x5;20;5;20;2000;Gumin;simple-tiled-3d;24;1229857858;1;732434ff4f554c33;1;0;0;0;0;2000;744;1256;0,122656;0,122656;2,008327;1,959362;0,012643;0,573969;10;10;0;2000;0,573969;0,545561
Q_UNRESTRICTED/DESERT/20x20x5;Q-NEUTRAL;Q_UNRESTRICTED;0;A_UNRESTRICTED/DESERT/20x20x5;desert;20x20x5;20;5;20;2000;Gumin;simple-tiled-3d;25;490018340;1;e0684583ed92ea4e;1;0;0;0;0;2000;769;1231;0,137804;0,137804;1,898609;1,875355;0,002792;0,578245;8;10;0;2000;0,578245;0,546184
Q_UNRESTRICTED/DESERT/20x20x5;Q-NEUTRAL;Q_UNRESTRICTED;0;A_UNRESTRICTED/DESERT/20x20x5;desert;20x20x5;20;5;20;2000;Gumin;simple-tiled-3d;26;1948355050;1;16d76501e9dacac1;1;0;0;0;0;2000;764;1236;0,134908;0,134908;1,922394;1,899408;0,003609;0,571041;8;10;0;2000;0,571041;0,540959
Q_UNRESTRICTED/DESERT/20x20x5;Q-NEUTRAL;Q_UNRESTRICTED;0;A_UNRESTRICTED/DESERT/20x20x5;desert;20x20x5;20;5;20;2000;Gumin;simple-tiled-3d;27;1591083865;1;9298e3ab5b18d49d;1;0;0;0;0;2000;773;1227;0,149535;0,149535;1,866682;1,861073;0,000712;0,577459;8;10;0;2000;0,577459;0,543847
Q_UNRESTRICTED/DESERT/20x20x5;Q-NEUTRAL;Q_UNRESTRICTED;0;A_UNRESTRICTED/DESERT/20x20x5;desert;20x20x5;20;5;20;2000;Gumin;simple-tiled-3d;28;168741795;1;78cdbbd0db71b51c;1;0;0;0;0;2000;773;1227;0,141258;0,141258;1,899291;1,87967;0,001516;0,575959;8;10;0;2000;0,575959;0,542286
Q_UNRESTRICTED/DESERT/20x20x5;Q-NEUTRAL;Q_UNRESTRICTED;0;A_UNRESTRICTED/DESERT/20x20x5;desert;20x20x5;20;5;20;2000;Gumin;simple-tiled-3d;29;1570973254;1;65cb2303e5bcc28e;1;0;0;0;0;2000;763;1237;0,132487;0,132487;1,924241;1,907069;0,001139;0,575806;8;10;0;2000;0,575806;0,545071
Q_UNRESTRICTED/DESERT/20x20x5;Q-NEUTRAL;Q_UNRESTRICTED;0;A_UNRESTRICTED/DESERT/20x20x5;desert;20x20x5;20;5;20;2000;Gumin;simple-tiled-3d;30;694077576;1;9dae7a9b8a8c9e89;1;0;0;0;0;2000;691;1309;0,115474;0,115474;2,067491;2,004569;0,007357;0,593959;10;10;0;2000;0,593959;0,570755
Q_UNRESTRICTED/DESERT/20x20x5;Q-NEUTRAL;Q_UNRESTRICTED;0;A_UNRESTRICTED/DESERT/20x20x5;desert;20x20x5;20;5;20;2000;Gumin;simple-tiled-3d;31;518534954;1;ade1bc2c749742d8;1;0;0;0;0;2000;773;1227;0,147856;0,147856;1,871559;1,863303;0,000799;0,580602;8;10;0;2000;0,580602;0,548745
Q_UNRESTRICTED/DESERT/20x20x5;Q-NEUTRAL;Q_UNRESTRICTED;0;A_UNRESTRICTED/DESERT/20x20x5;desert;20x20x5;20;5;20;2000;Gumin;simple-tiled-3d;32;1884652669;1;389518cbcb8dbb9f;1;0;0;0;0;2000;716;1284;0,115634;0,115634;2,054599;1,970576;0,008733;0,572816;10;10;0;2000;0,572816;0,545102
Q_UNRESTRICTED/DESERT/20x20x5;Q-NEUTRAL;Q_UNRESTRICTED;0;A_UNRESTRICTED/DESERT/20x20x5;desert;20x20x5;20;5;20;2000;Gumin;simple-tiled-3d;33;1752895507;1;0a4c75c6dccde909;1;0;0;0;0;2000;747;1253;0,13603;0,13603;1,907313;1,88226;0,003615;0,583612;8;10;0;2000;0,583612;0,553122
Q_UNRESTRICTED/DESERT/20x20x5;Q-NEUTRAL;Q_UNRESTRICTED;0;A_UNRESTRICTED/DESERT/20x20x5;desert;20x20x5;20;5;20;2000;Gumin;simple-tiled-3d;34;49430134;1;61d45d835cca89b3;1;0;0;0;0;2000;777;1223;0,158209;0,158209;1,860016;1,83822;0,002403;0,600408;8;10;0;2000;0,600408;0,571306
Q_UNRESTRICTED/DESERT/20x20x5;Q-NEUTRAL;Q_UNRESTRICTED;0;A_UNRESTRICTED/DESERT/20x20x5;desert;20x20x5;20;5;20;2000;Gumin;simple-tiled-3d;35;1829492991;1;1bb750f84d60e0f0;1;0;0;0;0;2000;768;1232;0,140808;0,140808;1,906442;1,895441;0,000187;0,580847;8;10;0;2000;0,580847;0,551724
Q_UNRESTRICTED/DESERT/20x20x5;Q-NEUTRAL;Q_UNRESTRICTED;0;A_UNRESTRICTED/DESERT/20x20x5;desert;20x20x5;20;5;20;2000;Gumin;simple-tiled-3d;36;1595568359;1;fc9505bb948b8d53;1;0;0;0;0;2000;760;1240;0,132885;0,132885;1,920458;1,905629;0,002456;0,59049;8;10;0;2000;0,59049;0,561612
Q_UNRESTRICTED/DESERT/20x20x5;Q-NEUTRAL;Q_UNRESTRICTED;0;A_UNRESTRICTED/DESERT/20x20x5;desert;20x20x5;20;5;20;2000;Gumin;simple-tiled-3d;37;1680694322;1;1f22af9da0bba3fa;1;0;0;0;0;2000;759;1241;0,132289;0,132289;1,928736;1,904221;0,001017;0,573806;8;10;0;2000;0,573806;0,542867
Q_UNRESTRICTED/DESERT/20x20x5;Q-NEUTRAL;Q_UNRESTRICTED;0;A_UNRESTRICTED/DESERT/20x20x5;desert;20x20x5;20;5;20;2000;Gumin;simple-tiled-3d;38;1237002902;1;ff851336dc163341;1;0;0;0;0;2000;772;1228;0,1469;0,1469;1,891127;1,868358;0,001096;0,577061;8;10;0;2000;0,577061;0,545265
Q_UNRESTRICTED/DESERT/20x20x5;Q-NEUTRAL;Q_UNRESTRICTED;0;A_UNRESTRICTED/DESERT/20x20x5;desert;20x20x5;20;5;20;2000;Gumin;simple-tiled-3d;39;1972560416;1;f82b01b707f4ae1a;1;0;0;0;0;2000;770;1230;0,141313;0,141313;1,901278;1,896487;0,000581;0,57752;8;10;0;2000;0,57752;0,548092
Q_UNRESTRICTED/DESERT/20x20x5;Q-NEUTRAL;Q_UNRESTRICTED;0;A_UNRESTRICTED/DESERT/20x20x5;desert;20x20x5;20;5;20;2000;Gumin;simple-tiled-3d;40;1506581009;1;8a6ee5ffa7e9070c;1;0;0;0;0;2000;778;1222;0,152718;0,152718;1,871866;1,858363;0,001154;0,577398;8;10;0;2000;0,577398;0,546112
Q_UNRESTRICTED/DESERT/20x20x5;Q-NEUTRAL;Q_UNRESTRICTED;0;A_UNRESTRICTED/DESERT/20x20x5;desert;20x20x5;20;5;20;2000;Gumin;simple-tiled-3d;41;1349619519;1;dfedb26f937a8801;1;0;0;0;0;2000;784;1216;0,15961;0,15961;1,845105;1,836317;0,001656;0,583571;8;10;0;2000;0,583571;0,549878
Q_UNRESTRICTED/DESERT/20x20x5;Q-NEUTRAL;Q_UNRESTRICTED;0;A_UNRESTRICTED/DESERT/20x20x5;desert;20x20x5;20;5;20;2000;Gumin;simple-tiled-3d;42;2015551041;1;fccbb3f4bd5790a7;1;0;0;0;0;2000;755;1245;0,140722;0,140722;1,900682;1,881092;0,003762;0,587541;8;10;0;2000;0,587541;0,558204
Q_UNRESTRICTED/DESERT/20x20x5;Q-NEUTRAL;Q_UNRESTRICTED;0;A_UNRESTRICTED/DESERT/20x20x5;desert;20x20x5;20;5;20;2000;Gumin;simple-tiled-3d;43;1457742822;1;d442383cca689158;1;0;0;0;0;2000;780;1220;0,152719;0,152719;1,880693;1,870558;0,000216;0,587061;8;10;0;2000;0,587061;0,558694
Q_UNRESTRICTED/DESERT/20x20x5;Q-NEUTRAL;Q_UNRESTRICTED;0;A_UNRESTRICTED/DESERT/20x20x5;desert;20x20x5;20;5;20;2000;Gumin;simple-tiled-3d;44;2055525604;1;0abf0645f9fc175a;1;0;0;0;0;2000;775;1225;0,148324;0,148324;1,883521;1,88014;0,000474;0,573316;8;10;0;2000;0,573316;0,543092
Q_UNRESTRICTED/DESERT/20x20x5;Q-NEUTRAL;Q_UNRESTRICTED;0;A_UNRESTRICTED/DESERT/20x20x5;desert;20x20x5;20;5;20;2000;Gumin;simple-tiled-3d;45;1325278044;1;43c20e9a64f0f5bb;1;0;0;0;0;2000;766;1234;0,135208;0,135208;1,920762;1,908926;0,000461;0,579357;8;10;0;2000;0,579357;0,549296
Q_UNRESTRICTED/DESERT/20x20x5;Q-NEUTRAL;Q_UNRESTRICTED;0;A_UNRESTRICTED/DESERT/20x20x5;desert;20x20x5;20;5;20;2000;Gumin;simple-tiled-3d;46;747893637;1;4ba739b6fbab7c54;1;0;0;0;0;2000;772;1228;0,1413;0,1413;1,894265;1,861662;0,003023;0,577684;8;10;0;2000;0,577684;0,546133
Q_UNRESTRICTED/DESERT/20x20x5;Q-NEUTRAL;Q_UNRESTRICTED;0;A_UNRESTRICTED/DESERT/20x20x5;desert;20x20x5;20;5;20;2000;Gumin;simple-tiled-3d;47;94510420;1;d5639f67c5ba6ef1;1;0;0;0;0;2000;747;1253;0,12936;0,12936;1,935932;1,917084;0,004034;0,582122;8;10;0;2000;0,582122;0,552592
Q_UNRESTRICTED/DESERT/20x20x5;Q-NEUTRAL;Q_UNRESTRICTED;0;A_UNRESTRICTED/DESERT/20x20x5;desert;20x20x5;20;5;20;2000;Gumin;simple-tiled-3d;48;1108457887;1;1f9c2e127fbdceeb;1;0;0;0;0;2000;770;1230;0,142042;0,142042;1,902275;1,884918;0,000619;0,58098;8;10;0;2000;0,58098;0,551388
Q_UNRESTRICTED/DESERT/20x20x5;Q-NEUTRAL;Q_UNRESTRICTED;0;A_UNRESTRICTED/DESERT/20x20x5;desert;20x20x5;20;5;20;2000;Gumin;simple-tiled-3d;49;199442073;1;d1b4bfadf4941353;1;0;0;0;0;2000;771;1229;0,138644;0,138644;1,903448;1,890387;0,000789;0,586612;8;10;0;2000;0,586612;0,556837
Q_UNRESTRICTED/DESERT/20x20x5;Q-NEUTRAL;Q_UNRESTRICTED;0;A_UNRESTRICTED/DESERT/20x20x5;desert;20x20x5;20;5;20;2000;DeBroglie;matched;0;645866343;1;a73e9283ad6ab5c7;1;0;0;0;0;2000;775;1225;0,148351;0,148351;1,88555;1,86754;0,00226;0,584194;8;10;0;2000;0,584194;0,553398
Q_UNRESTRICTED/DESERT/20x20x5;Q-NEUTRAL;Q_UNRESTRICTED;0;A_UNRESTRICTED/DESERT/20x20x5;desert;20x20x5;20;5;20;2000;DeBroglie;matched;1;189222841;1;b143a4a694eb46f2;1;0;0;0;0;2000;766;1234;0,145147;0,145147;1,888791;1,879104;0,002198;0,596276;8;10;0;2000;0,596276;0,566765
Q_UNRESTRICTED/DESERT/20x20x5;Q-NEUTRAL;Q_UNRESTRICTED;0;A_UNRESTRICTED/DESERT/20x20x5;desert;20x20x5;20;5;20;2000;DeBroglie;matched;2;1148817195;1;ba47d767aa9fc732;1;0;0;0;0;2000;781;1219;0,15386;0,15386;1,86344;1,846414;0,002289;0,591827;8;10;0;2000;0,591827;0,55899
Q_UNRESTRICTED/DESERT/20x20x5;Q-NEUTRAL;Q_UNRESTRICTED;0;A_UNRESTRICTED/DESERT/20x20x5;desert;20x20x5;20;5;20;2000;DeBroglie;matched;3;755717477;1;86ed0057f23e4e47;1;0;0;0;0;2000;759;1241;0,128833;0,128833;1,936496;1,92666;0,001591;0,583786;8;10;0;2000;0,583786;0,55352
Q_UNRESTRICTED/DESERT/20x20x5;Q-NEUTRAL;Q_UNRESTRICTED;0;A_UNRESTRICTED/DESERT/20x20x5;desert;20x20x5;20;5;20;2000;DeBroglie;matched;4;94896188;1;b458a1da854c1b24;1;0;0;0;0;2000;778;1222;0,150333;0,150333;1,875942;1,852864;0,003768;0,594327;8;10;0;2000;0,594327;0,564122
Q_UNRESTRICTED/DESERT/20x20x5;Q-NEUTRAL;Q_UNRESTRICTED;0;A_UNRESTRICTED/DESERT/20x20x5;desert;20x20x5;20;5;20;2000;DeBroglie;matched;5;999124217;1;a8d73484c4d1c979;1;0;0;0;0;2000;771;1229;0,141529;0,141529;1,893921;1,887623;0,000438;0,582918;8;10;0;2000;0,582918;0,551184
Q_UNRESTRICTED/DESERT/20x20x5;Q-NEUTRAL;Q_UNRESTRICTED;0;A_UNRESTRICTED/DESERT/20x20x5;desert;20x20x5;20;5;20;2000;DeBroglie;matched;6;1731417192;1;ad8c26593d2d76e6;1;0;0;0;0;2000;769;1231;0,136964;0,136964;1,904151;1,871986;0,000875;0,573816;8;10;0;2000;0,573816;0,54198
Q_UNRESTRICTED/DESERT/20x20x5;Q-NEUTRAL;Q_UNRESTRICTED;0;A_UNRESTRICTED/DESERT/20x20x5;desert;20x20x5;20;5;20;2000;DeBroglie;matched;7;595015238;1;1aa50a71f74e8003;1;0;0;0;0;2000;770;1230;0,13973;0,13973;1,901899;1,885694;0,000654;0,575398;8;10;0;2000;0,575398;0,541867
Q_UNRESTRICTED/DESERT/20x20x5;Q-NEUTRAL;Q_UNRESTRICTED;0;A_UNRESTRICTED/DESERT/20x20x5;desert;20x20x5;20;5;20;2000;DeBroglie;matched;8;821726287;1;94aa8b90031ae7b4;1;0;0;0;0;2000;772;1228;0,145174;0,145174;1,885526;1,878537;0,002048;0,589663;8;10;0;2000;0,589663;0,55948
Q_UNRESTRICTED/DESERT/20x20x5;Q-NEUTRAL;Q_UNRESTRICTED;0;A_UNRESTRICTED/DESERT/20x20x5;desert;20x20x5;20;5;20;2000;DeBroglie;matched;9;680128573;1;079b83c1a9911300;1;0;0;0;0;2000;764;1236;0,138978;0,138978;1,909691;1,905532;0,000549;0,578969;8;10;0;2000;0,578969;0,548582
Q_UNRESTRICTED/DESERT/20x20x5;Q-NEUTRAL;Q_UNRESTRICTED;0;A_UNRESTRICTED/DESERT/20x20x5;desert;20x20x5;20;5;20;2000;DeBroglie;matched;10;1846628443;1;6254e140c160bf19;1;0;0;0;0;2000;780;1220;0,156467;0,156467;1,867921;1,852855;0,003464;0,586663;8;10;0;2000;0,586663;0,553969
Q_UNRESTRICTED/DESERT/20x20x5;Q-NEUTRAL;Q_UNRESTRICTED;0;A_UNRESTRICTED/DESERT/20x20x5;desert;20x20x5;20;5;20;2000;DeBroglie;matched;11;703550211;1;32a1954f1f9d9526;1;0;0;0;0;2000;772;1228;0,145282;0,145282;1,894645;1,881453;0,000585;0,581827;8;10;0;2000;0,581827;0,5485
Q_UNRESTRICTED/DESERT/20x20x5;Q-NEUTRAL;Q_UNRESTRICTED;0;A_UNRESTRICTED/DESERT/20x20x5;desert;20x20x5;20;5;20;2000;DeBroglie;matched;12;304476431;1;b49484a058758652;1;0;0;0;0;2000;770;1230;0,140039;0,140039;1,903302;1,895554;0,000348;0,573969;8;10;0;2000;0,573969;0,541643
Q_UNRESTRICTED/DESERT/20x20x5;Q-NEUTRAL;Q_UNRESTRICTED;0;A_UNRESTRICTED/DESERT/20x20x5;desert;20x20x5;20;5;20;2000;DeBroglie;matched;13;1534097053;1;4726fd4e4b6e024b;1;0;0;0;0;2000;777;1223;0,146918;0,146918;1,880801;1,870819;0,000248;0,588388;8;10;0;2000;0,588388;0,554388
Q_UNRESTRICTED/DESERT/20x20x5;Q-NEUTRAL;Q_UNRESTRICTED;0;A_UNRESTRICTED/DESERT/20x20x5;desert;20x20x5;20;5;20;2000;DeBroglie;matched;14;682157303;1;46cae94c10b725b6;1;0;0;0;0;2000;766;1234;0,13938;0,13938;1,906924;1,89806;0,000727;0,594633;8;10;0;2000;0,594633;0,56498
Q_UNRESTRICTED/DESERT/20x20x5;Q-NEUTRAL;Q_UNRESTRICTED;0;A_UNRESTRICTED/DESERT/20x20x5;desert;20x20x5;20;5;20;2000;DeBroglie;matched;15;1140666768;1;68879224f61cff9c;1;0;0;0;0;2000;767;1233;0,133697;0,133697;1,91567;1,900561;0,000365;0,584388;8;10;0;2000;0,584388;0,553224
Q_UNRESTRICTED/DESERT/20x20x5;Q-NEUTRAL;Q_UNRESTRICTED;0;A_UNRESTRICTED/DESERT/20x20x5;desert;20x20x5;20;5;20;2000;DeBroglie;matched;16;1347841901;1;a35a43992adbbac5;1;0;0;0;0;2000;759;1241;0,127657;0,127657;1,941316;1,922808;0,003268;0,576592;8;10;0;2000;0,576592;0,548265
Q_UNRESTRICTED/DESERT/20x20x5;Q-NEUTRAL;Q_UNRESTRICTED;0;A_UNRESTRICTED/DESERT/20x20x5;desert;20x20x5;20;5;20;2000;DeBroglie;matched;17;1528819429;1;4c3aa95767cdfa27;1;0;0;0;0;2000;755;1245;0,130536;0,130536;1,915828;1,891128;0,002273;0,584469;8;10;0;2000;0,584469;0,553898
Q_UNRESTRICTED/DESERT/20x20x5;Q-NEUTRAL;Q_UNRESTRICTED;0;A_UNRESTRICTED/DESERT/20x20x5;desert;20x20x5;20;5;20;2000;DeBroglie;matched;18;928075925;1;584e745dfe833d6a;1;0;0;0;0;2000;763;1237;0,144869;0,144869;1,888126;1,885517;0,00018;0,587755;8;10;0;2000;0,587755;0,558327
Q_UNRESTRICTED/DESERT/20x20x5;Q-NEUTRAL;Q_UNRESTRICTED;0;A_UNRESTRICTED/DESERT/20x20x5;desert;20x20x5;20;5;20;2000;DeBroglie;matched;19;1907391853;1;7c540e618878af48;1;0;0;0;0;2000;770;1230;0,140261;0,140261;1,908989;1,898832;0,000538;0,571378;8;10;0;2000;0,571378;0,53848
Q_UNRESTRICTED/DESERT/20x20x5;Q-NEUTRAL;Q_UNRESTRICTED;0;A_UNRESTRICTED/DESERT/20x20x5;desert;20x20x5;20;5;20;2000;DeBroglie;matched;20;1048581793;1;51567edb31d349f1;1;0;0;0;0;2000;775;1225;0,144211;0,144211;1,893395;1,882216;0,001309;0,583969;8;10;0;2000;0,583969;0,551929
Q_UNRESTRICTED/DESERT/20x20x5;Q-NEUTRAL;Q_UNRESTRICTED;0;A_UNRESTRICTED/DESERT/20x20x5;desert;20x20x5;20;5;20;2000;DeBroglie;matched;21;921304758;1;a1341c991d0a0628;1;0;0;0;0;2000;772;1228;0,14046;0,14046;1,906526;1,897923;0,002808;0,583571;8;10;0;2000;0,583571;0,552204
Q_UNRESTRICTED/DESERT/20x20x5;Q-NEUTRAL;Q_UNRESTRICTED;0;A_UNRESTRICTED/DESERT/20x20x5;desert;20x20x5;20;5;20;2000;DeBroglie;matched;22;1290290045;1;d9c963976b3316e7;1;0;0;0;0;2000;772;1228;0,143349;0,143349;1,893679;1,885448;0,000361;0,577551;8;10;0;2000;0,577551;0,543265
Q_UNRESTRICTED/DESERT/20x20x5;Q-NEUTRAL;Q_UNRESTRICTED;0;A_UNRESTRICTED/DESERT/20x20x5;desert;20x20x5;20;5;20;2000;DeBroglie;matched;23;495092737;1;14088d16625fdfc8;1;0;0;0;0;2000;779;1221;0,151081;0,151081;1,875362;1,858144;0,001871;0,579837;8;10;0;2000;0,579837;0,545898
Q_UNRESTRICTED/DESERT/20x20x5;Q-NEUTRAL;Q_UNRESTRICTED;0;A_UNRESTRICTED/DESERT/20x20x5;desert;20x20x5;20;5;20;2000;DeBroglie;matched;24;1229857858;1;f220c910cf45b5be;1;0;0;0;0;2000;764;1236;0,156207;0,156207;1,85518;1,839449;0,003397;0,599827;8;10;0;2000;0,599827;0,570908
Q_UNRESTRICTED/DESERT/20x20x5;Q-NEUTRAL;Q_UNRESTRICTED;0;A_UNRESTRICTED/DESERT/20x20x5;desert;20x20x5;20;5;20;2000;DeBroglie;matched;25;490018340;1;7546410c30f62f31;1;0;0;0;0;2000;771;1229;0,139023;0,139023;1,91047;1,895573;0,00092;0,573602;8;10;0;2000;0,573602;0,542439
Q_UNRESTRICTED/DESERT/20x20x5;Q-NEUTRAL;Q_UNRESTRICTED;0;A_UNRESTRICTED/DESERT/20x20x5;desert;20x20x5;20;5;20;2000;DeBroglie;matched;26;1948355050;1;9edd6be61e3e2d08;1;0;0;0;0;2000;783;1217;0,157891;0,157891;1,856696;1,843212;0,002138;0,580347;8;10;0;2000;0,580347;0,548776
Q_UNRESTRICTED/DESERT/20x20x5;Q-NEUTRAL;Q_UNRESTRICTED;0;A_UNRESTRICTED/DESERT/20x20x5;desert;20x20x5;20;5;20;2000;DeBroglie;matched;27;1591083865;1;d1d876376ed0b76b;1;0;0;0;0;2000;774;1226;0,144164;0,144164;1,886482;1,870844;0,000159;0,580061;8;10;0;2000;0,580061;0,547388
Q_UNRESTRICTED/DESERT/20x20x5;Q-NEUTRAL;Q_UNRESTRICTED;0;A_UNRESTRICTED/DESERT/20x20x5;desert;20x20x5;20;5;20;2000;DeBroglie;matched;28;168741795;1;27e1cad5991a9a98;1;0;0;0;0;2000;777;1223;0,150334;0,150334;1,886158;1,866274;0,003415;0,58299;8;10;0;2000;0,58299;0,552214
Q_UNRESTRICTED/DESERT/20x20x5;Q-NEUTRAL;Q_UNRESTRICTED;0;A_UNRESTRICTED/DESERT/20x20x5;desert;20x20x5;20;5;20;2000;DeBroglie;matched;29;1570973254;1;13baae4e2606da6d;1;0;0;0;0;2000;781;1219;0,153369;0,153369;1,85754;1,836065;0,005021;0,585347;8;10;0;2000;0,585347;0,551918
Q_UNRESTRICTED/DESERT/20x20x5;Q-NEUTRAL;Q_UNRESTRICTED;0;A_UNRESTRICTED/DESERT/20x20x5;desert;20x20x5;20;5;20;2000;DeBroglie;matched;30;694077576;1;bb524e9f03336528;1;0;0;0;0;2000;773;1227;0,14439;0,14439;1,892091;1,881767;0,000395;0,581939;8;10;0;2000;0,581939;0,550061
Q_UNRESTRICTED/DESERT/20x20x5;Q-NEUTRAL;Q_UNRESTRICTED;0;A_UNRESTRICTED/DESERT/20x20x5;desert;20x20x5;20;5;20;2000;DeBroglie;matched;31;518534954;1;6c58701e50f5e0cb;1;0;0;0;0;2000;771;1229;0,141005;0,141005;1,899824;1,892373;0,000502;0,580224;8;10;0;2000;0,580224;0,549878
Q_UNRESTRICTED/DESERT/20x20x5;Q-NEUTRAL;Q_UNRESTRICTED;0;A_UNRESTRICTED/DESERT/20x20x5;desert;20x20x5;20;5;20;2000;DeBroglie;matched;32;1884652669;1;e0fc1719a8ca537d;1;0;0;0;0;2000;776;1224;0,148487;0,148487;1,879928;1,868619;0,001097;0,573602;8;10;0;2000;0,573602;0,539806
Q_UNRESTRICTED/DESERT/20x20x5;Q-NEUTRAL;Q_UNRESTRICTED;0;A_UNRESTRICTED/DESERT/20x20x5;desert;20x20x5;20;5;20;2000;DeBroglie;matched;33;1752895507;1;872dd3236ef63b14;1;0;0;0;0;2000;763;1237;0,134551;0,134551;1,914212;1,907059;0,000534;0,587908;8;10;0;2000;0,587908;0,557296
Q_UNRESTRICTED/DESERT/20x20x5;Q-NEUTRAL;Q_UNRESTRICTED;0;A_UNRESTRICTED/DESERT/20x20x5;desert;20x20x5;20;5;20;2000;DeBroglie;matched;34;49430134;1;5afed95825977fcb;1;0;0;0;0;2000;759;1241;0,134803;0,134803;1,923719;1,919461;0,001044;0,583908;8;10;0;2000;0,583908;0,555214
Q_UNRESTRICTED/DESERT/20x20x5;Q-NEUTRAL;Q_UNRESTRICTED;0;A_UNRESTRICTED/DESERT/20x20x5;desert;20x20x5;20;5;20;2000;DeBroglie;matched;35;1829492991;1;cb3425211d4b2242;1;0;0;0;0;2000;768;1232;0,138153;0,138153;1,903883;1,89736;0,000347;0,577765;8;10;0;2000;0,577765;0,544398
Q_UNRESTRICTED/DESERT/20x20x5;Q-NEUTRAL;Q_UNRESTRICTED;0;A_UNRESTRICTED/DESERT/20x20x5;desert;20x20x5;20;5;20;2000;DeBroglie;matched;36;1595568359;1;232874dcbedef3d5;1;0;0;0;0;2000;772;1228;0,147835;0,147835;1,886253;1,861933;0,004893;0,578551;8;10;0;2000;0,578551;0,546755
Q_UNRESTRICTED/DESERT/20x20x5;Q-NEUTRAL;Q_UNRESTRICTED;0;A_UNRESTRICTED/DESERT/20x20x5;desert;20x20x5;20;5;20;2000;DeBroglie;matched;37;1680694322;1;6a94e9124f51162a;1;0;0;0;0;2000;763;1237;0,145064;0,145064;1,888914;1,881013;0,000569;0,590163;8;10;0;2000;0,590163;0,563306
Q_UNRESTRICTED/DESERT/20x20x5;Q-NEUTRAL;Q_UNRESTRICTED;0;A_UNRESTRICTED/DESERT/20x20x5;desert;20x20x5;20;5;20;2000;DeBroglie;matched;38;1237002902;1;032e1780311ca022;1;0;0;0;0;2000;764;1236;0,141664;0,141664;1,90338;1,895137;0,000905;0,575755;8;10;0;2000;0,575755;0,543918
Q_UNRESTRICTED/DESERT/20x20x5;Q-NEUTRAL;Q_UNRESTRICTED;0;A_UNRESTRICTED/DESERT/20x20x5;desert;20x20x5;20;5;20;2000;DeBroglie;matched;39;1972560416;1;63db9648f18367a3;1;0;0;0;0;2000;779;1221;0,15093;0,15093;1,876835;1,867628;0,001403;0,585092;8;10;0;2000;0,585092;0,552949
Q_UNRESTRICTED/DESERT/20x20x5;Q-NEUTRAL;Q_UNRESTRICTED;0;A_UNRESTRICTED/DESERT/20x20x5;desert;20x20x5;20;5;20;2000;DeBroglie;matched;40;1506581009;1;285a56a4afda71e8;1;0;0;0;0;2000;774;1226;0,146776;0,146776;1,885139;1,875647;0,000355;0,579082;8;10;0;2000;0,579082;0,547633
Q_UNRESTRICTED/DESERT/20x20x5;Q-NEUTRAL;Q_UNRESTRICTED;0;A_UNRESTRICTED/DESERT/20x20x5;desert;20x20x5;20;5;20;2000;DeBroglie;matched;41;1349619519;1;ecffb43689edcfed;1;0;0;0;0;2000;779;1221;0,149918;0,149918;1,873443;1,859256;0,000369;0,587306;8;10;0;2000;0,587306;0,553918
Q_UNRESTRICTED/DESERT/20x20x5;Q-NEUTRAL;Q_UNRESTRICTED;0;A_UNRESTRICTED/DESERT/20x20x5;desert;20x20x5;20;5;20;2000;DeBroglie;matched;42;2015551041;1;5877c86b027fd418;1;0;0;0;0;2000;782;1218;0,158008;0,158008;1,846979;1,824129;0,002981;0,582755;8;10;0;2000;0,582755;0,549429
Q_UNRESTRICTED/DESERT/20x20x5;Q-NEUTRAL;Q_UNRESTRICTED;0;A_UNRESTRICTED/DESERT/20x20x5;desert;20x20x5;20;5;20;2000;DeBroglie;matched;43;1457742822;1;f4205f3a124343a8;1;0;0;0;0;2000;774;1226;0,157478;0,157478;1,849963;1,832275;0,002616;0,590857;8;10;0;2000;0,590857;0,559694
Q_UNRESTRICTED/DESERT/20x20x5;Q-NEUTRAL;Q_UNRESTRICTED;0;A_UNRESTRICTED/DESERT/20x20x5;desert;20x20x5;20;5;20;2000;DeBroglie;matched;44;2055525604;1;cc6a897ebc68ce20;1;0;0;0;0;2000;775;1225;0,151682;0,151682;1,870471;1,865476;0,001443;0,584235;8;10;0;2000;0,584235;0,553173
Q_UNRESTRICTED/DESERT/20x20x5;Q-NEUTRAL;Q_UNRESTRICTED;0;A_UNRESTRICTED/DESERT/20x20x5;desert;20x20x5;20;5;20;2000;DeBroglie;matched;45;1325278044;1;892006342813cc51;1;0;0;0;0;2000;779;1221;0,154841;0,154841;1,85774;1,846563;0,001668;0,582408;8;10;0;2000;0,582408;0,549122
Q_UNRESTRICTED/DESERT/20x20x5;Q-NEUTRAL;Q_UNRESTRICTED;0;A_UNRESTRICTED/DESERT/20x20x5;desert;20x20x5;20;5;20;2000;DeBroglie;matched;46;747893637;1;9b56e3661f08484e;1;0;0;0;0;2000;776;1224;0,145028;0,145028;1,894419;1,882225;0,00215;0,585235;8;10;0;2000;0,585235;0,554969
Q_UNRESTRICTED/DESERT/20x20x5;Q-NEUTRAL;Q_UNRESTRICTED;0;A_UNRESTRICTED/DESERT/20x20x5;desert;20x20x5;20;5;20;2000;DeBroglie;matched;47;94510420;1;6a2a6330be87c596;1;0;0;0;0;2000;775;1225;0,144217;0,144217;1,892372;1,875384;0,000019;0,574776;8;10;0;2000;0,574776;0,54398
Q_UNRESTRICTED/DESERT/20x20x5;Q-NEUTRAL;Q_UNRESTRICTED;0;A_UNRESTRICTED/DESERT/20x20x5;desert;20x20x5;20;5;20;2000;DeBroglie;matched;48;1108457887;1;6540809f2bf0caba;1;0;0;0;0;2000;771;1229;0,148441;0,148441;1,883065;1,868654;0,003593;0,578643;8;10;0;2000;0,578643;0,547316
Q_UNRESTRICTED/DESERT/20x20x5;Q-NEUTRAL;Q_UNRESTRICTED;0;A_UNRESTRICTED/DESERT/20x20x5;desert;20x20x5;20;5;20;2000;DeBroglie;matched;49;199442073;1;a7cf9627d8915da3;1;0;0;0;0;2000;777;1223;0,147899;0,147899;1,877494;1,868234;0,000522;0,587235;8;10;0;2000;0,587235;0,554378
Q_UNRESTRICTED/DESERT/30x30x5;Q-NEUTRAL;Q_UNRESTRICTED;0;A_UNRESTRICTED/DESERT/30x30x5;desert;30x30x5;30;5;30;4500;ThisWork;heap;0;509455268;1;46feb0bddf5c1608;1;0;0;0;0;4500;1735;2765;0,144925;0,144925;1,891473;1,886356;0,000748;0,578735;8;10;0;4500;0,578735;0,548186
Q_UNRESTRICTED/DESERT/30x30x5;Q-NEUTRAL;Q_UNRESTRICTED;0;A_UNRESTRICTED/DESERT/30x30x5;desert;30x30x5;30;5;30;4500;ThisWork;heap;1;110863387;1;3b723dfc42f66b61;1;0;0;0;0;4500;1733;2767;0,142115;0,142115;1,902462;1,894845;0,001282;0,572508;8;10;0;4500;0,572508;0,54127
Q_UNRESTRICTED/DESERT/30x30x5;Q-NEUTRAL;Q_UNRESTRICTED;0;A_UNRESTRICTED/DESERT/30x30x5;desert;30x30x5;30;5;30;4500;ThisWork;heap;2;271563477;1;13dd2fb89eeda6bf;1;0;0;0;0;4500;1749;2751;0,151351;0,151351;1,873825;1,86801;0,001125;0,581125;8;10;0;4500;0,581125;0,550041
Q_UNRESTRICTED/DESERT/30x30x5;Q-NEUTRAL;Q_UNRESTRICTED;0;A_UNRESTRICTED/DESERT/30x30x5;desert;30x30x5;30;5;30;4500;ThisWork;heap;3;1096901077;1;cd044e34c4549382;1;0;0;0;0;4500;1744;2756;0,147598;0,147598;1,888459;1,883141;0,000591;0,576531;8;10;0;4500;0,576531;0,544912
Q_UNRESTRICTED/DESERT/30x30x5;Q-NEUTRAL;Q_UNRESTRICTED;0;A_UNRESTRICTED/DESERT/30x30x5;desert;30x30x5;30;5;30;4500;ThisWork;heap;4;1616871339;1;f45d43f26eb4d794;1;0;0;0;0;4500;1735;2765;0,149065;0,149065;1,880083;1,876347;0,000722;0,58517;8;10;0;4500;0,58517;0,55385
Q_UNRESTRICTED/DESERT/30x30x5;Q-NEUTRAL;Q_UNRESTRICTED;0;A_UNRESTRICTED/DESERT/30x30x5;desert;30x30x5;30;5;30;4500;ThisWork;heap;5;112371212;1;117d060a2d8eb905;1;0;0;0;0;4500;1731;2769;0,14313;0,14313;1,893452;1,888084;0,000263;0,578073;8;10;0;4500;0,578073;0,547188
Q_UNRESTRICTED/DESERT/30x30x5;Q-NEUTRAL;Q_UNRESTRICTED;0;A_UNRESTRICTED/DESERT/30x30x5;desert;30x30x5;30;5;30;4500;ThisWork;heap;6;836639089;1;8a6fcc1847851d48;1;0;0;0;0;4500;1736;2764;0,144347;0,144347;1,892718;1,881243;0,000493;0,580295;8;10;0;4500;0,580295;0,549211
Q_UNRESTRICTED/DESERT/30x30x5;Q-NEUTRAL;Q_UNRESTRICTED;0;A_UNRESTRICTED/DESERT/30x30x5;desert;30x30x5;30;5;30;4500;ThisWork;heap;7;1465071106;1;2b1f31ec1e6436f4;1;0;0;0;0;4500;1742;2758;0,147544;0,147544;1,88903;1,885643;0,000079;0,578685;8;10;0;4500;0,578685;0,547465
Q_UNRESTRICTED/DESERT/30x30x5;Q-NEUTRAL;Q_UNRESTRICTED;0;A_UNRESTRICTED/DESERT/30x30x5;desert;30x30x5;30;5;30;4500;ThisWork;heap;8;292549687;1;15d628f65fcfb057;1;0;0;0;0;4500;1750;2750;0,148895;0,148895;1,878595;1,872047;0,00145;0,575746;8;10;0;4500;0,575746;0,542703
Q_UNRESTRICTED/DESERT/30x30x5;Q-NEUTRAL;Q_UNRESTRICTED;0;A_UNRESTRICTED/DESERT/30x30x5;desert;30x30x5;30;5;30;4500;ThisWork;heap;9;1523540701;1;0235a64647395d50;1;0;0;0;0;4500;1630;2870;0,112553;0,112553;2,043487;2,011253;0,00524;0,579315;10;10;0;4500;0,579315;0,552603
Q_UNRESTRICTED/DESERT/30x30x5;Q-NEUTRAL;Q_UNRESTRICTED;0;A_UNRESTRICTED/DESERT/30x30x5;desert;30x30x5;30;5;30;4500;ThisWork;heap;10;400805855;1;ea3d0162c2638a20;1;0;0;0;0;4500;1739;2761;0,140537;0,140537;1,902867;1,893891;0,001215;0,574313;8;10;0;4500;0,574313;0,542249
Q_UNRESTRICTED/DESERT/30x30x5;Q-NEUTRAL;Q_UNRESTRICTED;0;A_UNRESTRICTED/DESERT/30x30x5;desert;30x30x5;30;5;30;4500;ThisWork;heap;11;961759538;1;4467ea55b8ff2915;1;0;0;0;0;4500;1728;2772;0,14198;0,14198;1,896506;1,889309;0,001035;0,575429;8;10;0;4500;0,575429;0,543909
Q_UNRESTRICTED/DESERT/30x30x5;Q-NEUTRAL;Q_UNRESTRICTED;0;A_UNRESTRICTED/DESERT/30x30x5;desert;30x30x5;30;5;30;4500;ThisWork;heap;12;1063285706;1;b2e02341eb78fd5a;1;0;0;0;0;4500;1737;2763;0,1417;0,1417;1,902137;1,89723;0,000217;0,578612;8;10;0;4500;0,578612;0,547909
Q_UNRESTRICTED/DESERT/30x30x5;Q-NEUTRAL;Q_UNRESTRICTED;0;A_UNRESTRICTED/DESERT/30x30x5;desert;30x30x5;30;5;30;4500;ThisWork;heap;13;1761833190;1;d855cb380dbfc90e;1;0;0;0;0;4500;1729;2771;0,137615;0,137615;1,912488;1,905599;0,000446;0,582635;8;10;0;4500;0,582635;0,552649
Q_UNRESTRICTED/DESERT/30x30x5;Q-NEUTRAL;Q_UNRESTRICTED;0;A_UNRESTRICTED/DESERT/30x30x5;desert;30x30x5;30;5;30;4500;ThisWork;heap;14;259867907;1;8d1ed5aeab64db12;1;0;0;0;0;4500;1740;2760;0,144265;0,144265;1,897863;1,890492;0,000337;0,580812;8;10;0;4500;0,580812;0,549093
Q_UNRESTRICTED/DESERT/30x30x5;Q-NEUTRAL;Q_UNRESTRICTED;0;A_UNRESTRICTED/DESERT/30x30x5;desert;30x30x5;30;5;30;4500;ThisWork;heap;15;909420092;1;95555bfc99c36b1b;1;0;0;0;0;4500;1722;2778;0,136754;0,136754;1,918011;1,915092;0,000381;0,580345;8;10;0;4500;0,580345;0,550177
Q_UNRESTRICTED/DESERT/30x30x5;Q-NEUTRAL;Q_UNRESTRICTED;0;A_UNRESTRICTED/DESERT/30x30x5;desert;30x30x5;30;5;30;4500;ThisWork;heap;16;423103977;1;c1514dae63f7bce8;1;0;0;0;0;4500;1637;2863;0,115224;0,115224;2,028416;2,006049;0,007526;0,562517;10;10;0;4500;0,562517;0,534009
Q_UNRESTRICTED/DESERT/30x30x5;Q-NEUTRAL;Q_UNRESTRICTED;0;A_UNRESTRICTED/DESERT/30x30x5;desert;30x30x5;30;5;30;4500;ThisWork;heap;17;1597981199;1;a2d2846e891e4396;1;0;0;0;0;4500;1727;2773;0,144458;0,144458;1,895661;1,892458;0,000558;0,579741;8;10;0;4500;0,579741;0,549338
Q_UNRESTRICTED/DESERT/30x30x5;Q-NEUTRAL;Q_UNRESTRICTED;0;A_UNRESTRICTED/DESERT/30x30x5;desert;30x30x5;30;5;30;4500;ThisWork;heap;18;575880980;1;5a87cb415e61bb8f;1;0;0;0;0;4500;1739;2761;0,145028;0,145028;1,897377;1,89345;0,000357;0,58342;8;10;0;4500;0,58342;0,552218
Q_UNRESTRICTED/DESERT/30x30x5;Q-NEUTRAL;Q_UNRESTRICTED;0;A_UNRESTRICTED/DESERT/30x30x5;desert;30x30x5;30;5;30;4500;ThisWork;heap;19;228847882;1;156ebb6f1cc3f2bf;1;0;0;0;0;4500;1731;2769;0,142031;0,142031;1,898913;1,893595;0,000752;0,573923;8;10;0;4500;0,573923;0,542893
Q_UNRESTRICTED/DESERT/30x30x5;Q-NEUTRAL;Q_UNRESTRICTED;0;A_UNRESTRICTED/DESERT/30x30x5;desert;30x30x5;30;5;30;4500;ThisWork;heap;20;1195700391;1;0a58ffdf6d090892;1;0;0;0;0;4500;1751;2749;0,149729;0,149729;1,884432;1,881533;0,000386;0,577324;8;10;0;4500;0,577324;0,545633
Q_UNRESTRICTED/DESERT/30x30x5;Q-NEUTRAL;Q_UNRESTRICTED;0;A_UNRESTRICTED/DESERT/30x30x5;desert;30x30x5;30;5;30;4500;ThisWork;heap;21;1731799702;1;a65f1e26bc1b7082;1;0;0;0;0;4500;1726;2774;0,144927;0,144927;1,89454;1,89286;0,000123;0,577365;8;10;0;4500;0,577365;0,545392
Q_UNRESTRICTED/DESERT/30x30x5;Q-NEUTRAL;Q_UNRESTRICTED;0;A_UNRESTRICTED/DESERT/30x30x5;desert;30x30x5;30;5;30;4500;ThisWork;heap;22;865253338;1;5a8fff2f6dc6124e;1;0;0;0;0;4500;1733;2767;0,145701;0,145701;1,890948;1,883752;0,000154;0,578304;8;10;0;4500;0,578304;0,548317
Q_UNRESTRICTED/DESERT/30x30x5;Q-NEUTRAL;Q_UNRESTRICTED;0;A_UNRESTRICTED/DESERT/30x30x5;desert;30x30x5;30;5;30;4500;ThisWork;heap;23;507109307;1;93d0d2970b869e32;1;0;0;0;0;4500;1728;2772;0,140946;0,140946;1,900956;1,895859;0,001248;0,577878;8;10;0;4500;0,577878;0,546322
Q_UNRESTRICTED/DESERT/30x30x5;Q-NEUTRAL;Q_UNRESTRICTED;0;A_UNRESTRICTED/DESERT/30x30x5;desert;30x30x5;30;5;30;4500;ThisWork;heap;24;925060188;1;ef0f98badc7ed914;1;0;0;0;0;4500;1734;2766;0,140739;0,140739;1,903544;1,896851;0,00034;0,583714;8;10;0;4500;0,583714;0,554045
Q_UNRESTRICTED/DESERT/30x30x5;Q-NEUTRAL;Q_UNRESTRICTED;0;A_UNRESTRICTED/DESERT/30x30x5;desert;30x30x5;30;5;30;4500;ThisWork;heap;25;527177832;1;09bbe9ccd37e20b3;1;0;0;0;0;4500;1735;2765;0,141751;0,141751;1,904496;1,902429;0,000092;0,573138;8;10;0;4500;0,573138;0,541528
Q_UNRESTRICTED/DESERT/30x30x5;Q-NEUTRAL;Q_UNRESTRICTED;0;A_UNRESTRICTED/DESERT/30x30x5;desert;30x30x5;30;5;30;4500;ThisWork;heap;26;2077895198;1;e0469fc4152ecab9;1;0;0;0;0;4500;1733;2767;0,139361;0,139361;1,906899;1,902796;0,000074;0,57746;8;10;0;4500;0,57746;0,546549
Q_UNRESTRICTED/DESERT/30x30x5;Q-NEUTRAL;Q_UNRESTRICTED;0;A_UNRESTRICTED/DESERT/30x30x5;desert;30x30x5;30;5;30;4500;ThisWork;heap;27;844770111;1;f567b2652bfc78d7;1;0;0;0;0;4500;1739;2761;0,144076;0,144076;1,896324;1,891118;0,000087;0,572059;8;10;0;4500;0,572059;0,539524
Q_UNRESTRICTED/DESERT/30x30x5;Q-NEUTRAL;Q_UNRESTRICTED;0;A_UNRESTRICTED/DESERT/30x30x5;desert;30x30x5;30;5;30;4500;ThisWork;heap;28;259130872;1;2dd9aa3a92944b61;1;0;0;0;0;4500;1736;2764;0,142824;0,142824;1,895711;1,89251;0,000241;0,576281;8;10;0;4500;0,576281;0,542603
Q_UNRESTRICTED/DESERT/30x30x5;Q-NEUTRAL;Q_UNRESTRICTED;0;A_UNRESTRICTED/DESERT/30x30x5;desert;30x30x5;30;5;30;4500;ThisWork;heap;29;1293682108;1;1af410f45c7aa49d;1;0;0;0;0;4500;1744;2756;0,146417;0,146417;1,887871;1,882908;0,000088;0,582857;8;10;0;4500;0,582857;0,550449
Q_UNRESTRICTED/DESERT/30x30x5;Q-NEUTRAL;Q_UNRESTRICTED;0;A_UNRESTRICTED/DESERT/30x30x5;desert;30x30x5;30;5;30;4500;ThisWork;heap;30;480738578;1;86c7f25b86f0ae47;1;0;0;0;0;4500;1741;2759;0,14636;0,14636;1,89086;1,889653;0,00029;0,577583;8;10;0;4500;0,577583;0,546363
Q_UNRESTRICTED/DESERT/30x30x5;Q-NEUTRAL;Q_UNRESTRICTED;0;A_UNRESTRICTED/DESERT/30x30x5;desert;30x30x5;30;5;30;4500;ThisWork;heap;31;1161578365;1;613c09fe88dad922;1;0;0;0;0;4500;1723;2777;0,136422;0,136422;1,916744;1,911637;0,000483;0,570671;8;10;0;4500;0,570671;0,539397
Q_UNRESTRICTED/DESERT/30x30x5;Q-NEUTRAL;Q_UNRESTRICTED;0;A_UNRESTRICTED/DESERT/30x30x5;desert;30x30x5;30;5;30;4500;ThisWork;heap;32;284444736;1;85756f1b8dfbff11;1;0;0;0;0;4500;1656;2844;0,117199;0,117199;2,011644;1,971277;0,007491;0,569043;10;10;0;4500;0,569043;0,542086
Q_UNRESTRICTED/DESERT/30x30x5;Q-NEUTRAL;Q_UNRESTRICTED;0;A_UNRESTRICTED/DESERT/30x30x5;desert;30x30x5;30;5;30;4500;ThisWork;heap;33;251138866;1;53cc22c1d9496b9c;1;0;0;0;0;4500;1733;2767;0,140374;0,140374;1,905231;1,903213;0,000156;0,578145;8;10;0;4500;0,578145;0,547442
Q_UNRESTRICTED/DESERT/30x30x5;Q-NEUTRAL;Q_UNRESTRICTED;0;A_UNRESTRICTED/DESERT/30x30x5;desert;30x30x5;30;5;30;4500;ThisWork;heap;34;909437045;1;8766cb643da34723;1;0;0;0;0;4500;1736;2764;0,141712;0,141712;1,898156;1,895719;0,000181;0,575841;8;10;0;4500;0,575841;0,543986
Q_UNRESTRICTED/DESERT/30x30x5;Q-NEUTRAL;Q_UNRESTRICTED;0;A_UNRESTRICTED/DESERT/30x30x5;desert;30x30x5;30;5;30;4500;ThisWork;heap;35;590746925;1;7ef06f9ac19c7dc9;1;0;0;0;0;4500;1656;2844;0,120036;0,120036;2,010608;1,967519;0,005308;0,567873;10;10;0;4500;0,567873;0,541188
Q_UNRESTRICTED/DESERT/30x30x5;Q-NEUTRAL;Q_UNRESTRICTED;0;A_UNRESTRICTED/DESERT/30x30x5;desert;30x30x5;30;5;30;4500;ThisWork;heap;36;1700931468;1;878876e25a7ad01c;1;0;0;0;0;4500;1638;2862;0,116071;0,116071;2,025521;2,000217;0,010242;0,557279;10;10;0;4500;0,557279;0,529705
Q_UNRESTRICTED/DESERT/30x30x5;Q-NEUTRAL;Q_UNRESTRICTED;0;A_UNRESTRICTED/DESERT/30x30x5;desert;30x30x5;30;5;30;4500;ThisWork;heap;37;1500560172;1;0340990814b63f88;1;0;0;0;0;4500;1749;2751;0,149768;0,149768;1,883392;1,87487;0,001029;0,577696;8;10;0;4500;0,577696;0,54673
Q_UNRESTRICTED/DESERT/30x30x5;Q-NEUTRAL;Q_UNRESTRICTED;0;A_UNRESTRICTED/DESERT/30x30x5;desert;30x30x5;30;5;30;4500;ThisWork;heap;38;1130565884;1;e68456a2510d0e6b;1;0;0;0;0;4500;1653;2847;0,119091;0,119091;2,009288;1,961476;0,006296;0,578367;10;10;0;4500;0,578367;0,551274
Q_UNRESTRICTED/DESERT/30x30x5;Q-NEUTRAL;Q_UNRESTRICTED;0;A_UNRESTRICTED/DESERT/30x30x5;desert;30x30x5;30;5;30;4500;ThisWork;heap;39;143099912;1;ac4d6e710e592d0e;1;0;0;0;0;4500;1643;2857;0,116773;0,116773;2,024686;2,000907;0,007446;0,568277;10;10;0;4500;0,568277;0,540839
Q_UNRESTRICTED/DESERT/30x30x5;Q-NEUTRAL;Q_UNRESTRICTED;0;A_UNRESTRICTED/DESERT/30x30x5;desert;30x30x5;30;5;30;4500;ThisWork;heap;40;2039098990;1;9c9e43432d4ddf39;1;0;0;0;0;4500;1732;2768;0,139295;0,139295;1,911259;1,905735;0,000895;0,577605;8;10;0;4500;0,577605;0,547991
Q_UNRESTRICTED/DESERT/30x30x5;Q-NEUTRAL;Q_UNRESTRICTED;0;A_UNRESTRICTED/DESERT/30x30x5;desert;30x30x5;30;5;30;4500;ThisWork;heap;41;893842425;1;6217ff6a5bdc740f;1;0;0;0;0;4500;1720;2780;0,134076;0,134076;1,922878;1,919477;0,000234;0,57839;8;10;0;4500;0,57839;0,548585
Q_UNRESTRICTED/DESERT/30x30x5;Q-NEUTRAL;Q_UNRESTRICTED;0;A_UNRESTRICTED/DESERT/30x30x5;desert;30x30x5;30;5;30;4500;ThisWork;heap;42;612394649;1;c182a840108f1162;1;0;0;0;0;4500;1731;2769;0,14469;0,14469;1,890662;1,885157;0,00025;0,580209;8;10;0;4500;0,580209;0,548961
Q_UNRESTRICTED/DESERT/30x30x5;Q-NEUTRAL;Q_UNRESTRICTED;0;A_UNRESTRICTED/DESERT/30x30x5;desert;30x30x5;30;5;30;4500;ThisWork;heap;43;815060367;1;79a2ee6be123cb0f;1;0;0;0;0;4500;1741;2759;0,145302;0,145302;1,888486;1,88199;0,000675;0,575297;8;10;0;4500;0,575297;0,543515
Q_UNRESTRICTED/DESERT/30x30x5;Q-NEUTRAL;Q_UNRESTRICTED;0;A_UNRESTRICTED/DESERT/30x30x5;desert;30x30x5;30;5;30;4500;ThisWork;heap;44;1196643384;1;8e3d16a0076fcfbe;1;0;0;0;0;4500;1744;2756;0,145939;0,145939;1,889301;1,884736;0,00011;0,581995;8;10;0;4500;0,581995;0,550585
Q_UNRESTRICTED/DESERT/30x30x5;Q-NEUTRAL;Q_UNRESTRICTED;0;A_UNRESTRICTED/DESERT/30x30x5;desert;30x30x5;30;5;30;4500;ThisWork;heap;45;1308748128;1;036bc5a63b1c4108;1;0;0;0;0;4500;1740;2760;0,146063;0,146063;1,89189;1,882931;0,000693;0,578181;8;10;0;4500;0,578181;0,546844
Q_UNRESTRICTED/DESERT/30x30x5;Q-NEUTRAL;Q_UNRESTRICTED;0;A_UNRESTRICTED/DESERT/30x30x5;desert;30x30x5;30;5;30;4500;ThisWork;heap;46;865953073;1;5731b9e38e92544b;1;0;0;0;0;4500;1748;2752;0,147336;0,147336;1,888191;1,884085;0,00073;0,57946;8;10;0;4500;0,57946;0,54805
Q_UNRESTRICTED/DESERT/30x30x5;Q-NEUTRAL;Q_UNRESTRICTED;0;A_UNRESTRICTED/DESERT/30x30x5;desert;30x30x5;30;5;30;4500;ThisWork;heap;47;1912820843;1;5532d6269141ecf1;1;0;0;0;0;4500;1743;2757;0,146103;0,146103;1,892283;1,888904;0,00014;0,582063;8;10;0;4500;0,582063;0,550336
Q_UNRESTRICTED/DESERT/30x30x5;Q-NEUTRAL;Q_UNRESTRICTED;0;A_UNRESTRICTED/DESERT/30x30x5;desert;30x30x5;30;5;30;4500;ThisWork;heap;48;504102492;1;75d028c19ae2c891;1;0;0;0;0;4500;1740;2760;0,143184;0,143184;1,899283;1,8914;0,000294;0,58229;8;10;0;4500;0,58229;0,553029
Q_UNRESTRICTED/DESERT/30x30x5;Q-NEUTRAL;Q_UNRESTRICTED;0;A_UNRESTRICTED/DESERT/30x30x5;desert;30x30x5;30;5;30;4500;ThisWork;heap;49;2042653614;1;9aec4e73bc86279b;1;0;0;0;0;4500;1741;2759;0,146001;0,146001;1,883164;1,880204;0,000066;0,57219;8;10;0;4500;0,57219;0,539311
Q_UNRESTRICTED/DESERT/30x30x5;Q-NEUTRAL;Q_UNRESTRICTED;0;A_UNRESTRICTED/DESERT/30x30x5;desert;30x30x5;30;5;30;4500;Gumin;simple-tiled-3d;0;509455268;1;e1a271730c50cf16;1;0;0;0;0;4500;1733;2767;0,142492;0,142492;1,897692;1,895065;0,000344;0,580871;8;10;0;4500;0,580871;0,549741
Q_UNRESTRICTED/DESERT/30x30x5;Q-NEUTRAL;Q_UNRESTRICTED;0;A_UNRESTRICTED/DESERT/30x30x5;desert;30x30x5;30;5;30;4500;Gumin;simple-tiled-3d;1;110863387;1;45a9de817a4dd637;1;0;0;0;0;4500;1748;2752;0,146287;0,146287;1,88652;1,876774;0,000629;0,576644;8;10;0;4500;0,576644;0,543238
Q_UNRESTRICTED/DESERT/30x30x5;Q-NEUTRAL;Q_UNRESTRICTED;0;A_UNRESTRICTED/DESERT/30x30x5;desert;30x30x5;30;5;30;4500;Gumin;simple-tiled-3d;2;271563477;1;61bde6923c1ddbbd;1;0;0;0;0;4500;1736;2764;0,139743;0,139743;1,906349;1,902748;0,000568;0,576594;8;10;0;4500;0,576594;0,545084
Q_UNRESTRICTED/DESERT/30x30x5;Q-NEUTRAL;Q_UNRESTRICTED;0;A_UNRESTRICTED/DESERT/30x30x5;desert;30x30x5;30;5;30;4500;Gumin;simple-tiled-3d;3;1096901077;1;ef75f39e356eb64f;1;0;0;0;0;4500;1737;2763;0,14555;0,14555;1,894789;1,89047;0,000088;0,573909;8;10;0;4500;0,573909;0,543098
Q_UNRESTRICTED/DESERT/30x30x5;Q-NEUTRAL;Q_UNRESTRICTED;0;A_UNRESTRICTED/DESERT/30x30x5;desert;30x30x5;30;5;30;4500;Gumin;simple-tiled-3d;4;1616871339;1;99263eb6fe206d7b;1;0;0;0;0;4500;1720;2780;0,142363;0,142363;1,896484;1,890332;0,00026;0,59122;8;10;0;4500;0,59122;0,561878
Q_UNRESTRICTED/DESERT/30x30x5;Q-NEUTRAL;Q_UNRESTRICTED;0;A_UNRESTRICTED/DESERT/30x30x5;desert;30x30x5;30;5;30;4500;Gumin;simple-tiled-3d;5;112371212;1;cbc71650294ac26b;1;0;0;0;0;4500;1732;2768;0,146007;0,146007;1,881766;1,877126;0,000171;0,582916;8;10;0;4500;0,582916;0,551034
Q_UNRESTRICTED/DESERT/30x30x5;Q-NEUTRAL;Q_UNRESTRICTED;0;A_UNRESTRICTED/DESERT/30x30x5;desert;30x30x5;30;5;30;4500;Gumin;simple-tiled-3d;6;836639089;1;023883b6666b144b;1;0;0;0;0;4500;1741;2759;0,146827;0,146827;1,887317;1,883411;0,000239;0,576558;8;10;0;4500;0,576558;0,544639
Q_UNRESTRICTED/DESERT/30x30x5;Q-NEUTRAL;Q_UNRESTRICTED;0;A_UNRESTRICTED/DESERT/30x30x5;desert;30x30x5;30;5;30;4500;Gumin;simple-tiled-3d;7;1465071106;1;d72d7874c4be0b34;1;0;0;0;0;4500;1739;2761;0,145656;0,145656;1,892516;1,889605;0,000077;0,579438;8;10;0;4500;0,579438;0,548009
Q_UNRESTRICTED/DESERT/30x30x5;Q-NEUTRAL;Q_UNRESTRICTED;0;A_UNRESTRICTED/DESERT/30x30x5;desert;30x30x5;30;5;30;4500;Gumin;simple-tiled-3d;8;292549687;1;77aa2bc9e8cb9634;1;0;0;0;0;4500;1729;2771;0,143594;0,143594;1,896145;1,886639;0,002347;0,579746;8;10;0;4500;0,579746;0,54819
Q_UNRESTRICTED/DESERT/30x30x5;Q-NEUTRAL;Q_UNRESTRICTED;0;A_UNRESTRICTED/DESERT/30x30x5;desert;30x30x5;30;5;30;4500;Gumin;simple-tiled-3d;9;1523540701;1;25a5d5bf02de9224;1;0;0;0;0;4500;1645;2855;0,126468;0,126468;2,006026;1,97141;0,008088;0,590204;10;10;0;4500;0,590204;0,563383
Q_UNRESTRICTED/DESERT/30x30x5;Q-NEUTRAL;Q_UNRESTRICTED;0;A_UNRESTRICTED/DESERT/30x30x5;desert;30x30x5;30;5;30;4500;Gumin;simple-tiled-3d;10;400805855;1;8e5bb17e2d9f9c37;1;0;0;0;0;4500;1741;2759;0,144562;0,144562;1,89484;1,889756;0,000689;0,576807;8;10;0;4500;0,576807;0,544807
Q_UNRESTRICTED/DESERT/30x30x5;Q-NEUTRAL;Q_UNRESTRICTED;0;A_UNRESTRICTED/DESERT/30x30x5;desert;30x30x5;30;5;30;4500;Gumin;simple-tiled-3d;11;961759538;1;57124e97dbfe7ecd;1;0;0;0;0;4500;1731;2769;0,140614;0,140614;1,904495;1,898678;0,000712;0,571469;8;10;0;4500;0,571469;0,539587
Q_UNRESTRICTED/DESERT/30x30x5;Q-NEUTRAL;Q_UNRESTRICTED;0;A_UNRESTRICTED/DESERT/30x30x5;desert;30x30x5;30;5;30;4500;Gumin;simple-tiled-3d;12;1063285706;1;fe325e1b6accc1dd;1;0;0;0;0;4500;1748;2752;0,149325;0,149325;1,879031;1,876065;0,000653;0,583002;8;10;0;4500;0,583002;0,550385
Q_UNRESTRICTED/DESERT/30x30x5;Q-NEUTRAL;Q_UNRESTRICTED;0;A_UNRESTRICTED/DESERT/30x30x5;desert;30x30x5;30;5;30;4500;Gumin;simple-tiled-3d;13;1761833190;1;36bc91abf28c88b1;1;0;0;0;0;4500;1733;2767;0,144969;0,144969;1,891436;1,88111;0,00084;0,5798;8;10;0;4500;0,5798;0,549215
Q_UNRESTRICTED/DESERT/30x30x5;Q-NEUTRAL;Q_UNRESTRICTED;0;A_UNRESTRICTED/DESERT/30x30x5;desert;30x30x5;30;5;30;4500;Gumin;simple-tiled-3d;14;259867907;1;e9e8d50c693007bc;1;0;0;0;0;4500;1730;2770;0,140121;0,140121;1,905492;1,901982;0,000206;0,582472;8;10;0;4500;0,582472;0,550553
Q_UNRESTRICTED/DESERT/30x30x5;Q-NEUTRAL;Q_UNRESTRICTED;0;A_UNRESTRICTED/DESERT/30x30x5;desert;30x30x5;30;5;30;4500;Gumin;simple-tiled-3d;15;909420092;1;c18dd14b1d461fd6;1;0;0;0;0;4500;1744;2756;0,148378;0,148378;1,882838;1,879114;0,00021;0,583429;8;10;0;4500;0,583429;0,553179
Q_UNRESTRICTED/DESERT/30x30x5;Q-NEUTRAL;Q_UNRESTRICTED;0;A_UNRESTRICTED/DESERT/30x30x5;desert;30x30x5;30;5;30;4500;Gumin;simple-tiled-3d;16;423103977;1;4535482153c155d5;1;0;0;0;0;4500;1635;2865;0,117632;0,117632;2,023995;1,999081;0,004619;0,568336;10;10;0;4500;0,568336;0,540748
Q_UNRESTRICTED/DESERT/30x30x5;Q-NEUTRAL;Q_UNRESTRICTED;0;A_UNRESTRICTED/DESERT/30x30x5;desert;30x30x5;30;5;30;4500;Gumin;simple-tiled-3d;17;1597981199;1;75506a68cb1477e9;1;0;0;0;0;4500;1742;2758;0,149229;0,149229;1,877903;1,874522;0,000098;0,585129;8;10;0;4500;0,585129;0,553519
Q_UNRESTRICTED/DESERT/30x30x5;Q-NEUTRAL;Q_UNRESTRICTED;0;A_UNRESTRICTED/DESERT/30x30x5;desert;30x30x5;30;5;30;4500;Gumin;simple-tiled-3d;18;575880980;1;c259d6ad3d1bf975;1;0;0;0;0;4500;1745;2755;0,148931;0,148931;1,885195;1,878632;0,000291;0,577878;8;10;0;4500;0,577878;0,546413
Q_UNRESTRICTED/DESERT/30x30x5;Q-NEUTRAL;Q_UNRESTRICTED;0;A_UNRESTRICTED/DESERT/30x30x5;desert;30x30x5;30;5;30;4500;Gumin;simple-tiled-3d;19;228847882;1;e739230af149a0bc;1;0;0;0;0;4500;1752;2748;0,155862;0,155862;1,862078;1,859139;0,000336;0,580122;8;10;0;4500;0,580122;0,54688
Q_UNRESTRICTED/DESERT/30x30x5;Q-NEUTRAL;Q_UNRESTRICTED;0;A_UNRESTRICTED/DESERT/30x30x5;desert;30x30x5;30;5;30;4500;Gumin;simple-tiled-3d;20;1195700391;1;9f1112a2ab95bbeb;1;0;0;0;0;4500;1740;2760;0,144066;0,144066;1,895911;1,892738;0,000283;0,573492;8;10;0;4500;0,573492;0,541574
Q_UNRESTRICTED/DESERT/30x30x5;Q-NEUTRAL;Q_UNRESTRICTED;0;A_UNRESTRICTED/DESERT/30x30x5;desert;30x30x5;30;5;30;4500;Gumin;simple-tiled-3d;21;1731799702;1;06c036fc4719dd3e;1;0;0;0;0;4500;1728;2772;0,147163;0,147163;1,889267;1,88318;0,000766;0,577669;8;10;0;4500;0,577669;0,547465
Q_UNRESTRICTED/DESERT/30x30x5;Q-NEUTRAL;Q_UNRESTRICTED;0;A_UNRESTRICTED/DESERT/30x30x5;desert;30x30x5;30;5;30;4500;Gumin;simple-tiled-3d;22;865253338;1;5741123bc0c563b2;1;0;0;0;0;4500;1734;2766;0,147494;0,147494;1,88462;1,879665;0,000134;0,588712;8;10;0;4500;0,588712;0,558172
Q_UNRESTRICTED/DESERT/30x30x5;Q-NEUTRAL;Q_UNRESTRICTED;0;A_UNRESTRICTED/DESERT/30x30x5;desert;30x30x5;30;5;30;4500;Gumin;simple-tiled-3d;23;507109307;1;1e7b83a0ab650175;1;0;0;0;0;4500;1735;2765;0,141989;0,141989;1,900644;1,892721;0,00161;0,570689;8;10;0;4500;0,570689;0,537211
Q_UNRESTRICTED/DESERT/30x30x5;Q-NEUTRAL;Q_UNRESTRICTED;0;A_UNRESTRICTED/DESERT/30x30x5;desert;30x30x5;30;5;30;4500;Gumin;simple-tiled-3d;24;925060188;1;4d6c571340a9587e;1;0;0;0;0;4500;1745;2755;0,149865;0,149865;1,878414;1,875266;0,000282;0,577052;8;10;0;4500;0,577052;0,544372
Q_UNRESTRICTED/DESERT/30x30x5;Q-NEUTRAL;Q_UNRESTRICTED;0;A_UNRESTRICTED/DESERT/30x30x5;desert;30x30x5;30;5;30;4500;Gumin;simple-tiled-3d;25;527177832;1;3ca3ed140d94222d;1;0;0;0;0;4500;1761;2739;0,154697;0,154697;1,866383;1,862596;0,000511;0,580717;8;10;0;4500;0,580717;0,549134
Q_UNRESTRICTED/DESERT/30x30x5;Q-NEUTRAL;Q_UNRESTRICTED;0;A_UNRESTRICTED/DESERT/30x30x5;desert;30x30x5;30;5;30;4500;Gumin;simple-tiled-3d;26;2077895198;1;d79d3d1fecdb976f;1;0;0;0;0;4500;1739;2761;0,144379;0,144379;1,898069;1,895524;0,000224;0,580707;8;10;0;4500;0,580707;0,549569
Q_UNRESTRICTED/DESERT/30x30x5;Q-NEUTRAL;Q_UNRESTRICTED;0;A_UNRESTRICTED/DESERT/30x30x5;desert;30x30x5;30;5;30;4500;Gumin;simple-tiled-3d;27;844770111;1;5bf23f6bc1221bab;1;0;0;0;0;4500;1768;2732;0,165251;0,165251;1,838444;1,831242;0,00182;0,582512;8;10;0;4500;0,582512;0,549542
Q_UNRESTRICTED/DESERT/30x30x5;Q-NEUTRAL;Q_UNRESTRICTED;0;A_UNRESTRICTED/DESERT/30x30x5;desert;30x30x5;30;5;30;4500;Gumin;simple-tiled-3d;28;259130872;1;48dedc1a3ae9140a;1;0;0;0;0;4500;1752;2748;0,152665;0,152665;1,871437;1,869026;0,000075;0,577048;8;10;0;4500;0,577048;0,54395
Q_UNRESTRICTED/DESERT/30x30x5;Q-NEUTRAL;Q_UNRESTRICTED;0;A_UNRESTRICTED/DESERT/30x30x5;desert;30x30x5;30;5;30;4500;Gumin;simple-tiled-3d;29;1293682108;1;def6c55f038b4b9b;1;0;0;0;0;4500;1730;2770;0,136858;0,136858;1,909552;1,899801;0,001958;0,573039;8;10;0;4500;0,573039;0,540567
Q_UNRESTRICTED/DESERT/30x30x5;Q-NEUTRAL;Q_UNRESTRICTED;0;A_UNRESTRICTED/DESERT/30x30x5;desert;30x30x5;30;5;30;4500;Gumin;simple-tiled-3d;30;480738578;1;3f43a53174d724a6;1;0;0;0;0;4500;1748;2752;0,152502;0,152502;1,872069;1,868383;0,000286;0,577279;8;10;0;4500;0,577279;0,544127
Q_UNRESTRICTED/DESERT/30x30x5;Q-NEUTRAL;Q_UNRESTRICTED;0;A_UNRESTRICTED/DESERT/30x30x5;desert;30x30x5;30;5;30;4500;Gumin;simple-tiled-3d;31;1161578365;1;ffb4057adf83ee1a;1;0;0;0;0;4500;1732;2768;0,143395;0,143395;1,897868;1,890999;0,000689;0,58058;8;10;0;4500;0,58058;0,548898
Q_UNRESTRICTED/DESERT/30x30x5;Q-NEUTRAL;Q_UNRESTRICTED;0;A_UNRESTRICTED/DESERT/30x30x5;desert;30x30x5;30;5;30;4500;Gumin;simple-tiled-3d;32;284444736;1;7e1e6ae9fc13e03f;1;0;0;0;0;4500;1641;2859;0,120083;0,120083;2,018372;1,994129;0,008334;0,566989;10;10;0;4500;0,566989;0,537397
Q_UNRESTRICTED/DESERT/30x30x5;Q-NEUTRAL;Q_UNRESTRICTED;0;A_UNRESTRICTED/DESERT/30x30x5;desert;30x30x5;30;5;30;4500;Gumin;simple-tiled-3d;33;251138866;1;6db9b24e169e893d;1;0;0;0;0;4500;1749;2751;0,149074;0,149074;1,881727;1,878275;0,000097;0,581379;8;10;0;4500;0,581379;0,549651
Q_UNRESTRICTED/DESERT/30x30x5;Q-NEUTRAL;Q_UNRESTRICTED;0;A_UNRESTRICTED/DESERT/30x30x5;desert;30x30x5;30;5;30;4500;Gumin;simple-tiled-3d;34;909437045;1;cdd307b90a79527c;1;0;0;0;0;4500;1746;2754;0,147392;0,147392;1,883833;1,877174;0,001125;0,578177;8;10;0;4500;0,578177;0,545252
Q_UNRESTRICTED/DESERT/30x30x5;Q-NEUTRAL;Q_UNRESTRICTED;0;A_UNRESTRICTED/DESERT/30x30x5;desert;30x30x5;30;5;30;4500;Gumin;simple-tiled-3d;35;590746925;2;98442a262f7d8bdf;1;0;0;0;0;4500;1721;2779;0,13633;0,13633;1,920375;1,917059;0,000437;0,5819;8;10;0;4500;0,5819;0,55107
Q_UNRESTRICTED/DESERT/30x30x5;Q-NEUTRAL;Q_UNRESTRICTED;0;A_UNRESTRICTED/DESERT/30x30x5;desert;30x30x5;30;5;30;4500;Gumin;simple-tiled-3d;36;1700931468;1;97a1419903a3623f;1;0;0;0;0;4500;1642;2858;0,124009;0,124009;2,005976;1,982978;0,008371;0,564227;10;10;0;4500;0,564227;0,536726
Q_UNRESTRICTED/DESERT/30x30x5;Q-NEUTRAL;Q_UNRESTRICTED;0;A_UNRESTRICTED/DESERT/30x30x5;desert;30x30x5;30;5;30;4500;Gumin;simple-tiled-3d;37;1500560172;1;b1f31f049ddb797e;1;0;0;0;0;4500;1745;2755;0,14904;0,14904;1,879312;1,876556;0,000132;0,585546;8;10;0;4500;0,585546;0,553873
Q_UNRESTRICTED/DESERT/30x30x5;Q-NEUTRAL;Q_UNRESTRICTED;0;A_UNRESTRICTED/DESERT/30x30x5;desert;30x30x5;30;5;30;4500;Gumin;simple-tiled-3d;38;1130565884;1;1b9b8a508170ea76;1;0;0;0;0;4500;1674;2826;0,129319;0,129319;1,983035;1,940202;0,002878;0,578961;10;10;0;4500;0,578961;0,550426
Q_UNRESTRICTED/DESERT/30x30x5;Q-NEUTRAL;Q_UNRESTRICTED;0;A_UNRESTRICTED/DESERT/30x30x5;desert;30x30x5;30;5;30;4500;Gumin;simple-tiled-3d;39;143099912;1;f61df5bd6b0ef7b9;1;0;0;0;0;4500;1646;2854;0,118506;0,118506;2,018926;1,997778;0,004784;0,567007;10;10;0;4500;0,567007;0,539306
Q_UNRESTRICTED/DESERT/30x30x5;Q-NEUTRAL;Q_UNRESTRICTED;0;A_UNRESTRICTED/DESERT/30x30x5;desert;30x30x5;30;5;30;4500;Gumin;simple-tiled-3d;40;2039098990;1;99c672478b20f66e;1;0;0;0;0;4500;1744;2756;0,145512;0,145512;1,895069;1,892014;0,000808;0,57522;8;10;0;4500;0,57522;0,543683
Q_UNRESTRICTED/DESERT/30x30x5;Q-NEUTRAL;Q_UNRESTRICTED;0;A_UNRESTRICTED/DESERT/30x30x5;desert;30x30x5;30;5;30;4500;Gumin;simple-tiled-3d;41;893842425;1;54d47aab01a992ef;1;0;0;0;0;4500;1750;2750;0,149465;0,149465;1,885085;1,88088;0,000473;0,584168;8;10;0;4500;0,584168;0,552476
Q_UNRESTRICTED/DESERT/30x30x5;Q-NEUTRAL;Q_UNRESTRICTED;0;A_UNRESTRICTED/DESERT/30x30x5;desert;30x30x5;30;5;30;4500;Gumin;simple-tiled-3d;42;612394649;1;c6e0bd658c4345eb;1;0;0;0;0;4500;1730;2770;0,14119;0,14119;1,902058;1,898809;0,000435;0,574912;8;10;0;4500;0,574912;0,542395
Q_UNRESTRICTED/DESERT/30x30x5;Q-NEUTRAL;Q_UNRESTRICTED;0;A_UNRESTRICTED/DESERT/30x30x5;desert;30x30x5;30;5;30;4500;Gumin;simple-tiled-3d;43;815060367;1;21550148fb38a110;1;0;0;0;0;4500;1731;2769;0,142922;0,142922;1,900236;1,893265;0,000273;0,579116;8;10;0;4500;0,579116;0,547088
Q_UNRESTRICTED/DESERT/30x30x5;Q-NEUTRAL;Q_UNRESTRICTED;0;A_UNRESTRICTED/DESERT/30x30x5;desert;30x30x5;30;5;30;4500;Gumin;simple-tiled-3d;44;1196643384;1;c7e97c905ca1f7ee;1;0;0;0;0;4500;1729;2771;0,140425;0,140425;1,908676;1,900657;0,001408;0,5782;8;10;0;4500;0,5782;0,546662
Q_UNRESTRICTED/DESERT/30x30x5;Q-NEUTRAL;Q_UNRESTRICTED;0;A_UNRESTRICTED/DESERT/30x30x5;desert;30x30x5;30;5;30;4500;Gumin;simple-tiled-3d;45;1308748128;1;7e1b8d921cea3736;1;0;0;0;0;4500;1719;2781;0,134335;0,134335;1,919431;1,914451;0,001015;0,579478;8;10;0;4500;0,579478;0,548803
Q_UNRESTRICTED/DESERT/30x30x5;Q-NEUTRAL;Q_UNRESTRICTED;0;A_UNRESTRICTED/DESERT/30x30x5;desert;30x30x5;30;5;30;4500;Gumin;simple-tiled-3d;46;865953073;1;e98768d27143164d;1;0;0;0;0;4500;1742;2758;0,143157;0,143157;1,896957;1,893462;0,000096;0,577424;8;10;0;4500;0,577424;0,545361
Q_UNRESTRICTED/DESERT/30x30x5;Q-NEUTRAL;Q_UNRESTRICTED;0;A_UNRESTRICTED/DESERT/30x30x5;desert;30x30x5;30;5;30;4500;Gumin;simple-tiled-3d;47;1912820843;1;f8708f809181a554;1;0;0;0;0;4500;1743;2757;0,14968;0,14968;1,876366;1,871023;0,000162;0,578512;8;10;0;4500;0,578512;0,546222
Q_UNRESTRICTED/DESERT/30x30x5;Q-NEUTRAL;Q_UNRESTRICTED;0;A_UNRESTRICTED/DESERT/30x30x5;desert;30x30x5;30;5;30;4500;Gumin;simple-tiled-3d;48;504102492;1;6b38350c3b60027b;1;0;0;0;0;4500;1735;2765;0,140851;0,140851;1,906059;1,899185;0,00048;0,575401;8;10;0;4500;0,575401;0,543175
Q_UNRESTRICTED/DESERT/30x30x5;Q-NEUTRAL;Q_UNRESTRICTED;0;A_UNRESTRICTED/DESERT/30x30x5;desert;30x30x5;30;5;30;4500;Gumin;simple-tiled-3d;49;2042653614;1;8d73d1ba42572af8;1;0;0;0;0;4500;1735;2765;0,143325;0,143325;1,89545;1,89324;0,000028;0,581478;8;10;0;4500;0,581478;0,549596
Q_UNRESTRICTED/DESERT/30x30x5;Q-NEUTRAL;Q_UNRESTRICTED;0;A_UNRESTRICTED/DESERT/30x30x5;desert;30x30x5;30;5;30;4500;DeBroglie;matched;0;509455268;1;c11a61bdb97c7152;1;0;0;0;0;4500;1731;2769;0,143545;0,143545;1,894955;1,887719;0,001583;0,579723;8;10;0;4500;0,579723;0,548186
Q_UNRESTRICTED/DESERT/30x30x5;Q-NEUTRAL;Q_UNRESTRICTED;0;A_UNRESTRICTED/DESERT/30x30x5;desert;30x30x5;30;5;30;4500;DeBroglie;matched;1;110863387;1;b8f3497de8ee9497;1;0;0;0;0;4500;1646;2854;0,12148;0,12148;2,013313;1,992138;0,004063;0,57454;10;10;0;4500;0,57454;0,547483
Q_UNRESTRICTED/DESERT/30x30x5;Q-NEUTRAL;Q_UNRESTRICTED;0;A_UNRESTRICTED/DESERT/30x30x5;desert;30x30x5;30;5;30;4500;DeBroglie;matched;2;271563477;1;40d782dc3e744f32;1;0;0;0;0;4500;1729;2771;0,138102;0,138102;1,912781;1,907252;0,00013;0,577107;8;10;0;4500;0,577107;0,545841
Q_UNRESTRICTED/DESERT/30x30x5;Q-NEUTRAL;Q_UNRESTRICTED;0;A_UNRESTRICTED/DESERT/30x30x5;desert;30x30x5;30;5;30;4500;DeBroglie;matched;3;1096901077;1;f9fbf18c01ce38a2;1;0;0;0;0;4500;1745;2755;0,149438;0,149438;1,882078;1,877212;0,000161;0,581184;8;10;0;4500;0,581184;0,549973
Q_UNRESTRICTED/DESERT/30x30x5;Q-NEUTRAL;Q_UNRESTRICTED;0;A_UNRESTRICTED/DESERT/30x30x5;desert;30x30x5;30;5;30;4500;DeBroglie;matched;4;1616871339;1;c56e2e5833469b7d;1;0;0;0;0;4500;1733;2767;0,143399;0,143399;1,897074;1,891895;0,000622;0,58615;8;10;0;4500;0,58615;0,555438
Q_UNRESTRICTED/DESERT/30x30x5;Q-NEUTRAL;Q_UNRESTRICTED;0;A_UNRESTRICTED/DESERT/30x30x5;desert;30x30x5;30;5;30;4500;DeBroglie;matched;5;112371212;1;e798e5e2fb78bd37;1;0;0;0;0;4500;1717;2783;0,133647;0,133647;1,918651;1,912383;0,000855;0,57522;8;10;0;4500;0,57522;0,543637
Q_UNRESTRICTED/DESERT/30x30x5;Q-NEUTRAL;Q_UNRESTRICTED;0;A_UNRESTRICTED/DESERT/30x30x5;desert;30x30x5;30;5;30;4500;DeBroglie;matched;6;836639089;1;da01c90408b7d7da;1;0;0;0;0;4500;1734;2766;0,145566;0,145566;1,89286;1,888421;0,000147;0,585814;8;10;0;4500;0,585814;0,55649
Q_UNRESTRICTED/DESERT/30x30x5;Q-NEUTRAL;Q_UNRESTRICTED;0;A_UNRESTRICTED/DESERT/30x30x5;desert;30x30x5;30;5;30;4500;DeBroglie;matched;7;1465071106;1;d1f4f6503db87ef5;1;0;0;0;0;4500;1720;2780;0,14366;0,14366;1,901437;1,898474;0,000273;0,577442;8;10;0;4500;0,577442;0,546286
Q_UNRESTRICTED/DESERT/30x30x5;Q-NEUTRAL;Q_UNRESTRICTED;0;A_UNRESTRICTED/DESERT/30x30x5;desert;30x30x5;30;5;30;4500;DeBroglie;matched;8;292549687;1;975b11d5a5b9f69f;1;0;0;0;0;4500;1656;2844;0,15044;0,15044;1,914118;1,869164;0,00159;0,628345;10;10;0;4500;0,628345;0,604308
Q_UNRESTRICTED/DESERT/30x30x5;Q-NEUTRAL;Q_UNRESTRICTED;0;A_UNRESTRICTED/DESERT/30x30x5;desert;30x30x5;30;5;30;4500;DeBroglie;matched;9;1523540701;1;c90058d2bcb3d371;1;0;0;0;0;4500;1728;2772;0,141792;0,141792;1,900495;1,894144;0,000069;0,59176;8;10;0;4500;0,59176;0,561828
Q_UNRESTRICTED/DESERT/30x30x5;Q-NEUTRAL;Q_UNRESTRICTED;0;A_UNRESTRICTED/DESERT/30x30x5;desert;30x30x5;30;5;30;4500;DeBroglie;matched;10;400805855;1;394cb10f8932080a;1;0;0;0;0;4500;1750;2750;0,150456;0,150456;1,878982;1,870245;0,001122;0,58029;8;10;0;4500;0,58029;0,548082
Q_UNRESTRICTED/DESERT/30x30x5;Q-NEUTRAL;Q_UNRESTRICTED;0;A_UNRESTRICTED/DESERT/30x30x5;desert;30x30x5;30;5;30;4500;DeBroglie;matched;11;961759538;1;5425482b851834ac;1;0;0;0;0;4500;1628;2872;0,112786;0,112786;2,045878;2,014866;0,004845;0,588045;10;10;0;4500;0,588045;0,561052
Q_UNRESTRICTED/DESERT/30x30x5;Q-NEUTRAL;Q_UNRESTRICTED;0;A_UNRESTRICTED/DESERT/30x30x5;desert;30x30x5;30;5;30;4500;DeBroglie;matched;12;1063285706;1;44f8142d8b08306a;1;0;0;0;0;4500;1740;2760;0,143435;0,143435;1,899176;1,895994;0,000538;0,580449;8;10;0;4500;0,580449;0,550744
Q_UNRESTRICTED/DESERT/30x30x5;Q-NEUTRAL;Q_UNRESTRICTED;0;A_UNRESTRICTED/DESERT/30x30x5;desert;30x30x5;30;5;30;4500;DeBroglie;matched;13;1761833190;1;60286613caaf6d43;1;0;0;0;0;4500;1747;2753;0,14887;0,14887;1,881494;1,879112;0,000531;0,582027;8;10;0;4500;0,582027;0,548902
Q_UNRESTRICTED/DESERT/30x30x5;Q-NEUTRAL;Q_UNRESTRICTED;0;A_UNRESTRICTED/DESERT/30x30x5;desert;30x30x5;30;5;30;4500;DeBroglie;matched;14;259867907;1;a88439a368e09ef0;1;0;0;0;0;4500;1748;2752;0,150055;0,150055;1,877724;1,873042;0,000569;0,581773;8;10;0;4500;0,581773;0,549374
Q_UNRESTRICTED/DESERT/30x30x5;Q-NEUTRAL;Q_UNRESTRICTED;0;A_UNRESTRICTED/DESERT/30x30x5;desert;30x30x5;30;5;30;4500;DeBroglie;matched;15;909420092;1;49a553bd9d0afce5;1;0;0;0;0;4500;1740;2760;0,143526;0,143526;1,896975;1,892598;0,000179;0,575605;8;10;0;4500;0,575605;0,543306
Q_UNRESTRICTED/DESERT/30x30x5;Q-NEUTRAL;Q_UNRESTRICTED;0;A_UNRESTRICTED/DESERT/30x30x5;desert;30x30x5;30;5;30;4500;DeBroglie;matched;16;423103977;1;2aef55fce5190043;1;0;0;0;0;4500;1722;2778;0,141385;0,141385;1,904401;1,900081;0,000306;0,587084;8;10;0;4500;0,587084;0,556508
Q_UNRESTRICTED/DESERT/30x30x5;Q-NEUTRAL;Q_UNRESTRICTED;0;A_UNRESTRICTED/DESERT/30x30x5;desert;30x30x5;30;5;30;4500;DeBroglie;matched;17;1597981199;1;ca35d767acf83969;1;0;0;0;0;4500;1740;2760;0,143536;0,143536;1,898572;1,89392;0,001024;0,579039;8;10;0;4500;0,579039;0,547673
Q_UNRESTRICTED/DESERT/30x30x5;Q-NEUTRAL;Q_UNRESTRICTED;0;A_UNRESTRICTED/DESERT/30x30x5;desert;30x30x5;30;5;30;4500;DeBroglie;matched;18;575880980;1;c7ea49c0364c14d5;1;0;0;0;0;4500;1750;2750;0,148697;0,148697;1,878577;1,871323;0,000204;0,580385;8;10;0;4500;0,580385;0,547778
Q_UNRESTRICTED/DESERT/30x30x5;Q-NEUTRAL;Q_UNRESTRICTED;0;A_UNRESTRICTED/DESERT/30x30x5;desert;30x30x5;30;5;30;4500;DeBroglie;matched;19;228847882;1;71ce2cd28750f44b;1;0;0;0;0;4500;1743;2757;0,149971;0,149971;1,875599;1,872584;0,000197;0,584921;8;10;0;4500;0,584921;0,552549
Q_UNRESTRICTED/DESERT/30x30x5;Q-NEUTRAL;Q_UNRESTRICTED;0;A_UNRESTRICTED/DESERT/30x30x5;desert;30x30x5;30;5;30;4500;DeBroglie;matched;20;1195700391;1;a3f6aebdc79b3cd9;1;0;0;0;0;4500;1739;2761;0,146564;0,146564;1,886914;1,879904;0,000411;0,586454;8;10;0;4500;0,586454;0,5542
Q_UNRESTRICTED/DESERT/30x30x5;Q-NEUTRAL;Q_UNRESTRICTED;0;A_UNRESTRICTED/DESERT/30x30x5;desert;30x30x5;30;5;30;4500;DeBroglie;matched;21;1731799702;1;8e806920f2efabea;1;0;0;0;0;4500;1742;2758;0,149463;0,149463;1,881282;1,874701;0,000222;0,585755;8;10;0;4500;0,585755;0,555306
Q_UNRESTRICTED/DESERT/30x30x5;Q-NEUTRAL;Q_UNRESTRICTED;0;A_UNRESTRICTED/DESERT/30x30x5;desert;30x30x5;30;5;30;4500;DeBroglie;matched;22;865253338;1;c2b5e8ddc861e804;1;0;0;0;0;4500;1732;2768;0,14043;0,14043;1,902561;1,895594;0,000336;0,574095;8;10;0;4500;0,574095;0,541968
Q_UNRESTRICTED/DESERT/30x30x5;Q-NEUTRAL;Q_UNRESTRICTED;0;A_UNRESTRICTED/DESERT/30x30x5;desert;30x30x5;30;5;30;4500;DeBroglie;matched;23;507109307;1;b746bb0b24031111;1;0;0;0;0;4500;1731;2769;0,139597;0,139597;1,909016;1,903239;0,000646;0,574735;8;10;0;4500;0,574735;0,543451
Q_UNRESTRICTED/DESERT/30x30x5;Q-NEUTRAL;Q_UNRESTRICTED;0;A_UNRESTRICTED/DESERT/30x30x5;desert;30x30x5;30;5;30;4500;DeBroglie;matched;24;925060188;1;33a2ea6dbcef25f2;1;0;0;0;0;4500;1747;2753;0,14958;0,14958;1,877523;1,875058;0,0004;0,581107;8;10;0;4500;0,581107;0,547909
Q_UNRESTRICTED/DESERT/30x30x5;Q-NEUTRAL;Q_UNRESTRICTED;0;A_UNRESTRICTED/DESERT/30x30x5;desert;30x30x5;30;5;30;4500;DeBroglie;matched;25;527177832;1;bff2d4a693d0b9c9;1;0;0;0;0;4500;1734;2766;0,147499;0,147499;1,883047;1,877089;0,001342;0,579524;8;10;0;4500;0,579524;0,547905
Q_UNRESTRICTED/DESERT/30x30x5;Q-NEUTRAL;Q_UNRESTRICTED;0;A_UNRESTRICTED/DESERT/30x30x5;desert;30x30x5;30;5;30;4500;DeBroglie;matched;26;2077895198;1;2bb58e715f788585;1;0;0;0;0;4500;1743;2757;0,149912;0,149912;1,880114;1,871503;0,003252;0,585646;8;10;0;4500;0,585646;0,554481
Q_UNRESTRICTED/DESERT/30x30x5;Q-NEUTRAL;Q_UNRESTRICTED;0;A_UNRESTRICTED/DESERT/30x30x5;desert;30x30x5;30;5;30;4500;DeBroglie;matched;27;844770111;1;119cad72d0c0b42d;1;0;0;0;0;4500;1735;2765;0,14553;0,14553;1,893832;1,889886;0,000684;0,581896;8;10;0;4500;0,581896;0,551574
Q_UNRESTRICTED/DESERT/30x30x5;Q-NEUTRAL;Q_UNRESTRICTED;0;A_UNRESTRICTED/DESERT/30x30x5;desert;30x30x5;30;5;30;4500;DeBroglie;matched;28;259130872;1;4a04e4a1c077fb85;1;0;0;0;0;4500;1750;2750;0,152762;0,152762;1,875908;1,871175;0,001379;0,588463;8;10;0;4500;0,588463;0,557977
Q_UNRESTRICTED/DESERT/30x30x5;Q-NEUTRAL;Q_UNRESTRICTED;0;A_UNRESTRICTED/DESERT/30x30x5;desert;30x30x5;30;5;30;4500;DeBroglie;matched;29;1293682108;1;a1be5ab2bcf1e33a;1;0;0;0;0;4500;1739;2761;0,144033;0,144033;1,892009;1,887864;0,000173;0,580698;8;10;0;4500;0,580698;0,549379
Q_UNRESTRICTED/DESERT/30x30x5;Q-NEUTRAL;Q_UNRESTRICTED;0;A_UNRESTRICTED/DESERT/30x30x5;desert;30x30x5;30;5;30;4500;DeBroglie;matched;30;480738578;1;1781237deca5e87c;1;0;0;0;0;4500;1742;2758;0,147976;0,147976;1,883725;1,877871;0,000371;0,577737;8;10;0;4500;0,577737;0,544803
Q_UNRESTRICTED/DESERT/30x30x5;Q-NEUTRAL;Q_UNRESTRICTED;0;A_UNRESTRICTED/DESERT/30x30x5;desert;30x30x5;30;5;30;4500;DeBroglie;matched;31;1161578365;1;d5b1f37e48bd4a91;1;0;0;0;0;4500;1715;2785;0,131972;0,131972;1,930638;1,923235;0,001507;0,583311;8;10;0;4500;0,583311;0,552789
Q_UNRESTRICTED/DESERT/30x30x5;Q-NEUTRAL;Q_UNRESTRICTED;0;A_UNRESTRICTED/DESERT/30x30x5;desert;30x30x5;30;5;30;4500;DeBroglie;matched;32;284444736;1;9771d00ff4d806ab;1;0;0;0;0;4500;1739;2761;0,143895;0,143895;1,891671;1,884802;0,000356;0,576893;8;10;0;4500;0,576893;0,543088
Q_UNRESTRICTED/DESERT/30x30x5;Q-NEUTRAL;Q_UNRESTRICTED;0;A_UNRESTRICTED/DESERT/30x30x5;desert;30x30x5;30;5;30;4500;DeBroglie;matched;33;251138866;1;e7bb58fae0bc0ee1;1;0;0;0;0;4500;1757;2743;0,155033;0,155033;1,865976;1,861649;0,000553;0,581764;8;10;0;4500;0,581764;0,550145
Q_UNRESTRICTED/DESERT/30x30x5;Q-NEUTRAL;Q_UNRESTRICTED;0;A_UNRESTRICTED/DESERT/30x30x5;desert;30x30x5;30;5;30;4500;DeBroglie;matched;34;909437045;1;7427df278a315b45;1;0;0;0;0;4500;1747;2753;0,146064;0,146064;1,889827;1,885124;0,000161;0,58054;8;10;0;4500;0,58054;0,548467
Q_UNRESTRICTED/DESERT/30x30x5;Q-NEUTRAL;Q_UNRESTRICTED;0;A_UNRESTRICTED/DESERT/30x30x5;desert;30x30x5;30;5;30;4500;DeBroglie;matched;35;590746925;1;beb8b50049c04009;1;0;0;0;0;4500;1740;2760;0,146555;0,146555;1,891655;1,887008;0,000504;0,583175;8;10;0;4500;0,583175;0,553533
Q_UNRESTRICTED/DESERT/30x30x5;Q-NEUTRAL;Q_UNRESTRICTED;0;A_UNRESTRICTED/DESERT/30x30x5;desert;30x30x5;30;5;30;4500;DeBroglie;matched;36;1700931468;1;6613d130a002a57a;1;0;0;0;0;4500;1713;2787;0,133857;0,133857;1,926402;1,92198;0,000517;0,578594;8;10;0;4500;0,578594;0,548916
Q_UNRESTRICTED/DESERT/30x30x5;Q-NEUTRAL;Q_UNRESTRICTED;0;A_UNRESTRICTED/DESERT/30x30x5;desert;30x30x5;30;5;30;4500;DeBroglie;matched;37;1500560172;1;0b54868337caba85;1;0;0;0;0;4500;1732;2768;0,140758;0,140758;1,901956;1,893999;0,000254;0,587605;8;10;0;4500;0,587605;0,556358
Q_UNRESTRICTED/DESERT/30x30x5;Q-NEUTRAL;Q_UNRESTRICTED;0;A_UNRESTRICTED/DESERT/30x30x5;desert;30x30x5;30;5;30;4500;DeBroglie;matched;38;1130565884;1;25d4b946fe8a573b;1;0;0;0;0;4500;1739;2761;0,143291;0,143291;1,894613;1,889406;0,000214;0,577224;8;10;0;4500;0,577224;0,544971
Q_UNRESTRICTED/DESERT/30x30x5;Q-NEUTRAL;Q_UNRESTRICTED;0;A_UNRESTRICTED/DESERT/30x30x5;desert;30x30x5;30;5;30;4500;DeBroglie;matched;39;143099912;1;196caa1e2da040f3;1;0;0;0;0;4500;1748;2752;0,150842;0,150842;1,877759;1,873491;0,000196;0,583138;8;10;0;4500;0,583138;0,551501
Q_UNRESTRICTED/DESERT/30x30x5;Q-NEUTRAL;Q_UNRESTRICTED;0;A_UNRESTRICTED/DESERT/30x30x5;desert;30x30x5;30;5;30;4500;DeBroglie;matched;40;2039098990;1;b76beb785b3ef74d;1;0;0;0;0;4500;1738;2762;0,143563;0,143563;1,894584;1,891996;0,000311;0,582785;8;10;0;4500;0,582785;0,549723
Q_UNRESTRICTED/DESERT/30x30x5;Q-NEUTRAL;Q_UNRESTRICTED;0;A_UNRESTRICTED/DESERT/30x30x5;desert;30x30x5;30;5;30;4500;DeBroglie;matched;41;893842425;1;605533651b96bf65;1;0;0;0;0;4500;1735;2765;0,143171;0,143171;1,896051;1,889275;0,000599;0,586853;8;10;0;4500;0,586853;0,556113
Q_UNRESTRICTED/DESERT/30x30x5;Q-NEUTRAL;Q_UNRESTRICTED;0;A_UNRESTRICTED/DESERT/30x30x5;desert;30x30x5;30;5;30;4500;DeBroglie;matched;42;612394649;1;05baf17ecb313b2a;1;0;0;0;0;4500;1728;2772;0,138071;0,138071;1,911228;1,905004;0,001963;0,57883;8;10;0;4500;0,57883;0,547383
Q_UNRESTRICTED/DESERT/30x30x5;Q-NEUTRAL;Q_UNRESTRICTED;0;A_UNRESTRICTED/DESERT/30x30x5;desert;30x30x5;30;5;30;4500;DeBroglie;matched;43;815060367;1;42c659379f13275a;1;0;0;0;0;4500;1617;2883;0,125316;0,125316;2,003564;1,97002;0,007495;0,590576;10;10;0;4500;0,590576;0,565596
Q_UNRESTRICTED/DESERT/30x30x5;Q-NEUTRAL;Q_UNRESTRICTED;0;A_UNRESTRICTED/DESERT/30x30x5;desert;30x30x5;30;5;30;4500;DeBroglie;matched;44;1196643384;1;4333fadc4d49b131;1;0;0;0;0;4500;1737;2763;0,14491;0,14491;1,892595;1,89019;0,000206;0,584975;8;10;0;4500;0,584975;0,553238
Q_UNRESTRICTED/DESERT/30x30x5;Q-NEUTRAL;Q_UNRESTRICTED;0;A_UNRESTRICTED/DESERT/30x30x5;desert;30x30x5;30;5;30;4500;DeBroglie;matched;45;1308748128;1;7bf1a41d4c19f486;1;0;0;0;0;4500;1718;2782;0,139084;0,139084;1,912209;1,910733;0,000107;0,581764;8;10;0;4500;0,581764;0,552431
Q_UNRESTRICTED/DESERT/30x30x5;Q-NEUTRAL;Q_UNRESTRICTED;0;A_UNRESTRICTED/DESERT/30x30x5;desert;30x30x5;30;5;30;4500;DeBroglie;matched;46;865953073;1;1ba6271bc72d7f23;1;0;0;0;0;4500;1723;2777;0,143546;0,143546;1,892867;1,889101;0,000126;0,590889;8;10;0;4500;0,590889;0,560449
Q_UNRESTRICTED/DESERT/30x30x5;Q-NEUTRAL;Q_UNRESTRICTED;0;A_UNRESTRICTED/DESERT/30x30x5;desert;30x30x5;30;5;30;4500;DeBroglie;matched;47;1912820843;1;cd0a6b6488bff831;1;0;0;0;0;4500;1730;2770;0,139768;0,139768;1,907696;1,901493;0,00099;0,584812;8;10;0;4500;0,584812;0,553991
Q_UNRESTRICTED/DESERT/30x30x5;Q-NEUTRAL;Q_UNRESTRICTED;0;A_UNRESTRICTED/DESERT/30x30x5;desert;30x30x5;30;5;30;4500;DeBroglie;matched;48;504102492;1;84a1d41e0eaf3de7;1;0;0;0;0;4500;1724;2776;0,138686;0,138686;1,912088;1,90794;0,000524;0,584476;8;10;0;4500;0,584476;0,554354
Q_UNRESTRICTED/DESERT/30x30x5;Q-NEUTRAL;Q_UNRESTRICTED;0;A_UNRESTRICTED/DESERT/30x30x5;desert;30x30x5;30;5;30;4500;DeBroglie;matched;49;2042653614;1;dd2a278b1f05d5a5;1;0;0;0;0;4500;1736;2764;0,140974;0,140974;1,899513;1,896501;0,000118;0,588122;8;10;0;4500;0,588122;0,557229
Q_UNRESTRICTED/FARM/10x10x5;Q-NEUTRAL;Q_UNRESTRICTED;0;A_UNRESTRICTED/FARM/10x10x5;farm;10x10x5;10;5;10;500;ThisWork;heap;0;349573240;1;b3d0f39c0b626128;1;0;0;0;0;500;174;326;0,307069;0,307069;2,558638;2,112172;0,071661;0,558531;19;25;0;500;0,558531;0,551551
Q_UNRESTRICTED/FARM/10x10x5;Q-NEUTRAL;Q_UNRESTRICTED;0;A_UNRESTRICTED/FARM/10x10x5;farm;10x10x5;10;5;10;500;ThisWork;heap;1;816534088;1;016ebbf9b3a657ce;1;0;0;0;0;500;132;368;0,529199;0,529199;2,21309;1,75442;0,090881;0,638653;15;25;0;500;0,638653;0,634816
Q_UNRESTRICTED/FARM/10x10x5;Q-NEUTRAL;Q_UNRESTRICTED;0;A_UNRESTRICTED/FARM/10x10x5;farm;10x10x5;10;5;10;500;ThisWork;heap;2;903964553;1;3b6e16f32b36a9b1;1;0;0;0;0;500;186;314;0,263726;0,263726;2,31888;1,871272;0,123857;0,678735;22;25;0;500;0,678735;0,673959
Q_UNRESTRICTED/FARM/10x10x5;Q-NEUTRAL;Q_UNRESTRICTED;0;A_UNRESTRICTED/FARM/10x10x5;farm;10x10x5;10;5;10;500;ThisWork;heap;3;1366784194;1;4c09ba5160cedaac;1;0;0;0;0;500;149;351;0,214265;0,214265;2,60919;2,027003;0,073553;0,528367;22;25;0;500;0,528367;0,52351
Q_UNRESTRICTED/FARM/10x10x5;Q-NEUTRAL;Q_UNRESTRICTED;0;A_UNRESTRICTED/FARM/10x10x5;farm;10x10x5;10;5;10;500;ThisWork;heap;4;1057368248;1;64c627173339c157;1;0;0;0;0;500;170;330;0,297742;0,297742;2,723853;2,146377;0,144293;0,561592;21;25;0;500;0,561592;0,556571
Q_UNRESTRICTED/FARM/10x10x5;Q-NEUTRAL;Q_UNRESTRICTED;0;A_UNRESTRICTED/FARM/10x10x5;farm;10x10x5;10;5;10;500;ThisWork;heap;5;649001033;1;e1678206dde36781;1;0;0;0;0;500;185;315;0,241442;0,241442;2,637796;2,162961;0,153218;0,663265;23;25;0;500;0,663265;0,659592
Q_UNRESTRICTED/FARM/10x10x5;Q-NEUTRAL;Q_UNRESTRICTED;0;A_UNRESTRICTED/FARM/10x10x5;farm;10x10x5;10;5;10;500;ThisWork;heap;6;1744078322;1;52c924500a413a14;1;0;0;0;0;500;171;329;0,315053;0,315053;2,606781;2,147723;0,063248;0,634327;18;25;0;500;0,634327;0,631061
Q_UNRESTRICTED/FARM/10x10x5;Q-NEUTRAL;Q_UNRESTRICTED;0;A_UNRESTRICTED/FARM/10x10x5;farm;10x10x5;10;5;10;500;ThisWork;heap;7;943972228;1;097eb8977e6f2699;1;0;0;0;0;500;144;356;0,260734;0,260734;2,406079;2,109348;0,013513;0,530327;15;25;0;500;0,530327;0,526367
Q_UNRESTRICTED/FARM/10x10x5;Q-NEUTRAL;Q_UNRESTRICTED;0;A_UNRESTRICTED/FARM/10x10x5;farm;10x10x5;10;5;10;500;ThisWork;heap;8;281989615;1;94e1048e7868a880;1;0;0;0;0;500;157;343;0,273119;0,273119;2,633749;2,063203;0,106268;0,529959;21;25;0;500;0,529959;0,525143
Q_UNRESTRICTED/FARM/10x10x5;Q-NEUTRAL;Q_UNRESTRICTED;0;A_UNRESTRICTED/FARM/10x10x5;farm;10x10x5;10;5;10;500;ThisWork;heap;9;1413095316;1;f6e2c6d1ffbe475e;1;0;0;0;0;500;163;337;0,42039;0,42039;2,425202;1,910328;0,0927;0,670204;17;25;0;500;0,670204;0,664327
Q_UNRESTRICTED/FARM/10x10x5;Q-NEUTRAL;Q_UNRESTRICTED;0;A_UNRESTRICTED/FARM/10x10x5;farm;10x10x5;10;5;10;500;ThisWork;heap;10;989227202;1;6c1ac430309fcd6f;1;0;0;0;0;500;154;346;0,335019;0,335019;2,215695;1,839909;0,112755;0,529714;15;25;0;500;0,529714;0,523837
Q_UNRESTRICTED/FARM/10x10x5;Q-NEUTRAL;Q_UNRESTRICTED;0;A_UNRESTRICTED/FARM/10x10x5;farm;10x10x5;10;5;10;500;ThisWork;heap;11;232324538;1;c0cb46c8bec9b336;1;0;0;0;0;500;146;354;0,231094;0,231094;2,476339;2,063008;0,045463;0,502286;20;25;0;500;0,502286;0,498122
Q_UNRESTRICTED/FARM/10x10x5;Q-NEUTRAL;Q_UNRESTRICTED;0;A_UNRESTRICTED/FARM/10x10x5;farm;10x10x5;10;5;10;500;ThisWork;heap;12;1073345481;1;beb76d7d904c57f6;1;0;0;0;0;500;140;360;0,276103;0,276103;2,330669;2,045464;0,01102;0,582286;20;25;0;500;0,582286;0,579755
Q_UNRESTRICTED/FARM/10x10x5;Q-NEUTRAL;Q_UNRESTRICTED;0;A_UNRESTRICTED/FARM/10x10x5;farm;10x10x5;10;5;10;500;ThisWork;heap;13;204935262;1;f5364894daaee675;1;0;0;0;0;500;169;331;0,304984;0,304984;2,489707;2,027534;0,049371;0,547143;21;25;0;500;0,547143;0,541633
Q_UNRESTRICTED/FARM/10x10x5;Q-NEUTRAL;Q_UNRESTRICTED;0;A_UNRESTRICTED/FARM/10x10x5;farm;10x10x5;10;5;10;500;ThisWork;heap;14;1464221379;1;aa4cccaeb2ce16d0;1;0;0;0;0;500;173;327;0,262288;0,262288;2,527982;2,069975;0,039651;0,647837;21;25;0;500;0,647837;0,642939
Q_UNRESTRICTED/FARM/10x10x5;Q-NEUTRAL;Q_UNRESTRICTED;0;A_UNRESTRICTED/FARM/10x10x5;farm;10x10x5;10;5;10;500;ThisWork;heap;15;260621928;1;8990d2f1a2261bfc;1;0;0;0;0;500;170;330;0,281467;0,281467;2,510662;2,105831;0,1401;0,627429;19;25;0;500;0,627429;0,622367
Q_UNRESTRICTED/FARM/10x10x5;Q-NEUTRAL;Q_UNRESTRICTED;0;A_UNRESTRICTED/FARM/10x10x5;farm;10x10x5;10;5;10;500;ThisWork;heap;16;888888880;1;4fe731a5e53867b1;1;0;0;0;0;500;179;321;0,300361;0,300361;2,47525;2,046818;0,054221;0,575714;20;25;0;500;0,575714;0,570082
Q_UNRESTRICTED/FARM/10x10x5;Q-NEUTRAL;Q_UNRESTRICTED;0;A_UNRESTRICTED/FARM/10x10x5;farm;10x10x5;10;5;10;500;ThisWork;heap;17;1258697474;1;4691681b6a7407fe;1;0;0;0;0;500;159;341;0,287047;0,287047;2,528979;2,271529;0,01532;0,523184;20;25;0;500;0,523184;0,518122
Q_UNRESTRICTED/FARM/10x10x5;Q-NEUTRAL;Q_UNRESTRICTED;0;A_UNRESTRICTED/FARM/10x10x5;farm;10x10x5;10;5;10;500;ThisWork;heap;18;1615362220;1;6378459e64649ad6;1;0;0;0;0;500;147;353;0,337706;0,337706;1,948449;1,717157;0,057859;0,583878;12;25;0;500;0,583878;0,579755
Q_UNRESTRICTED/FARM/10x10x5;Q-NEUTRAL;Q_UNRESTRICTED;0;A_UNRESTRICTED/FARM/10x10x5;farm;10x10x5;10;5;10;500;ThisWork;heap;19;562855368;1;f031a57f24a644df;1;0;0;0;0;500;123;377;0,216337;0,216337;2,13433;1,939859;0,01075;0,481061;14;25;0;500;0,481061;0,478612
Q_UNRESTRICTED/FARM/10x10x5;Q-NEUTRAL;Q_UNRESTRICTED;0;A_UNRESTRICTED/FARM/10x10x5;farm;10x10x5;10;5;10;500;ThisWork;heap;20;878809793;1;bd175b36319394a5;1;0;0;0;0;500;150;350;0,274825;0,274825;2,296715;1,906217;0,132489;0,50551;17;25;0;500;0,50551;0,500898
Q_UNRESTRICTED/FARM/10x10x5;Q-NEUTRAL;Q_UNRESTRICTED;0;A_UNRESTRICTED/FARM/10x10x5;farm;10x10x5;10;5;10;500;ThisWork;heap;21;3662938;1;6c3cbb59bae7ddc2;1;0;0;0;0;500;142;358;0,258334;0,258334;2,303107;1,969756;0,039819;0,495959;17;25;0;500;0,495959;0,492327
Q_UNRESTRICTED/FARM/10x10x5;Q-NEUTRAL;Q_UNRESTRICTED;0;A_UNRESTRICTED/FARM/10x10x5;farm;10x10x5;10;5;10;500;ThisWork;heap;22;1804371796;1;254483e684477d94;1;0;0;0;0;500;153;347;0,266527;0,266527;2,5082;2,105017;0,04038;0,539388;20;25;0;500;0,539388;0,533306
Q_UNRESTRICTED/FARM/10x10x5;Q-NEUTRAL;Q_UNRESTRICTED;0;A_UNRESTRICTED/FARM/10x10x5;farm;10x10x5;10;5;10;500;ThisWork;heap;23;452281870;1;9156d1ae46b46cdc;1;0;0;0;0;500;160;340;0,284307;0,284307;2,502039;1,995195;0,074025;0,54498;18;25;0;500;0,54498;0,539959
Q_UNRESTRICTED/FARM/10x10x5;Q-NEUTRAL;Q_UNRESTRICTED;0;A_UNRESTRICTED/FARM/10x10x5;farm;10x10x5;10;5;10;500;ThisWork;heap;24;258917888;1;bff644e6706c0246;1;0;0;0;0;500;184;316;0,301706;0,301706;2,611759;2,267566;0,121487;0,647673;22;25;0;500;0,647673;0,641265
Q_UNRESTRICTED/FARM/10x10x5;Q-NEUTRAL;Q_UNRESTRICTED;0;A_UNRESTRICTED/FARM/10x10x5;farm;10x10x5;10;5;10;500;ThisWork;heap;25;2102533224;1;d9cac0c09c1dc54b;1;0;0;0;0;500;133;367;0,159804;0,159804;2,56863;2,001762;0,017248;0,494571;19;25;0;500;0,494571;0,49049
Q_UNRESTRICTED/FARM/10x10x5;Q-NEUTRAL;Q_UNRESTRICTED;0;A_UNRESTRICTED/FARM/10x10x5;farm;10x10x5;10;5;10;500;ThisWork;heap;26;763561054;1;f19d6718b308d81e;1;0;0;0;0;500;148;352;0,230474;0,230474;2,67562;2,2443;0,024955;0,515837;18;25;0;500;0,515837;0,51049
Q_UNRESTRICTED/FARM/10x10x5;Q-NEUTRAL;Q_UNRESTRICTED;0;A_UNRESTRICTED/FARM/10x10x5;farm;10x10x5;10;5;10;500;ThisWork;heap;27;302086915;1;27a4e91d78ecab17;1;0;0;0;0;500;150;350;0,235757;0,235757;2,645671;2,004899;0,123366;0,525673;20;25;0;500;0,525673;0,521592
Q_UNRESTRICTED/FARM/10x10x5;Q-NEUTRAL;Q_UNRESTRICTED;0;A_UNRESTRICTED/FARM/10x10x5;farm;10x10x5;10;5;10;500;ThisWork;heap;28;1122961024;1;cacf487015044e14;1;0;0;0;0;500;152;348;0,290532;0,290532;2,490976;2,093569;0,038963;0,515347;18;25;0;500;0,515347;0,511673
Q_UNRESTRICTED/FARM/10x10x5;Q-NEUTRAL;Q_UNRESTRICTED;0;A_UNRESTRICTED/FARM/10x10x5;farm;10x10x5;10;5;10;500;ThisWork;heap;29;1631937213;1;47d05c935c018b26;1;0;0;0;0;500;135;365;0,170642;0,170642;2,446921;1,943637;0,061167;0,491755;20;25;0;500;0,491755;0,488367
Q_UNRESTRICTED/FARM/10x10x5;Q-NEUTRAL;Q_UNRESTRICTED;0;A_UNRESTRICTED/FARM/10x10x5;farm;10x10x5;10;5;10;500;ThisWork;heap;30;1924447100;1;c6189311687f9f3e;1;0;0;0;0;500;195;305;0,311342;0,311342;2,014717;1,855932;0,022022;0,690286;15;25;0;500;0,690286;0,684531
Q_UNRESTRICTED/FARM/10x10x5;Q-NEUTRAL;Q_UNRESTRICTED;0;A_UNRESTRICTED/FARM/10x10x5;farm;10x10x5;10;5;10;500;ThisWork;heap;31;1341089938;1;ff102fcc7af15c5f;1;0;0;0;0;500;136;364;0,186091;0,186091;2,387054;2,02582;0,0123;0,494776;18;25;0;500;0,494776;0,489714
Q_UNRESTRICTED/FARM/10x10x5;Q-NEUTRAL;Q_UNRESTRICTED;0;A_UNRESTRICTED/FARM/10x10x5;farm;10x10x5;10;5;10;500;ThisWork;heap;32;881353854;1;efa77332c631c1f9;1;0;0;0;0;500;100;400;0,190773;0,190773;1,465176;1,219945;0,019691;0,701959;7;25;0;500;0,701959;0,700163
Q_UNRESTRICTED/FARM/10x10x5;Q-NEUTRAL;Q_UNRESTRICTED;0;A_UNRESTRICTED/FARM/10x10x5;farm;10x10x5;10;5;10;500;ThisWork;heap;33;1671385236;1;fd3cb67982b35926;1;0;0;0;0;500;120;380;0,301547;0,301547;1,88572;1,477191;0,045692;0,673551;9;25;0;500;0,673551;0,670082
Q_UNRESTRICTED/FARM/10x10x5;Q-NEUTRAL;Q_UNRESTRICTED;0;A_UNRESTRICTED/FARM/10x10x5;farm;10x10x5;10;5;10;500;ThisWork;heap;34;1368399744;1;cd15b028f5b15dd0;1;0;0;0;0;500;140;360;0,226097;0,226097;2,416263;2,052293;0,044336;0,502367;16;25;0;500;0,502367;0,498245
Q_UNRESTRICTED/FARM/10x10x5;Q-NEUTRAL;Q_UNRESTRICTED;0;A_UNRESTRICTED/FARM/10x10x5;farm;10x10x5;10;5;10;500;ThisWork;heap;35;1491501511;1;db8e1ecedd78c5ce;1;0;0;0;0;500;156;344;0,250993;0,250993;2,546517;2,258842;0,041451;0,519102;19;25;0;500;0,519102;0,514163
Q_UNRESTRICTED/FARM/10x10x5;Q-NEUTRAL;Q_UNRESTRICTED;0;A_UNRESTRICTED/FARM/10x10x5;farm;10x10x5;10;5;10;500;ThisWork;heap;36;1432784796;1;7c76baf014c219cc;1;0;0;0;0;500;147;353;0,302526;0,302526;2,277194;1,988504;0,020547;0,588245;15;25;0;500;0,588245;0,585143
Q_UNRESTRICTED/FARM/10x10x5;Q-NEUTRAL;Q_UNRESTRICTED;0;A_UNRESTRICTED/FARM/10x10x5;farm;10x10x5;10;5;10;500;ThisWork;heap;37;834793343;1;4d2b7ad20622ede7;1;0;0;0;0;500;145;355;0,294469;0,294469;2,337908;2,04618;0,043867;0,54102;14;25;0;500;0,54102;0,536531
Q_UNRESTRICTED/FARM/10x10x5;Q-NEUTRAL;Q_UNRESTRICTED;0;A_UNRESTRICTED/FARM/10x10x5;farm;10x10x5;10;5;10;500;ThisWork;heap;38;647541538;1;dbe1b2d0eb7d9965;1;0;0;0;0;500;152;348;0,378197;0,378197;2,123869;1,631577;0,053028;0,605878;13;25;0;500;0,605878;0,602082
Q_UNRESTRICTED/FARM/10x10x5;Q-NEUTRAL;Q_UNRESTRICTED;0;A_UNRESTRICTED/FARM/10x10x5;farm;10x10x5;10;5;10;500;ThisWork;heap;39;1570695928;1;0d3e31323dea3afc;1;0;0;0;0;500;181;319;0,306413;0,306413;2,528417;2,313953;0,053463;0,630531;19;25;0;500;0,630531;0,624122
Q_UNRESTRICTED/FARM/10x10x5;Q-NEUTRAL;Q_UNRESTRICTED;0;A_UNRESTRICTED/FARM/10x10x5;farm;10x10x5;10;5;10;500;ThisWork;heap;40;1932782763;1;b75ae2ac2612dbb1;1;0;0;0;0;500;138;362;0,220189;0,220189;2,446156;1,992929;0,036064;0,614694;17;25;0;500;0,614694;0,611796
Q_UNRESTRICTED/FARM/10x10x5;Q-NEUTRAL;Q_UNRESTRICTED;0;A_UNRESTRICTED/FARM/10x10x5;farm;10x10x5;10;5;10;500;ThisWork;heap;41;55073069;1;0a5c2fef7491b29f;1;0;0;0;0;500;158;342;0,304976;0,304976;2,642517;2,272513;0,014323;0,646204;20;25;0;500;0,646204;0,642082
Q_UNRESTRICTED/FARM/10x10x5;Q-NEUTRAL;Q_UNRESTRICTED;0;A_UNRESTRICTED/FARM/10x10x5;farm;10x10x5;10;5;10;500;ThisWork;heap;42;511854041;1;ffe733a0756ffaac;1;0;0;0;0;500;190;310;0,355323;0,355323;2,450319;2,075779;0,048699;0,605224;19;25;0;500;0,605224;0,597347
Q_UNRESTRICTED/FARM/10x10x5;Q-NEUTRAL;Q_UNRESTRICTED;0;A_UNRESTRICTED/FARM/10x10x5;farm;10x10x5;10;5;10;500;ThisWork;heap;43;1890258077;1;75bd3a7839d00ee1;1;0;0;0;0;500;114;386;0,188518;0,188518;1,999409;1,561358;0,137357;0,568204;13;25;0;500;0,568204;0,567673
Q_UNRESTRICTED/FARM/10x10x5;Q-NEUTRAL;Q_UNRESTRICTED;0;A_UNRESTRICTED/FARM/10x10x5;farm;10x10x5;10;5;10;500;ThisWork;heap;44;2018292105;1;b4544423b5f0f7f1;1;0;0;0;0;500;208;292;0,367379;0,367379;2,092753;1,935705;0,012666;0,689061;14;25;0;500;0,689061;0,682612
Q_UNRESTRICTED/FARM/10x10x5;Q-NEUTRAL;Q_UNRESTRICTED;0;A_UNRESTRICTED/FARM/10x10x5;farm;10x10x5;10;5;10;500;ThisWork;heap;45;604917227;1;90bc416faeda39af;1;0;0;0;0;500;183;317;0,330981;0,330981;2,278654;1,980428;0,086874;0,635429;18;25;0;500;0,635429;0,629347
Q_UNRESTRICTED/FARM/10x10x5;Q-NEUTRAL;Q_UNRESTRICTED;0;A_UNRESTRICTED/FARM/10x10x5;farm;10x10x5;10;5;10;500;ThisWork;heap;46;1955709104;1;f3c01b517d777978;1;0;0;0;0;500;151;349;0,229802;0,229802;2,702156;2,159688;0,291648;0,509878;21;25;0;500;0,509878;0,504694
Q_UNRESTRICTED/FARM/10x10x5;Q-NEUTRAL;Q_UNRESTRICTED;0;A_UNRESTRICTED/FARM/10x10x5;farm;10x10x5;10;5;10;500;ThisWork;heap;47;1157704661;1;be3218b07eab4970;1;0;0;0;0;500;154;346;0,235643;0,235643;2,102763;1,622333;0,092741;0,662857;18;25;0;500;0,662857;0,657959
Q_UNRESTRICTED/FARM/10x10x5;Q-NEUTRAL;Q_UNRESTRICTED;0;A_UNRESTRICTED/FARM/10x10x5;farm;10x10x5;10;5;10;500;ThisWork;heap;48;1385651106;1;c220c2fdc5016297;1;0;0;0;0;500;100;400;0,211326;0,211326;1,467087;1,284541;0,113186;0,701837;9;25;0;500;0,701837;0,699755
Q_UNRESTRICTED/FARM/10x10x5;Q-NEUTRAL;Q_UNRESTRICTED;0;A_UNRESTRICTED/FARM/10x10x5;farm;10x10x5;10;5;10;500;ThisWork;heap;49;1933585019;1;48297c750bc7f546;1;0;0;0;0;500;184;316;0,272534;0,272534;2,781356;2,553509;0,01164;0,580694;22;25;0;500;0,580694;0,574939
Q_UNRESTRICTED/FARM/10x10x5;Q-NEUTRAL;Q_UNRESTRICTED;0;A_UNRESTRICTED/FARM/10x10x5;farm;10x10x5;10;5;10;500;Gumin;simple-tiled-3d;0;349573240;1;508ac74c86363638;1;0;0;0;0;500;150;350;0,256013;0,256013;2,556996;2,135362;0,045846;0,522367;18;25;0;500;0,522367;0,518122
Q_UNRESTRICTED/FARM/10x10x5;Q-NEUTRAL;Q_UNRESTRICTED;0;A_UNRESTRICTED/FARM/10x10x5;farm;10x10x5;10;5;10;500;Gumin;simple-tiled-3d;1;816534088;1;060967faa86b7950;1;0;0;0;0;500;139;361;0,420485;0,420485;2,263453;1,640113;0,669256;0,666327;16;25;0;500;0,666327;0,663592
Q_UNRESTRICTED/FARM/10x10x5;Q-NEUTRAL;Q_UNRESTRICTED;0;A_UNRESTRICTED/FARM/10x10x5;farm;10x10x5;10;5;10;500;Gumin;simple-tiled-3d;2;903964553;1;747ae523ce974093;1;0;0;0;0;500;168;332;0,250195;0,250195;2,619572;2,168141;0,080545;0,662041;21;25;0;500;0,662041;0,657265
Q_UNRESTRICTED/FARM/10x10x5;Q-NEUTRAL;Q_UNRESTRICTED;0;A_UNRESTRICTED/FARM/10x10x5;farm;10x10x5;10;5;10;500;Gumin;simple-tiled-3d;3;1366784194;1;2696d938cc88e706;1;0;0;0;0;500;177;323;0,353622;0,353622;2,484904;2,212161;0,110407;0,557388;18;25;0;500;0,557388;0,551102
Q_UNRESTRICTED/FARM/10x10x5;Q-NEUTRAL;Q_UNRESTRICTED;0;A_UNRESTRICTED/FARM/10x10x5;farm;10x10x5;10;5;10;500;Gumin;simple-tiled-3d;4;1057368248;1;28a32501cbc41616;1;0;0;0;0;500;192;308;0,328932;0,328932;2,641338;2,171256;0,072596;0,63898;20;25;0;500;0,63898;0,631796
Q_UNRESTRICTED/FARM/10x10x5;Q-NEUTRAL;Q_UNRESTRICTED;0;A_UNRESTRICTED/FARM/10x10x5;farm;10x10x5;10;5;10;500;Gumin;simple-tiled-3d;5;649001033;1;f5294d5363c9e66b;1;0;0;0;0;500;187;313;0,285877;0,285877;2,280368;1,962404;0,070392;0,683224;16;25;0;500;0,683224;0,678408
Q_UNRESTRICTED/FARM/10x10x5;Q-NEUTRAL;Q_UNRESTRICTED;0;A_UNRESTRICTED/FARM/10x10x5;farm;10x10x5;10;5;10;500;Gumin;simple-tiled-3d;6;1744078322;1;8604630f05b8ae1b;1;0;0;0;0;500;195;305;0,278129;0,278129;2,688269;2,161394;0,064397;0,671592;21;25;0;500;0,671592;0,667102
Q_UNRESTRICTED/FARM/10x10x5;Q-NEUTRAL;Q_UNRESTRICTED;0;A_UNRESTRICTED/FARM/10x10x5;farm;10x10x5;10;5;10;500;Gumin;simple-tiled-3d;7;943972228;1;cdb137fe26a41886;1;0;0;0;0;500;154;346;0,272304;0,272304;2,540512;2,151914;0,160275;0,531102;18;25;0;500;0,531102;0,526286
Q_UNRESTRICTED/FARM/10x10x5;Q-NEUTRAL;Q_UNRESTRICTED;0;A_UNRESTRICTED/FARM/10x10x5;farm;10x10x5;10;5;10;500;Gumin;simple-tiled-3d;8;281989615;1;b3965bcf6987b9ad;1;0;0;0;0;500;154;346;0,274104;0,274104;2,429799;2,131635;0,039805;0,532694;18;25;0;500;0,532694;0,52698
Q_UNRESTRICTED/FARM/10x10x5;Q-NEUTRAL;Q_UNRESTRICTED;0;A_UNRESTRICTED/FARM/10x10x5;farm;10x10x5;10;5;10;500;Gumin;simple-tiled-3d;9;1413095316;1;1e8f87c68cbab818;1;0;0;0;0;500;122;378;0,367084;0,367084;2,491233;1,966715;0,157551;0,606163;17;25;0;500;0,606163;0,604082
Q_UNRESTRICTED/FARM/10x10x5;Q-NEUTRAL;Q_UNRESTRICTED;0;A_UNRESTRICTED/FARM/10x10x5;farm;10x10x5;10;5;10;500;Gumin;simple-tiled-3d;10;989227202;1;8b36ec17cb827f99;1;0;0;0;0;500;153;347;0,283807;0,283807;2,521994;2,09984;0,141547;0,542449;20;25;0;500;0,542449;0,539143
Q_UNRESTRICTED/FARM/10x10x5;Q-NEUTRAL;Q_UNRESTRICTED;0;A_UNRESTRICTED/FARM/10x10x5;farm;10x10x5;10;5;10;500;Gumin;simple-tiled-3d;11;232324538;1;13a025e264e521cc;1;0;0;0;0;500;130;370;0,162037;0,162037;2,502972;1,868797;0,160837;0,463592;21;25;0;500;0,463592;0,459837
Q_UNRESTRICTED/FARM/10x10x5;Q-NEUTRAL;Q_UNRESTRICTED;0;A_UNRESTRICTED/FARM/10x10x5;farm;10x10x5;10;5;10;500;Gumin;simple-tiled-3d;12;1073345481;1;776e479365d758b2;1;0;0;0;0;500;143;357;0,293784;0,293784;2,322371;1,790476;0,059215;0,50902;19;25;0;500;0,50902;0,504
Q_UNRESTRICTED/FARM/10x10x5;Q-NEUTRAL;Q_UNRESTRICTED;0;A_UNRESTRICTED/FARM/10x10x5;farm;10x10x5;10;5;10;500;Gumin;simple-tiled-3d;13;204935262;1;84f0483bf869f9f7;1;0;0;0;0;500;146;354;0,260143;0,260143;2,390886;2,073943;0,148085;0,481265;17;25;0;500;0,481265;0,476531
Q_UNRESTRICTED/FARM/10x10x5;Q-NEUTRAL;Q_UNRESTRICTED;0;A_UNRESTRICTED/FARM/10x10x5;farm;10x10x5;10;5;10;500;Gumin;simple-tiled-3d;14;1464221379;1;fcf4d43a62c9e08e;1;0;0;0;0;500;139;361;0,187843;0,187843;2,630499;2,080657;0,128511;0,630367;20;25;0;500;0,630367;0,627102
Q_UNRESTRICTED/FARM/10x10x5;Q-NEUTRAL;Q_UNRESTRICTED;0;A_UNRESTRICTED/FARM/10x10x5;farm;10x10x5;10;5;10;500;Gumin;simple-tiled-3d;15;260621928;2;95ee329c04b7b9d8;1;0;0;0;0;500;138;362;0,197003;0,197003;2,412583;1,741163;0,209476;0,478245;18;25;0;500;0,478245;0,473224
Q_UNRESTRICTED/FARM/10x10x5;Q-NEUTRAL;Q_UNRESTRICTED;0;A_UNRESTRICTED/FARM/10x10x5;farm;10x10x5;10;5;10;500;Gumin;simple-tiled-3d;16;888888880;1;b9792c416207f324;1;0;0;0;0;500;166;334;0,2742;0,2742;2,715249;2,244788;0,021033;0,540939;22;25;0;500;0,540939;0,536816
Q_UNRESTRICTED/FARM/10x10x5;Q-NEUTRAL;Q_UNRESTRICTED;0;A_UNRESTRICTED/FARM/10x10x5;farm;10x10x5;10;5;10;500;Gumin;simple-tiled-3d;17;1258697474;1;31e58d59b9355748;1;0;0;0;0;500;172;328;0,287416;0,287416;2,710186;2,481636;0,0155;0,531592;20;25;0;500;0,531592;0,522694
Q_UNRESTRICTED/FARM/10x10x5;Q-NEUTRAL;Q_UNRESTRICTED;0;A_UNRESTRICTED/FARM/10x10x5;farm;10x10x5;10;5;10;500;Gumin;simple-tiled-3d;18;1615362220;1;7bc8210820eb7df2;1;0;0;0;0;500;151;349;0,349708;0,349708;2,123595;1,893652;0,01259;0,576735;14;25;0;500;0,576735;0,573265
Q_UNRESTRICTED/FARM/10x10x5;Q-NEUTRAL;Q_UNRESTRICTED;0;A_UNRESTRICTED/FARM/10x10x5;farm;10x10x5;10;5;10;500;Gumin;simple-tiled-3d;19;562855368;1;c095f763c0d42e96;1;0;0;0;0;500;125;375;0,106637;0,106637;2,479873;1,732905;0,211449;0,462653;18;25;0;500;0,462653;0,459061
Q_UNRESTRICTED/FARM/10x10x5;Q-NEUTRAL;Q_UNRESTRICTED;0;A_UNRESTRICTED/FARM/10x10x5;farm;10x10x5;10;5;10;500;Gumin;simple-tiled-3d;20;878809793;1;a123ca41b17e9c63;1;0;0;0;0;500;158;342;0,319424;0,319424;2,406162;1,827286;0,177431;0,532163;20;25;0;500;0,532163;0,52498
Q_UNRESTRICTED/FARM/10x10x5;Q-NEUTRAL;Q_UNRESTRICTED;0;A_UNRESTRICTED/FARM/10x10x5;farm;10x10x5;10;5;10;500;Gumin;simple-tiled-3d;21;3662938;1;f0261bb6ab621aae;1;0;0;0;0;500;187;313;0,310176;0,310176;2,470567;2,001088;0,217417;0,550776;19;25;0;500;0,550776;0,543673
Q_UNRESTRICTED/FARM/10x10x5;Q-NEUTRAL;Q_UNRESTRICTED;0;A_UNRESTRICTED/FARM/10x10x5;farm;10x10x5;10;5;10;500;Gumin;simple-tiled-3d;22;1804371796;1;e3a490c8116d4de5;1;0;0;0;0;500;133;367;0,19337;0,19337;2,554088;1,973712;0,097364;0,485714;18;25;0;500;0,485714;0,481347
Q_UNRESTRICTED/FARM/10x10x5;Q-NEUTRAL;Q_UNRESTRICTED;0;A_UNRESTRICTED/FARM/10x10x5;farm;10x10x5;10;5;10;500;Gumin;simple-tiled-3d;23;452281870;1;423b2850cf3d00f7;1;0;0;0;0;500;158;342;0,25166;0,25166;2,599752;2,31895;0,08929;0,537592;18;25;0;500;0,537592;0,531633
Q_UNRESTRICTED/FARM/10x10x5;Q-NEUTRAL;Q_UNRESTRICTED;0;A_UNRESTRICTED/FARM/10x10x5;farm;10x10x5;10;5;10;500;Gumin;simple-tiled-3d;24;258917888;1;c77ead7e0fe37b05;1;0;0;0;0;500;168;332;0,316417;0,316417;2,492109;2,003753;0,138051;0,586735;17;25;0;500;0,586735;0,582612
Q_UNRESTRICTED/FARM/10x10x5;Q-NEUTRAL;Q_UNRESTRICTED;0;A_UNRESTRICTED/FARM/10x10x5;farm;10x10x5;10;5;10;500;Gumin;simple-tiled-3d;25;2102533224;1;c88f41e3eef58496;1;0;0;0;0;500;148;352;0,198931;0,198931;2,716722;2,347658;0,04781;0,500408;20;25;0;500;0,500408;0,493714
Q_UNRESTRICTED/FARM/10x10x5;Q-NEUTRAL;Q_UNRESTRICTED;0;A_UNRESTRICTED/FARM/10x10x5;farm;10x10x5;10;5;10;500;Gumin;simple-tiled-3d;26;763561054;1;a0ffb45bd0d1f148;1;0;0;0;0;500;142;358;0,195515;0,195515;2,697373;2,311697;0,004053;0,486449;21;25;0;500;0,486449;0,480286
Q_UNRESTRICTED/FARM/10x10x5;Q-NEUTRAL;Q_UNRESTRICTED;0;A_UNRESTRICTED/FARM/10x10x5;farm;10x10x5;10;5;10;500;Gumin;simple-tiled-3d;27;302086915;1;68d91013ef7fb236;1;0;0;0;0;500;147;353;0,239751;0,239751;2,554787;2,022873;0,161547;0,521837;19;25;0;500;0,521837;0,516286
Q_UNRESTRICTED/FARM/10x10x5;Q-NEUTRAL;Q_UNRESTRICTED;0;A_UNRESTRICTED/FARM/10x10x5;farm;10x10x5;10;5;10;500;Gumin;simple-tiled-3d;28;1122961024;1;81667da251b35b85;1;0;0;0;0;500;164;336;0,28295;0,28295;2,638492;2,321737;0,0101;0,536612;20;25;0;500;0,536612;0,531755
Q_UNRESTRICTED/FARM/10x10x5;Q-NEUTRAL;Q_UNRESTRICTED;0;A_UNRESTRICTED/FARM/10x10x5;farm;10x10x5;10;5;10;500;Gumin;simple-tiled-3d;29;1631937213;1;1d31bf9e06fdd695;1;0;0;0;0;500;144;356;0,19838;0,19838;2,559131;2,180548;0,081115;0,486286;18;25;0;500;0,486286;0,481306
Q_UNRESTRICTED/FARM/10x10x5;Q-NEUTRAL;Q_UNRESTRICTED;0;A_UNRESTRICTED/FARM/10x10x5;farm;10x10x5;10;5;10;500;Gumin;simple-tiled-3d;30;1924447100;1;b9ed462e18eeb101;1;0;0;0;0;500;216;284;0,354878;0,354878;1,948809;1,680636;0,007534;0,71849;12;25;0;500;0,71849;0,712653
Q_UNRESTRICTED/FARM/10x10x5;Q-NEUTRAL;Q_UNRESTRICTED;0;A_UNRESTRICTED/FARM/10x10x5;farm;10x10x5;10;5;10;500;Gumin;simple-tiled-3d;31;1341089938;1;c2409ee2b5bfceb6;1;0;0;0;0;500;128;372;0,162349;0,162349;2,416798;1,876435;0,246171;0,466122;17;25;0;500;0,466122;0,462531
Q_UNRESTRICTED/FARM/10x10x5;Q-NEUTRAL;Q_UNRESTRICTED;0;A_UNRESTRICTED/FARM/10x10x5;farm;10x10x5;10;5;10;500;Gumin;simple-tiled-3d;32;881353854;1;49def62416c86af8;1;0;0;0;0;500;116;384;0,231165;0,231165;1,953758;1,536925;0,234346;0,655918;13;25;0;500;0,655918;0,654653
Q_UNRESTRICTED/FARM/10x10x5;Q-NEUTRAL;Q_UNRESTRICTED;0;A_UNRESTRICTED/FARM/10x10x5;farm;10x10x5;10;5;10;500;Gumin;simple-tiled-3d;33;1671385236;1;158d0118569e726b;1;0;0;0;0;500;128;372;0,296359;0,296359;2,004193;1,358106;0,083249;0,648122;11;25;0;500;0,648122;0,645306
Q_UNRESTRICTED/FARM/10x10x5;Q-NEUTRAL;Q_UNRESTRICTED;0;A_UNRESTRICTED/FARM/10x10x5;farm;10x10x5;10;5;10;500;Gumin;simple-tiled-3d;34;1368399744;1;af4863614c0f54af;1;0;0;0;0;500;159;341;0,336667;0,336667;2,383044;2,053925;0,005154;0,499714;18;25;0;500;0,499714;0,493918
Q_UNRESTRICTED/FARM/10x10x5;Q-NEUTRAL;Q_UNRESTRICTED;0;A_UNRESTRICTED/FARM/10x10x5;farm;10x10x5;10;5;10;500;Gumin;simple-tiled-3d;35;1491501511;1;38b9d2c31add60c9;1;0;0;0;0;500;164;336;0,306563;0,306563;2,165138;1,814886;0,122284;0,511102;15;25;0;500;0,511102;0,506
Q_UNRESTRICTED/FARM/10x10x5;Q-NEUTRAL;Q_UNRESTRICTED;0;A_UNRESTRICTED/FARM/10x10x5;farm;10x10x5;10;5;10;500;Gumin;simple-tiled-3d;36;1432784796;1;0bc03268a67ae6a0;1;0;0;0;0;500;166;334;0,349932;0,349932;2,210864;1,843246;0,071741;0,547306;17;25;0;500;0,547306;0,541429
Q_UNRESTRICTED/FARM/10x10x5;Q-NEUTRAL;Q_UNRESTRICTED;0;A_UNRESTRICTED/FARM/10x10x5;farm;10x10x5;10;5;10;500;Gumin;simple-tiled-3d;37;834793343;1;ff06686dfe459658;1;0;0;0;0;500;140;360;0,248061;0,248061;2,398887;2,180764;0,037879;0,505796;17;25;0;500;0,505796;0,499714
Q_UNRESTRICTED/FARM/10x10x5;Q-NEUTRAL;Q_UNRESTRICTED;0;A_UNRESTRICTED/FARM/10x10x5;farm;10x10x5;10;5;10;500;Gumin;simple-tiled-3d;38;647541538;1;d67f0fcb7d60d198;1;0;0;0;0;500;140;360;0,240447;0,240447;2,45469;2,232645;0,016419;0,508163;17;25;0;500;0,508163;0,502367
Q_UNRESTRICTED/FARM/10x10x5;Q-NEUTRAL;Q_UNRESTRICTED;0;A_UNRESTRICTED/FARM/10x10x5;farm;10x10x5;10;5;10;500;Gumin;simple-tiled-3d;39;1570695928;1;7bbdfcc38d7f1f83;1;0;0;0;0;500;205;295;0,297884;0,297884;2,345224;1,939052;0,147588;0,679592;19;25;0;500;0,679592;0,673878
Q_UNRESTRICTED/FARM/10x10x5;Q-NEUTRAL;Q_UNRESTRICTED;0;A_UNRESTRICTED/FARM/10x10x5;farm;10x10x5;10;5;10;500;Gumin;simple-tiled-3d;40;1932782763;1;54c9235ebe67f9c8;1;0;0;0;0;500;150;350;0,308691;0,308691;2,309969;1,746894;0,00814;0,533551;15;25;0;500;0,533551;0,529265
Q_UNRESTRICTED/FARM/10x10x5;Q-NEUTRAL;Q_UNRESTRICTED;0;A_UNRESTRICTED/FARM/10x10x5;farm;10x10x5;10;5;10;500;Gumin;simple-tiled-3d;41;55073069;1;873be21611a828a0;1;0;0;0;0;500;172;328;0,312358;0,312358;2,482897;1,921332;0,097503;0,625592;19;25;0;500;0,625592;0,618694
Q_UNRESTRICTED/FARM/10x10x5;Q-NEUTRAL;Q_UNRESTRICTED;0;A_UNRESTRICTED/FARM/10x10x5;farm;10x10x5;10;5;10;500;Gumin;simple-tiled-3d;42;511854041;1;c5d59562de8b0efe;1;0;0;0;0;500;171;329;0,306295;0,306295;2,58595;2,237738;0,072326;0,566939;18;25;0;500;0,566939;0,560449
Q_UNRESTRICTED/FARM/10x10x5;Q-NEUTRAL;Q_UNRESTRICTED;0;A_UNRESTRICTED/FARM/10x10x5;farm;10x10x5;10;5;10;500;Gumin;simple-tiled-3d;43;1890258077;1;47c03435d133d8c6;1;0;0;0;0;500;132;368;0,299696;0,299696;2,178784;1,388195;0,363482;0,554204;15;25;0;500;0,554204;0,55151
Q_UNRESTRICTED/FARM/10x10x5;Q-NEUTRAL;Q_UNRESTRICTED;0;A_UNRESTRICTED/FARM/10x10x5;farm;10x10x5;10;5;10;500;Gumin;simple-tiled-3d;44;2018292105;1;517a5b392c8554e0;1;0;0;0;0;500;174;326;0,362762;0,362762;2,422309;2,225365;0,008609;0,584286;20;25;0;500;0,584286;0,578082
Q_UNRESTRICTED/FARM/10x10x5;Q-NEUTRAL;Q_UNRESTRICTED;0;A_UNRESTRICTED/FARM/10x10x5;farm;10x10x5;10;5;10;500;Gumin;simple-tiled-3d;45;604917227;1;c87c33590ebf7313;1;0;0;0;0;500;150;350;0,267625;0,267625;2,442311;1,840934;0,062553;0,552776;17;25;0;500;0,552776;0,547633
Q_UNRESTRICTED/FARM/10x10x5;Q-NEUTRAL;Q_UNRESTRICTED;0;A_UNRESTRICTED/FARM/10x10x5;farm;10x10x5;10;5;10;500;Gumin;simple-tiled-3d;46;1955709104;1;4117a95e80bca5d5;1;0;0;0;0;500;150;350;0,269547;0,269547;2,469535;2,194378;0,044468;0,488653;19;25;0;500;0,488653;0,483714
Q_UNRESTRICTED/FARM/10x10x5;Q-NEUTRAL;Q_UNRESTRICTED;0;A_UNRESTRICTED/FARM/10x10x5;farm;10x10x5;10;5;10;500;Gumin;simple-tiled-3d;47;1157704661;1;a42b91bf87476b74;1;0;0;0;0;500;134;366;0,221819;0,221819;2,510441;1,885216;0,272172;0,637388;18;25;0;500;0,637388;0,633918
Q_UNRESTRICTED/FARM/10x10x5;Q-NEUTRAL;Q_UNRESTRICTED;0;A_UNRESTRICTED/FARM/10x10x5;farm;10x10x5;10;5;10;500;Gumin;simple-tiled-3d;48;1385651106;1;052183812dbd59df;1;0;0;0;0;500;122;378;0,119001;0,119001;2,424507;1,871015;0,194325;0,66702;18;25;0;500;0,66702;0,665837
Q_UNRESTRICTED/FARM/10x10x5;Q-NEUTRAL;Q_UNRESTRICTED;0;A_UNRESTRICTED/FARM/10x10x5;farm;10x10x5;10;5;10;500;Gumin;simple-tiled-3d;49;1933585019;1;cd601de17664d0dc;1;0;0;0;0;500;153;347;0,256348;0,256348;2,690702;2,25354;0,043069;0,514;19;25;0;500;0,514;0,508408
Q_UNRESTRICTED/FARM/10x10x5;Q-NEUTRAL;Q_UNRESTRICTED;0;A_UNRESTRICTED/FARM/10x10x5;farm;10x10x5;10;5;10;500;DeBroglie;matched;0;349573240;1;6c69640f6a7f0643;1;0;0;0;0;500;150;350;0,303673;0,303673;2,203383;1,974827;0,005769;0,501633;12;25;0;500;0,501633;0,495265
Q_UNRESTRICTED/FARM/10x10x5;Q-NEUTRAL;Q_UNRESTRICTED;0;A_UNRESTRICTED/FARM/10x10x5;farm;10x10x5;10;5;10;500;DeBroglie;matched;1;816534088;1;1a3f2d56f61f86f2;1;0;0;0;0;500;169;331;0,341394;0,341394;2,189507;1,959317;0,003032;0,601551;18;25;0;500;0,601551;0,594735
Q_UNRESTRICTED/FARM/10x10x5;Q-NEUTRAL;Q_UNRESTRICTED;0;A_UNRESTRICTED/FARM/10x10x5;farm;10x10x5;10;5;10;500;DeBroglie;matched;2;903964553;1;7ef377de15e1ea90;1;0;0;0;0;500;150;350;0,210092;0,210092;2,659607;2,27757;0,036359;0,505633;21;25;0;500;0,505633;0,499551
Q_UNRESTRICTED/FARM/10x10x5;Q-NEUTRAL;Q_UNRESTRICTED;0;A_UNRESTRICTED/FARM/10x10x5;farm;10x10x5;10;5;10;500;DeBroglie;matched;3;1366784194;1;51b799dd520c01bd;1;0;0;0;0;500;138;362;0,218488;0,218488;2,317496;2,138592;0,035971;0,489673;15;25;0;500;0,489673;0,485429
Q_UNRESTRICTED/FARM/10x10x5;Q-NEUTRAL;Q_UNRESTRICTED;0;A_UNRESTRICTED/FARM/10x10x5;farm;10x10x5;10;5;10;500;DeBroglie;matched;4;1057368248;1;52fb5bd47b846d27;1;0;0;0;0;500;148;352;0,254018;0,254018;2,438873;2,117345;0,068047;0,602531;17;25;0;500;0,602531;0,598286
Q_UNRESTRICTED/FARM/10x10x5;Q-NEUTRAL;Q_UNRESTRICTED;0;A_UNRESTRICTED/FARM/10x10x5;farm;10x10x5;10;5;10;500;DeBroglie;matched;5;649001033;1;bf348dd40d987c99;1;0;0;0;0;500;168;332;0,307836;0,307836;2,539857;2,090413;0,037336;0,521592;18;25;0;500;0,521592;0,515837
Q_UNRESTRICTED/FARM/10x10x5;Q-NEUTRAL;Q_UNRESTRICTED;0;A_UNRESTRICTED/FARM/10x10x5;farm;10x10x5;10;5;10;500;DeBroglie;matched;6;1744078322;1;083ed40a6851b6af;1;0;0;0;0;500;153;347;0,251316;0,251316;2,664049;2,432716;0,023098;0,505551;20;25;0;500;0,505551;0,499918
Q_UNRESTRICTED/FARM/10x10x5;Q-NEUTRAL;Q_UNRESTRICTED;0;A_UNRESTRICTED/FARM/10x10x5;farm;10x10x5;10;5;10;500;DeBroglie;matched;7;943972228;1;6de8e34012d7d577;1;0;0;0;0;500;129;371;0,239538;0,239538;2,137792;1,623203;0,109296;0,638449;12;25;0;500;0,638449;0,636327
Q_UNRESTRICTED/FARM/10x10x5;Q-NEUTRAL;Q_UNRESTRICTED;0;A_UNRESTRICTED/FARM/10x10x5;farm;10x10x5;10;5;10;500;DeBroglie;matched;8;281989615;1;e4f10c007f5bb451;1;0;0;0;0;500;171;329;0,282646;0,282646;2,522754;1,956289;0,097102;0,569184;19;25;0;500;0,569184;0,562163
Q_UNRESTRICTED/FARM/10x10x5;Q-NEUTRAL;Q_UNRESTRICTED;0;A_UNRESTRICTED/FARM/10x10x5;farm;10x10x5;10;5;10;500;DeBroglie;matched;9;1413095316;1;eb0ff6f64970c721;1;0;0;0;0;500;178;322;0,337901;0,337901;2,515089;2,036443;0,122868;0,548776;20;25;0;500;0,548776;0,540939
Q_UNRESTRICTED/FARM/10x10x5;Q-NEUTRAL;Q_UNRESTRICTED;0;A_UNRESTRICTED/FARM/10x10x5;farm;10x10x5;10;5;10;500;DeBroglie;matched;10;989227202;1;4712b962284293c0;1;0;0;0;0;500;174;326;0,233803;0,233803;2,611315;2,093714;0,089343;0,636122;19;25;0;500;0,636122;0,631714
Q_UNRESTRICTED/FARM/10x10x5;Q-NEUTRAL;Q_UNRESTRICTED;0;A_UNRESTRICTED/FARM/10x10x5;farm;10x10x5;10;5;10;500;DeBroglie;matched;11;232324538;1;8e9fd0690f103259;1;0;0;0;0;500;180;320;0,26505;0,26505;2,450299;1,841436;0,061066;0,64151;19;25;0;500;0,64151;0,635878
Q_UNRESTRICTED/FARM/10x10x5;Q-NEUTRAL;Q_UNRESTRICTED;0;A_UNRESTRICTED/FARM/10x10x5;farm;10x10x5;10;5;10;500;DeBroglie;matched;12;1073345481;1;95d8aeff93e1a062;1;0;0;0;0;500;148;352;0,246214;0,246214;2,574972;2,142958;0,144394;0,523469;18;25;0;500;0,523469;0,518245
Q_UNRESTRICTED/FARM/10x10x5;Q-NEUTRAL;Q_UNRESTRICTED;0;A_UNRESTRICTED/FARM/10x10x5;farm;10x10x5;10;5;10;500;DeBroglie;matched;13;204935262;1;3c93c9e708f7c7df;1;0;0;0;0;500;177;323;0,300165;0,300165;2,694329;2,273548;0,01357;0,608612;22;25;0;500;0,608612;0,601673
Q_UNRESTRICTED/FARM/10x10x5;Q-NEUTRAL;Q_UNRESTRICTED;0;A_UNRESTRICTED/FARM/10x10x5;farm;10x10x5;10;5;10;500;DeBroglie;matched;14;1464221379;1;adbe0855bf6cadd3;1;0;0;0;0;500;157;343;0,263074;0,263074;2,59065;2,255268;0,06291;0,51698;18;25;0;500;0,51698;0,510653
Q_UNRESTRICTED/FARM/10x10x5;Q-NEUTRAL;Q_UNRESTRICTED;0;A_UNRESTRICTED/FARM/10x10x5;farm;10x10x5;10;5;10;500;DeBroglie;matched;15;260621928;1;621f1c5074e4c0d7;1;0;0;0;0;500;163;337;0,308971;0,308971;2,525279;2,065925;0,044994;0,528041;20;25;0;500;0,528041;0,522449
Q_UNRESTRICTED/FARM/10x10x5;Q-NEUTRAL;Q_UNRESTRICTED;0;A_UNRESTRICTED/FARM/10x10x5;farm;10x10x5;10;5;10;500;DeBroglie;matched;16;888888880;1;f43ddb0c98915e55;1;0;0;0;0;500;172;328;0,278735;0,278735;2,000617;1,591878;0,07866;0,649347;14;25;0;500;0,649347;0,644122
Q_UNRESTRICTED/FARM/10x10x5;Q-NEUTRAL;Q_UNRESTRICTED;0;A_UNRESTRICTED/FARM/10x10x5;farm;10x10x5;10;5;10;500;DeBroglie;matched;17;1258697474;1;e22b3056a99ee1ee;1;0;0;0;0;500;154;346;0,220217;0,220217;2,48556;1,979241;0,15936;0,617347;21;25;0;500;0,617347;0,613592
Q_UNRESTRICTED/FARM/10x10x5;Q-NEUTRAL;Q_UNRESTRICTED;0;A_UNRESTRICTED/FARM/10x10x5;farm;10x10x5;10;5;10;500;DeBroglie;matched;18;1615362220;1;33396695d194ef2a;1;0;0;0;0;500;143;357;0,238654;0,238654;2,496468;2,16879;0,013157;0,528;16;25;0;500;0,528;0,523429
Q_UNRESTRICTED/FARM/10x10x5;Q-NEUTRAL;Q_UNRESTRICTED;0;A_UNRESTRICTED/FARM/10x10x5;farm;10x10x5;10;5;10;500;DeBroglie;matched;19;562855368;1;05277382a28a4ca8;1;0;0;0;0;500;171;329;0,361716;0,361716;2,399375;2,123132;0,064056;0,552204;18;25;0;500;0,552204;0,542694
Q_UNRESTRICTED/FARM/10x10x5;Q-NEUTRAL;Q_UNRESTRICTED;0;A_UNRESTRICTED/FARM/10x10x5;farm;10x10x5;10;5;10;500;DeBroglie;matched;20;878809793;1;39e48d8ef32658e7;1;0;0;0;0;500;198;302;0,338399;0,338399;2,467711;2,054152;0,04423;0,64351;20;25;0;500;0,64351;0,636571
Q_UNRESTRICTED/FARM/10x10x5;Q-NEUTRAL;Q_UNRESTRICTED;0;A_UNRESTRICTED/FARM/10x10x5;farm;10x10x5;10;5;10;500;DeBroglie;matched;21;3662938;1;c40f28f5cfc1f1f4;1;0;0;0;0;500;167;333;0,333517;0,333517;2,450609;2,115113;0,042238;0,529265;17;25;0;500;0,529265;0,522857
Q_UNRESTRICTED/FARM/10x10x5;Q-NEUTRAL;Q_UNRESTRICTED;0;A_UNRESTRICTED/FARM/10x10x5;farm;10x10x5;10;5;10;500;DeBroglie;matched;22;1804371796;1;a05a1022b7a1f158;1;0;0;0;0;500;153;347;0,22262;0,22262;2,365763;2,196197;0,034083;0,521429;15;25;0;500;0,521429;0,517224
Q_UNRESTRICTED/FARM/10x10x5;Q-NEUTRAL;Q_UNRESTRICTED;0;A_UNRESTRICTED/FARM/10x10x5;farm;10x10x5;10;5;10;500;DeBroglie;matched;23;452281870;1;23d59ed2dfc672ce;1;0;0;0;0;500;149;351;0,318732;0,318732;2,294707;1,963773;0,018226;0,642449;15;25;0;500;0,642449;0,640531
Q_UNRESTRICTED/FARM/10x10x5;Q-NEUTRAL;Q_UNRESTRICTED;0;A_UNRESTRICTED/FARM/10x10x5;farm;10x10x5;10;5;10;500;DeBroglie;matched;24;258917888;1;f4e3f7cd696c38e1;1;0;0;0;0;500;161;339;0,32233;0,32233;2,423245;2,131347;0,061845;0,521633;19;25;0;500;0,521633;0,515714
Q_UNRESTRICTED/FARM/10x10x5;Q-NEUTRAL;Q_UNRESTRICTED;0;A_UNRESTRICTED/FARM/10x10x5;farm;10x10x5;10;5;10;500;DeBroglie;matched;25;2102533224;1;d530d5a5c2d73e1f;1;0;0;0;0;500;148;352;0,248059;0,248059;2,495142;2,084506;0,267301;0,513714;22;25;0;500;0,513714;0,51
Q_UNRESTRICTED/FARM/10x10x5;Q-NEUTRAL;Q_UNRESTRICTED;0;A_UNRESTRICTED/FARM/10x10x5;farm;10x10x5;10;5;10;500;DeBroglie;matched;26;763561054;1;b5388792b83cb633;1;0;0;0;0;500;155;345;0,227227;0,227227;2,675902;2,222544;0,04277;0,518571;20;25;0;500;0,518571;0,512286
Q_UNRESTRICTED/FARM/10x10x5;Q-NEUTRAL;Q_UNRESTRICTED;0;A_UNRESTRICTED/FARM/10x10x5;farm;10x10x5;10;5;10;500;DeBroglie;matched;27;302086915;2;e0e4a9911ad62660;1;0;0;0;0;500;140;360;0,31483;0,31483;2,223632;1,965194;0,015;0,613469;12;25;0;500;0,613469;0,609837
Q_UNRESTRICTED/FARM/10x10x5;Q-NEUTRAL;Q_UNRESTRICTED;0;A_UNRESTRICTED/FARM/10x10x5;farm;10x10x5;10;5;10;500;DeBroglie;matched;28;1122961024;1;904d9a51c9f0a2bf;1;0;0;0;0;500;152;348;0,261121;0,261121;2,436356;2,081374;0,033482;0,503306;18;25;0;500;0,503306;0,499388
Q_UNRESTRICTED/FARM/10x10x5;Q-NEUTRAL;Q_UNRESTRICTED;0;A_UNRESTRICTED/FARM/10x10x5;farm;10x10x5;10;5;10;500;DeBroglie;matched;29;1631937213;2;ea099e726c0cce21;1;0;0;0;0;500;160;340;0,232058;0,232058;2,73945;2,127922;0,057574;0,543551;20;25;0;500;0,543551;0,538082
Q_UNRESTRICTED/FARM/10x10x5;Q-NEUTRAL;Q_UNRESTRICTED;0;A_UNRESTRICTED/FARM/10x10x5;farm;10x10x5;10;5;10;500;DeBroglie;matched;30;1924447100;1;53c12e7d82176276;1;0;0;0;0;500;182;318;0,313669;0,313669;2,715983;2,318527;0,008385;0,595633;20;25;0;500;0,595633;0,589306
Q_UNRESTRICTED/FARM/10x10x5;Q-NEUTRAL;Q_UNRESTRICTED;0;A_UNRESTRICTED/FARM/10x10x5;farm;10x10x5;10;5;10;500;DeBroglie;matched;31;1341089938;1;27c23d14da397865;1;0;0;0;0;500;151;349;0,286946;0,286946;2,450413;2,057529;0,029214;0,506041;18;25;0;500;0,506041;0,499878
Q_UNRESTRICTED/FARM/10x10x5;Q-NEUTRAL;Q_UNRESTRICTED;0;A_UNRESTRICTED/FARM/10x10x5;farm;10x10x5;10;5;10;500;DeBroglie;matched;32;881353854;1;cdafdb17f021e205;1;0;0;0;0;500;140;360;0,222768;0,222768;2,392667;1,518815;0,066356;0,594939;16;25;0;500;0,594939;0,591633
Q_UNRESTRICTED/FARM/10x10x5;Q-NEUTRAL;Q_UNRESTRICTED;0;A_UNRESTRICTED/FARM/10x10x5;farm;10x10x5;10;5;10;500;DeBroglie;matched;33;1671385236;1;364d389e422e764d;1;0;0;0;0;500;128;372;0,495775;0,495775;2,301854;1,928133;0,031576;0,614327;14;25;0;500;0,614327;0,611633
Q_UNRESTRICTED/FARM/10x10x5;Q-NEUTRAL;Q_UNRESTRICTED;0;A_UNRESTRICTED/FARM/10x10x5;farm;10x10x5;10;5;10;500;DeBroglie;matched;34;1368399744;1;001d9e8238cca790;1;0;0;0;0;500;172;328;0,328232;0,328232;2,584285;2,226449;0,061494;0,536898;17;25;0;500;0,536898;0,531184
Q_UNRESTRICTED/FARM/10x10x5;Q-NEUTRAL;Q_UNRESTRICTED;0;A_UNRESTRICTED/FARM/10x10x5;farm;10x10x5;10;5;10;500;DeBroglie;matched;35;1491501511;1;18386d915c346cf3;1;0;0;0;0;500;146;354;0,278029;0,278029;1,949176;1,570619;0,0627;0,518327;11;25;0;500;0,518327;0,514082
Q_UNRESTRICTED/FARM/10x10x5;Q-NEUTRAL;Q_UNRESTRICTED;0;A_UNRESTRICTED/FARM/10x10x5;farm;10x10x5;10;5;10;500;DeBroglie;matched;36;1432784796;1;870dd897e9098b4c;1;0;0;0;0;500;122;378;0,15116;0,15116;2,31316;1,769981;0,106079;0,597306;18;25;0;500;0,597306;0,596367
Q_UNRESTRICTED/FARM/10x10x5;Q-NEUTRAL;Q_UNRESTRICTED;0;A_UNRESTRICTED/FARM/10x10x5;farm;10x10x5;10;5;10;500;DeBroglie;matched;37;834793343;1;7cc0453253c737e9;1;0;0;0;0;500;166;334;0,253179;0,253179;2,561831;2,294118;0,029817;0,532367;20;25;0;500;0,532367;0,526163
Q_UNRESTRICTED/FARM/10x10x5;Q-NEUTRAL;Q_UNRESTRICTED;0;A_UNRESTRICTED/FARM/10x10x5;farm;10x10x5;10;5;10;500;DeBroglie;matched;38;647541538;1;d7e8f04b50b6c284;1;0;0;0;0;500;154;346;0,203308;0,203308;2,549026;2,157756;0,043196;0,518408;19;25;0;500;0,518408;0,514653
Q_UNRESTRICTED/FARM/10x10x5;Q-NEUTRAL;Q_UNRESTRICTED;0;A_UNRESTRICTED/FARM/10x10x5;farm;10x10x5;10;5;10;500;DeBroglie;matched;39;1570695928;1;3bc5e4ab37add366;1;0;0;0;0;500;218;282;0,332062;0,332062;2,350538;2,149933;0,028321;0,659673;20;25;0;500;0,659673;0,653673
Q_UNRESTRICTED/FARM/10x10x5;Q-NEUTRAL;Q_UNRESTRICTED;0;A_UNRESTRICTED/FARM/10x10x5;farm;10x10x5;10;5;10;500;DeBroglie;matched;40;1932782763;1;6b4120518b418109;1;0;0;0;0;500;129;371;0,493899;0,493899;2,279343;1,677184;0,061369;0,609755;15;25;0;500;0,609755;0,606163
Q_UNRESTRICTED/FARM/10x10x5;Q-NEUTRAL;Q_UNRESTRICTED;0;A_UNRESTRICTED/FARM/10x10x5;farm;10x10x5;10;5;10;500;DeBroglie;matched;41;55073069;1;83bc1982b5077eb0;1;0;0;0;0;500;142;358;0,21748;0,21748;2,547246;2,049047;0,144794;0,503878;19;25;0;500;0,503878;0,500857
Q_UNRESTRICTED/FARM/10x10x5;Q-NEUTRAL;Q_UNRESTRICTED;0;A_UNRESTRICTED/FARM/10x10x5;farm;10x10x5;10;5;10;500;DeBroglie;matched;42;511854041;1;367c155fc1f5d535;1;0;0;0;0;500;162;338;0,238816;0,238816;2,775934;2,406584;0,104911;0,561673;23;25;0;500;0,561673;0,556367
Q_UNRESTRICTED/FARM/10x10x5;Q-NEUTRAL;Q_UNRESTRICTED;0;A_UNRESTRICTED/FARM/10x10x5;farm;10x10x5;10;5;10;500;DeBroglie;matched;43;1890258077;1;ae8d5208ecba15e3;1;0;0;0;0;500;130;370;0,198701;0,198701;2,34598;1,899135;0,161707;0,475714;17;25;0;500;0,475714;0,47098
Q_UNRESTRICTED/FARM/10x10x5;Q-NEUTRAL;Q_UNRESTRICTED;0;A_UNRESTRICTED/FARM/10x10x5;farm;10x10x5;10;5;10;500;DeBroglie;matched;44;2018292105;1;4999edd2ba6e2cf7;1;0;0;0;0;500;185;315;0,252167;0,252167;2,181594;1,865007;0,043955;0,660449;17;25;0;500;0,660449;0,654776
Q_UNRESTRICTED/FARM/10x10x5;Q-NEUTRAL;Q_UNRESTRICTED;0;A_UNRESTRICTED/FARM/10x10x5;farm;10x10x5;10;5;10;500;DeBroglie;matched;45;604917227;1;0bb372a80b2d0da4;1;0;0;0;0;500;131;369;0,167582;0,167582;2,456434;1,935435;0,063114;0,480612;18;25;0;500;0,480612;0,476286
Q_UNRESTRICTED/FARM/10x10x5;Q-NEUTRAL;Q_UNRESTRICTED;0;A_UNRESTRICTED/FARM/10x10x5;farm;10x10x5;10;5;10;500;DeBroglie;matched;46;1955709104;1;7ab9cbb39d12091e;1;0;0;0;0;500;140;360;0,171069;0,171069;2,61735;2,192551;0,01079;0,495347;19;25;0;500;0,495347;0,491143
Q_UNRESTRICTED/FARM/10x10x5;Q-NEUTRAL;Q_UNRESTRICTED;0;A_UNRESTRICTED/FARM/10x10x5;farm;10x10x5;10;5;10;500;DeBroglie;matched;47;1157704661;1;416d53a0517635f2;1;0;0;0;0;500;141;359;0,256717;0,256717;2,183096;1,861995;0,016145;0,507918;16;25;0;500;0,507918;0,504
Q_UNRESTRICTED/FARM/10x10x5;Q-NEUTRAL;Q_UNRESTRICTED;0;A_UNRESTRICTED/FARM/10x10x5;farm;10x10x5;10;5;10;500;DeBroglie;matched;48;1385651106;1;69ea4c8d6e642fc2;1;0;0;0;0;500;190;310;0,320127;0,320127;2,301226;1,877766;0,074314;0,636;18;25;0;500;0,636;0,628816
Q_UNRESTRICTED/FARM/10x10x5;Q-NEUTRAL;Q_UNRESTRICTED;0;A_UNRESTRICTED/FARM/10x10x5;farm;10x10x5;10;5;10;500;DeBroglie;matched;49;1933585019;2;08cb9d326711c9c2;1;0;0;0;0;500;148;352;0,255438;0,255438;2,490902;2,027517;0,050856;0,505469;16;25;0;500;0,505469;0,500939
Q_UNRESTRICTED/FARM/20x20x5;Q-NEUTRAL;Q_UNRESTRICTED;0;A_UNRESTRICTED/FARM/20x20x5;farm;20x20x5;20;5;20;2000;ThisWork;heap;0;1875111544;1;0166aa59017c82e6;1;0;0;0;0;2000;732;1268;0,291007;0,291007;2,665672;2,536107;0,023005;0,626837;22;25;0;2000;0,626837;0,621653
Q_UNRESTRICTED/FARM/20x20x5;Q-NEUTRAL;Q_UNRESTRICTED;0;A_UNRESTRICTED/FARM/20x20x5;farm;20x20x5;20;5;20;2000;ThisWork;heap;1;766273308;1;81158fc529338520;1;0;0;0;0;2000;594;1406;0,232765;0,232765;2,664855;2,436147;0,007917;0,47051;23;25;0;2000;0,47051;0,465357
Q_UNRESTRICTED/FARM/20x20x5;Q-NEUTRAL;Q_UNRESTRICTED;0;A_UNRESTRICTED/FARM/20x20x5;farm;20x20x5;20;5;20;2000;ThisWork;heap;2;765010804;1;bb485f6fe0d973d9;1;0;0;0;0;2000;581;1419;0,214115;0,214115;2,520237;2,316147;0,016907;0,447439;21;25;0;2000;0,447439;0,440867
Q_UNRESTRICTED/FARM/20x20x5;Q-NEUTRAL;Q_UNRESTRICTED;0;A_UNRESTRICTED/FARM/20x20x5;farm;20x20x5;20;5;20;2000;ThisWork;heap;3;1098731796;2;0ee7e717036106b9;1;0;0;0;0;2000;561;1439;0,237595;0,237595;2,459667;2,362251;0,006187;0,459408;21;25;0;2000;0,459408;0,454357
Q_UNRESTRICTED/FARM/20x20x5;Q-NEUTRAL;Q_UNRESTRICTED;0;A_UNRESTRICTED/FARM/20x20x5;farm;20x20x5;20;5;20;2000;ThisWork;heap;4;1540822730;1;6182d3c276bdaf64;1;0;0;0;0;2000;567;1433;0,21078;0,21078;2,568199;2,364493;0,016531;0,468459;20;25;0;2000;0,468459;0,461888
Q_UNRESTRICTED/FARM/20x20x5;Q-NEUTRAL;Q_UNRESTRICTED;0;A_UNRESTRICTED/FARM/20x20x5;farm;20x20x5;20;5;20;2000;ThisWork;heap;5;1134350488;1;f42dc5dc27126734;1;0;0;0;0;2000;565;1435;0,225093;0,225093;2,496452;2,303535;0,006597;0,460908;19;25;0;2000;0,460908;0,455286
Q_UNRESTRICTED/FARM/20x20x5;Q-NEUTRAL;Q_UNRESTRICTED;0;A_UNRESTRICTED/FARM/20x20x5;farm;20x20x5;20;5;20;2000;ThisWork;heap;6;1515269460;1;004a56ad41e14651;1;0;0;0;0;2000;573;1427;0,200642;0,200642;2,580561;2,296182;0,104684;0,464031;20;25;0;2000;0,464031;0,458214
Q_UNRESTRICTED/FARM/20x20x5;Q-NEUTRAL;Q_UNRESTRICTED;0;A_UNRESTRICTED/FARM/20x20x5;farm;20x20x5;20;5;20;2000;ThisWork;heap;7;1739773300;2;d4de84f1968bb5ef;1;0;0;0;0;2000;646;1354;0,231346;0,231346;2,706125;2,554288;0,031936;0,511276;23;25;0;2000;0,511276;0,504765
Q_UNRESTRICTED/FARM/20x20x5;Q-NEUTRAL;Q_UNRESTRICTED;0;A_UNRESTRICTED/FARM/20x20x5;farm;20x20x5;20;5;20;2000;ThisWork;heap;8;1563526367;1;12bb867a87f97b70;1;0;0;0;0;2000;687;1313;0,231038;0,231038;2,611763;2,46528;0,013255;0,628837;21;25;0;2000;0,628837;0,624082
Q_UNRESTRICTED/FARM/20x20x5;Q-NEUTRAL;Q_UNRESTRICTED;0;A_UNRESTRICTED/FARM/20x20x5;farm;20x20x5;20;5;20;2000;ThisWork;heap;9;1131092375;1;e142da8cb54d257c;1;0;0;0;0;2000;566;1434;0,178667;0,178667;2,684499;2,489488;0,041875;0,45799;21;25;0;2000;0,45799;0,451092
Q_UNRESTRICTED/FARM/20x20x5;Q-NEUTRAL;Q_UNRESTRICTED;0;A_UNRESTRICTED/FARM/20x20x5;farm;20x20x5;20;5;20;2000;ThisWork;heap;10;533865166;1;b2249e86c1ac02f4;1;0;0;0;0;2000;700;1300;0,308265;0,308265;2,538919;2,405779;0,008596;0,595684;19;25;0;2000;0,595684;0,590071
Q_UNRESTRICTED/FARM/20x20x5;Q-NEUTRAL;Q_UNRESTRICTED;0;A_UNRESTRICTED/FARM/20x20x5;farm;20x20x5;20;5;20;2000;ThisWork;heap;11;985758484;1;fbbd5700128d73ca;1;0;0;0;0;2000;628;1372;0,198827;0,198827;2,507604;2,372528;0,013902;0,507296;23;25;0;2000;0,507296;0,501214
Q_UNRESTRICTED/FARM/20x20x5;Q-NEUTRAL;Q_UNRESTRICTED;0;A_UNRESTRICTED/FARM/20x20x5;farm;20x20x5;20;5;20;2000;ThisWork;heap;12;1512242886;1;4167f12ca7ca3c98;1;0;0;0;0;2000;633;1367;0,237939;0,237939;2,659071;2,568401;0,00988;0,486306;23;25;0;2000;0,486306;0,480071
Q_UNRESTRICTED/FARM/20x20x5;Q-NEUTRAL;Q_UNRESTRICTED;0;A_UNRESTRICTED/FARM/20x20x5;farm;20x20x5;20;5;20;2000;ThisWork;heap;13;1304150976;1;09ef1894f1b560a4;1;0;0;0;0;2000;669;1331;0,235821;0,235821;2,551417;2,410771;0,05306;0,512531;21;25;0;2000;0,512531;0,506378
Q_UNRESTRICTED/FARM/20x20x5;Q-NEUTRAL;Q_UNRESTRICTED;0;A_UNRESTRICTED/FARM/20x20x5;farm;20x20x5;20;5;20;2000;ThisWork;heap;14;643749730;1;c4f47d8a5c13bc79;1;0;0;0;0;2000;605;1395;0,212962;0,212962;2,59212;2,430251;0,00095;0,461551;22;25;0;2000;0,461551;0,454306
Q_UNRESTRICTED/FARM/20x20x5;Q-NEUTRAL;Q_UNRESTRICTED;0;A_UNRESTRICTED/FARM/20x20x5;farm;20x20x5;20;5;20;2000;ThisWork;heap;15;1981348763;1;360ea22556130b0a;1;0;0;0;0;2000;605;1395;0,220567;0,220567;2,671802;2,5085;0,007315;0,470449;21;25;0;2000;0,470449;0,464827
Q_UNRESTRICTED/FARM/20x20x5;Q-NEUTRAL;Q_UNRESTRICTED;0;A_UNRESTRICTED/FARM/20x20x5;farm;20x20x5;20;5;20;2000;ThisWork;heap;16;796674500;1;c7af2d8d3c0440eb;1;0;0;0;0;2000;554;1446;0,175105;0,175105;2,585338;2,379771;0,016749;0,460663;23;25;0;2000;0,460663;0,454439
Q_UNRESTRICTED/FARM/20x20x5;Q-NEUTRAL;Q_UNRESTRICTED;0;A_UNRESTRICTED/FARM/20x20x5;farm;20x20x5;20;5;20;2000;ThisWork;heap;17;541338546;1;dfc1053ceecc5718;1;0;0;0;0;2000;602;1398;0,246864;0,246864;2,589505;2,449589;0,007815;0,469827;20;25;0;2000;0,469827;0,464143
Q_UNRESTRICTED/FARM/20x20x5;Q-NEUTRAL;Q_UNRESTRICTED;0;A_UNRESTRICTED/FARM/20x20x5;farm;20x20x5;20;5;20;2000;ThisWork;heap;18;2094929604;1;38a3c07eefc753b4;1;0;0;0;0;2000;618;1382;0,233853;0,233853;2,660454;2,518539;0,001417;0,486357;21;25;0;2000;0,486357;0,480653
Q_UNRESTRICTED/FARM/20x20x5;Q-NEUTRAL;Q_UNRESTRICTED;0;A_UNRESTRICTED/FARM/20x20x5;farm;20x20x5;20;5;20;2000;ThisWork;heap;19;1978613182;1;67402e58085254ba;1;0;0;0;0;2000;582;1418;0,178937;0,178937;2,580477;2,393665;0,04539;0,451327;22;25;0;2000;0,451327;0,443459
Q_UNRESTRICTED/FARM/20x20x5;Q-NEUTRAL;Q_UNRESTRICTED;0;A_UNRESTRICTED/FARM/20x20x5;farm;20x20x5;20;5;20;2000;ThisWork;heap;20;1972048276;1;ebbe32cbd9205fcb;1;0;0;0;0;2000;707;1293;0,281344;0,281344;2,604127;2,505748;0,002936;0,544633;20;25;0;2000;0,544633;0,538092
Q_UNRESTRICTED/FARM/20x20x5;Q-NEUTRAL;Q_UNRESTRICTED;0;A_UNRESTRICTED/FARM/20x20x5;farm;20x20x5;20;5;20;2000;ThisWork;heap;21;545563624;1;f7948af8d9c211f0;1;0;0;0;0;2000;621;1379;0,210728;0,210728;2,641751;2,430401;0,022645;0,498816;22;25;0;2000;0,498816;0,493827
Q_UNRESTRICTED/FARM/20x20x5;Q-NEUTRAL;Q_UNRESTRICTED;0;A_UNRESTRICTED/FARM/20x20x5;farm;20x20x5;20;5;20;2000;ThisWork;heap;22;665759818;1;831c9c32d4e5516a;1;0;0;0;0;2000;580;1420;0,243455;0,243455;2,485476;2,209178;0,009644;0,479276;20;25;0;2000;0,479276;0,473173
Q_UNRESTRICTED/FARM/20x20x5;Q-NEUTRAL;Q_UNRESTRICTED;0;A_UNRESTRICTED/FARM/20x20x5;farm;20x20x5;20;5;20;2000;ThisWork;heap;23;390311561;1;44bde4affb907a25;1;0;0;0;0;2000;533;1467;0,158208;0,158208;2,560744;2,319297;0,003113;0,457449;21;25;0;2000;0,457449;0,452173
Q_UNRESTRICTED/FARM/20x20x5;Q-NEUTRAL;Q_UNRESTRICTED;0;A_UNRESTRICTED/FARM/20x20x5;farm;20x20x5;20;5;20;2000;ThisWork;heap;24;543139950;1;59405f2209fd6a9e;1;0;0;0;0;2000;563;1437;0,181485;0,181485;2,610167;2,422009;0,019294;0,443827;23;25;0;2000;0,443827;0,437908
Q_UNRESTRICTED/FARM/20x20x5;Q-NEUTRAL;Q_UNRESTRICTED;0;A_UNRESTRICTED/FARM/20x20x5;farm;20x20x5;20;5;20;2000;ThisWork;heap;25;2026246556;2;de06d9793ccaabc9;1;0;0;0;0;2000;508;1492;0,115008;0,115008;2,455429;2,17377;0,115963;0,425357;23;25;0;2000;0,425357;0,420653
Q_UNRESTRICTED/FARM/20x20x5;Q-NEUTRAL;Q_UNRESTRICTED;0;A_UNRESTRICTED/FARM/20x20x5;farm;20x20x5;20;5;20;2000;ThisWork;heap;26;1049562748;1;9f97f0d944292438;1;0;0;0;0;2000;569;1431;0,192058;0,192058;2,535047;2,384958;0,051012;0,444163;21;25;0;2000;0,444163;0,438031
Q_UNRESTRICTED/FARM/20x20x5;Q-NEUTRAL;Q_UNRESTRICTED;0;A_UNRESTRICTED/FARM/20x20x5;farm;20x20x5;20;5;20;2000;ThisWork;heap;27;1925305116;1;98f41ae2fb9e4b28;1;0;0;0;0;2000;778;1222;0,32022;0,32022;2,575478;2,488754;0,006731;0,635357;20;25;0;2000;0,635357;0,630571
Q_UNRESTRICTED/FARM/20x20x5;Q-NEUTRAL;Q_UNRESTRICTED;0;A_UNRESTRICTED/FARM/20x20x5;farm;20x20x5;20;5;20;2000;ThisWork;heap;28;1888662596;2;f1b044fad5305d1e;1;0;0;0;0;2000;601;1399;0,250412;0,250412;2,534256;2,39535;0,014655;0,472898;20;25;0;2000;0,472898;0,466571
Q_UNRESTRICTED/FARM/20x20x5;Q-NEUTRAL;Q_UNRESTRICTED;0;A_UNRESTRICTED/FARM/20x20x5;farm;20x20x5;20;5;20;2000;ThisWork;heap;29;1716820992;1;62adf5bfb427dcfa;1;0;0;0;0;2000;592;1408;0,214116;0,214116;2,651055;2,549944;0,021211;0,475796;20;25;0;2000;0,475796;0,469316
Q_UNRESTRICTED/FARM/20x20x5;Q-NEUTRAL;Q_UNRESTRICTED;0;A_UNRESTRICTED/FARM/20x20x5;farm;20x20x5;20;5;20;2000;ThisWork;heap;30;392000478;1;93395e7f76b7c8f6;1;0;0;0;0;2000;692;1308;0,252443;0,252443;2,628545;2,553283;0,010172;0,515592;23;25;0;2000;0,515592;0,508857
Q_UNRESTRICTED/FARM/20x20x5;Q-NEUTRAL;Q_UNRESTRICTED;0;A_UNRESTRICTED/FARM/20x20x5;farm;20x20x5;20;5;20;2000;ThisWork;heap;31;969164606;1;8f50418ddbedcd00;1;0;0;0;0;2000;480;1520;0,146744;0,146744;2,344351;1,853626;0,406363;0,626031;20;25;0;2000;0,626031;0,623806
Q_UNRESTRICTED/FARM/20x20x5;Q-NEUTRAL;Q_UNRESTRICTED;0;A_UNRESTRICTED/FARM/20x20x5;farm;20x20x5;20;5;20;2000;ThisWork;heap;32;677329080;1;626ad89ec4cd4f1c;1;0;0;0;0;2000;595;1405;0,221557;0,221557;2,570072;2,489697;0,001208;0,462102;21;25;0;2000;0,462102;0,45501
Q_UNRESTRICTED/FARM/20x20x5;Q-NEUTRAL;Q_UNRESTRICTED;0;A_UNRESTRICTED/FARM/20x20x5;farm;20x20x5;20;5;20;2000;ThisWork;heap;33;759761969;1;d8a7769285dfd62c;1;0;0;0;0;2000;694;1306;0,307826;0,307826;2,48361;2,378149;0,014404;0,586143;20;25;0;2000;0,586143;0,58001
Q_UNRESTRICTED/FARM/20x20x5;Q-NEUTRAL;Q_UNRESTRICTED;0;A_UNRESTRICTED/FARM/20x20x5;farm;20x20x5;20;5;20;2000;ThisWork;heap;34;53586483;2;10520fb05ed6ae7d;1;0;0;0;0;2000;687;1313;0,26529;0,26529;2,649635;2,503999;0,039237;0,593388;22;25;0;2000;0,593388;0,587786
Q_UNRESTRICTED/FARM/20x20x5;Q-NEUTRAL;Q_UNRESTRICTED;0;A_UNRESTRICTED/FARM/20x20x5;farm;20x20x5;20;5;20;2000;ThisWork;heap;35;1148223824;1;bd7adbd64c23d950;1;0;0;0;0;2000;645;1355;0,233383;0,233383;2,69418;2,566693;0,010783;0,497194;22;25;0;2000;0,497194;0,491439
Q_UNRESTRICTED/FARM/20x20x5;Q-NEUTRAL;Q_UNRESTRICTED;0;A_UNRESTRICTED/FARM/20x20x5;farm;20x20x5;20;5;20;2000;ThisWork;heap;36;443729599;1;754b7b8c111b9ac9;1;0;0;0;0;2000;719;1281;0,281723;0,281723;2,639267;2,517651;0,016371;0,513163;22;25;0;2000;0,513163;0,504714
Q_UNRESTRICTED/FARM/20x20x5;Q-NEUTRAL;Q_UNRESTRICTED;0;A_UNRESTRICTED/FARM/20x20x5;farm;20x20x5;20;5;20;2000;ThisWork;heap;37;1710833416;1;f5a2b6616b6510d6;1;0;0;0;0;2000;748;1252;0,295495;0,295495;2,481648;2,417082;0,008544;0,638847;20;25;0;2000;0,638847;0,633245
Q_UNRESTRICTED/FARM/20x20x5;Q-NEUTRAL;Q_UNRESTRICTED;0;A_UNRESTRICTED/FARM/20x20x5;farm;20x20x5;20;5;20;2000;ThisWork;heap;38;639107027;2;6e1d728bc128bdbf;1;0;0;0;0;2000;669;1331;0,240962;0,240962;2,538876;2,465437;0,00966;0,513694;20;25;0;2000;0,513694;0,50749
Q_UNRESTRICTED/FARM/20x20x5;Q-NEUTRAL;Q_UNRESTRICTED;0;A_UNRESTRICTED/FARM/20x20x5;farm;20x20x5;20;5;20;2000;ThisWork;heap;39;1340808788;1;bcfcb4426a74be34;1;0;0;0;0;2000;539;1461;0,187247;0,187247;2,507165;2,234575;0,010582;0,508112;22;25;0;2000;0,508112;0,504327
Q_UNRESTRICTED/FARM/20x20x5;Q-NEUTRAL;Q_UNRESTRICTED;0;A_UNRESTRICTED/FARM/20x20x5;farm;20x20x5;20;5;20;2000;ThisWork;heap;40;1029742766;2;f32ae61837d1bc09;1;0;0;0;0;2000;595;1405;0,22637;0,22637;2,518421;2,341104;0,031562;0,472092;20;25;0;2000;0,472092;0,465969
Q_UNRESTRICTED/FARM/20x20x5;Q-NEUTRAL;Q_UNRESTRICTED;0;A_UNRESTRICTED/FARM/20x20x5;farm;20x20x5;20;5;20;2000;ThisWork;heap;41;2108153797;1;cd3de79d602978ae;1;0;0;0;0;2000;580;1420;0,163374;0,163374;2,743006;2,524569;0,010714;0,451347;23;25;0;2000;0,451347;0,444061
Q_UNRESTRICTED/FARM/20x20x5;Q-NEUTRAL;Q_UNRESTRICTED;0;A_UNRESTRICTED/FARM/20x20x5;farm;20x20x5;20;5;20;2000;ThisWork;heap;42;1714843301;1;c653034bf6e432c8;1;0;0;0;0;2000;726;1274;0,30893;0,30893;2,521907;2,405942;0,050139;0,589439;21;25;0;2000;0,589439;0,582653
Q_UNRESTRICTED/FARM/20x20x5;Q-NEUTRAL;Q_UNRESTRICTED;0;A_UNRESTRICTED/FARM/20x20x5;farm;20x20x5;20;5;20;2000;ThisWork;heap;43;990971266;1;0fd98692092c2fcd;1;0;0;0;0;2000;557;1443;0,186804;0,186804;2,521183;2,272687;0,082123;0,448786;23;25;0;2000;0,448786;0,442694
Q_UNRESTRICTED/FARM/20x20x5;Q-NEUTRAL;Q_UNRESTRICTED;0;A_UNRESTRICTED/FARM/20x20x5;farm;20x20x5;20;5;20;2000;ThisWork;heap;44;960691025;1;a0ea68c4f331171b;1;0;0;0;0;2000;568;1432;0,189805;0,189805;2,615228;2,347595;0,022191;0,456612;23;25;0;2000;0,456612;0,44999
Q_UNRESTRICTED/FARM/20x20x5;Q-NEUTRAL;Q_UNRESTRICTED;0;A_UNRESTRICTED/FARM/20x20x5;farm;20x20x5;20;5;20;2000;ThisWork;heap;45;1788134851;1;9f42c8346fc40903;1;0;0;0;0;2000;639;1361;0,216253;0,216253;2,734238;2,451703;0,027927;0,503745;23;25;0;2000;0,503745;0,497133
Q_UNRESTRICTED/FARM/20x20x5;Q-NEUTRAL;Q_UNRESTRICTED;0;A_UNRESTRICTED/FARM/20x20x5;farm;20x20x5;20;5;20;2000;ThisWork;heap;46;1580603845;1;bcb5b9ca2acfdd08;1;0;0;0;0;2000;586;1414;0,212234;0,212234;2,52568;2,385395;0,009577;0,450357;22;25;0;2000;0,450357;0,442959
Q_UNRESTRICTED/FARM/20x20x5;Q-NEUTRAL;Q_UNRESTRICTED;0;A_UNRESTRICTED/FARM/20x20x5;farm;20x20x5;20;5;20;2000;ThisWork;heap;47;1751255832;1;ccedbc88697fb370;1;0;0;0;0;2000;557;1443;0,209004;0,209004;2,439618;2,251666;0,007084;0,466633;19;25;0;2000;0,466633;0,460398
Q_UNRESTRICTED/FARM/20x20x5;Q-NEUTRAL;Q_UNRESTRICTED;0;A_UNRESTRICTED/FARM/20x20x5;farm;20x20x5;20;5;20;2000;ThisWork;heap;48;994272601;1;fc8bc6da874306a1;1;0;0;0;0;2000;612;1388;0,219145;0,219145;2,657425;2,564295;0,036564;0,493704;21;25;0;2000;0,493704;0,4875
Q_UNRESTRICTED/FARM/20x20x5;Q-NEUTRAL;Q_UNRESTRICTED;0;A_UNRESTRICTED/FARM/20x20x5;farm;20x20x5;20;5;20;2000;ThisWork;heap;49;1556471109;1;76057182db0917cf;1;0;0;0;0;2000;709;1291;0,294606;0,294606;2,58055;2,462137;0,059859;0,55952;20;25;0;2000;0,55952;0,553622
Q_UNRESTRICTED/FARM/20x20x5;Q-NEUTRAL;Q_UNRESTRICTED;0;A_UNRESTRICTED/FARM/20x20x5;farm;20x20x5;20;5;20;2000;Gumin;simple-tiled-3d;0;1875111544;1;a251a4f92c8dac4e;1;0;0;0;0;2000;750;1250;0,310745;0,310745;2,594825;2,442654;0,007815;0,606724;21;25;0;2000;0,606724;0,600837
Q_UNRESTRICTED/FARM/20x20x5;Q-NEUTRAL;Q_UNRESTRICTED;0;A_UNRESTRICTED/FARM/20x20x5;farm;20x20x5;20;5;20;2000;Gumin;simple-tiled-3d;1;766273308;1;24bd0fe655bca145;1;0;0;0;0;2000;533;1467;0,190485;0,190485;2,490768;2,345916;0,00773;0,508398;19;25;0;2000;0,508398;0,50449
Q_UNRESTRICTED/FARM/20x20x5;Q-NEUTRAL;Q_UNRESTRICTED;0;A_UNRESTRICTED/FARM/20x20x5;farm;20x20x5;20;5;20;2000;Gumin;simple-tiled-3d;2;765010804;1;1c3da4af8e2b41cb;1;0;0;0;0;2000;555;1445;0,200144;0,200144;2,507487;2,366156;0,031187;0,442194;21;25;0;2000;0,442194;0,436459
Q_UNRESTRICTED/FARM/20x20x5;Q-NEUTRAL;Q_UNRESTRICTED;0;A_UNRESTRICTED/FARM/20x20x5;farm;20x20x5;20;5;20;2000;Gumin;simple-tiled-3d;3;1098731796;1;054184f77b4dc3d6;1;0;0;0;0;2000;732;1268;0,304942;0,304942;2,608498;2,540904;0,002153;0,616867;23;25;0;2000;0,616867;0,611776
Q_UNRESTRICTED/FARM/20x20x5;Q-NEUTRAL;Q_UNRESTRICTED;0;A_UNRESTRICTED/FARM/20x20x5;farm;20x20x5;20;5;20;2000;Gumin;simple-tiled-3d;4;1540822730;1;9396819b61dc24f6;1;0;0;0;0;2000;562;1438;0,190794;0,190794;2,594179;2,271681;0,013799;0,462898;21;25;0;2000;0,462898;0,456765
Q_UNRESTRICTED/FARM/20x20x5;Q-NEUTRAL;Q_UNRESTRICTED;0;A_UNRESTRICTED/FARM/20x20x5;farm;20x20x5;20;5;20;2000;Gumin;simple-tiled-3d;5;1134350488;1;1438bc7342079552;1;0;0;0;0;2000;576;1424;0,194679;0,194679;2,685985;2,497336;0,009099;0,470959;21;25;0;2000;0,470959;0,464929
Q_UNRESTRICTED/FARM/20x20x5;Q-NEUTRAL;Q_UNRESTRICTED;0;A_UNRESTRICTED/FARM/20x20x5;farm;20x20x5;20;5;20;2000;Gumin;simple-tiled-3d;6;1515269460;1;3d11c31fe326bdc1;1;0;0;0;0;2000;563;1437;0,186754;0,186754;2,611613;2,427652;0,001835;0,452959;23;25;0;2000;0,452959;0,447092
Q_UNRESTRICTED/FARM/20x20x5;Q-NEUTRAL;Q_UNRESTRICTED;0;A_UNRESTRICTED/FARM/20x20x5;farm;20x20x5;20;5;20;2000;Gumin;simple-tiled-3d;7;1739773300;1;e8c7e04aca0c9c9d;1;0;0;0;0;2000;547;1453;0,174875;0,174875;2,510159;2,391586;0,025059;0,437735;23;25;0;2000;0,437735;0,43152
Q_UNRESTRICTED/FARM/20x20x5;Q-NEUTRAL;Q_UNRESTRICTED;0;A_UNRESTRICTED/FARM/20x20x5;farm;20x20x5;20;5;20;2000;Gumin;simple-tiled-3d;8;1563526367;1;480702259c03802c;1;0;0;0;0;2000;691;1309;0,242402;0,242402;2,648511;2,54353;0,009039;0,596194;22;25;0;2000;0,596194;0,591929
Q_UNRESTRICTED/FARM/20x20x5;Q-NEUTRAL;Q_UNRESTRICTED;0;A_UNRESTRICTED/FARM/20x20x5;farm;20x20x5;20;5;20;2000;Gumin;simple-tiled-3d;9;1131092375;1;a8d589e38a4a8fb1;1;0;0;0;0;2000;566;1434;0,20495;0,20495;2,504199;2,304368;0,010875;0,467245;23;25;0;2000;0,467245;0,461327
Q_UNRESTRICTED/FARM/20x20x5;Q-NEUTRAL;Q_UNRESTRICTED;0;A_UNRESTRICTED/FARM/20x20x5;farm;20x20x5;20;5;20;2000;Gumin;simple-tiled-3d;10;533865166;2;c148c5f9a9b32b88;1;0;0;0;0;2000;599;1401;0,186093;0,186093;2,682487;2,532774;0,014554;0,491276;25;25;0;2000;0,491276;0,486184
Q_UNRESTRICTED/FARM/20x20x5;Q-NEUTRAL;Q_UNRESTRICTED;0;A_UNRESTRICTED/FARM/20x20x5;farm;20x20x5;20;5;20;2000;Gumin;simple-tiled-3d;11;985758484;1;7966228dd8b820bb;1;0;0;0;0;2000;661;1339;0,226622;0,226622;2,606193;2,53379;0,002981;0,503969;22;25;0;2000;0,503969;0,497806
Q_UNRESTRICTED/FARM/20x20x5;Q-NEUTRAL;Q_UNRESTRICTED;0;A_UNRESTRICTED/FARM/20x20x5;farm;20x20x5;20;5;20;2000;Gumin;simple-tiled-3d;12;1512242886;1;5bb900662eec4c37;1;0;0;0;0;2000;546;1454;0,163449;0,163449;2,550384;2,354374;0,024052;0,435439;22;25;0;2000;0,435439;0,429653
Q_UNRESTRICTED/FARM/20x20x5;Q-NEUTRAL;Q_UNRESTRICTED;0;A_UNRESTRICTED/FARM/20x20x5;farm;20x20x5;20;5;20;2000;Gumin;simple-tiled-3d;13;1304150976;1;96740d3ed2e0cb9b;1;0;0;0;0;2000;660;1340;0,231373;0,231373;2,428076;2,307843;0,042664;0,507102;18;25;0;2000;0,507102;0,501459
Q_UNRESTRICTED/FARM/20x20x5;Q-NEUTRAL;Q_UNRESTRICTED;0;A_UNRESTRICTED/FARM/20x20x5;farm;20x20x5;20;5;20;2000;Gumin;simple-tiled-3d;14;643749730;1;f5640a027868c23d;1;0;0;0;0;2000;532;1468;0,192385;0,192385;2,446729;2,298682;0,020506;0,427255;22;25;0;2000;0,427255;0,420959
Q_UNRESTRICTED/FARM/20x20x5;Q-NEUTRAL;Q_UNRESTRICTED;0;A_UNRESTRICTED/FARM/20x20x5;farm;20x20x5;20;5;20;2000;Gumin;simple-tiled-3d;15;1981348763;1;085291b6c4e839d1;1;0;0;0;0;2000;550;1450;0,172858;0,172858;2,569161;2,385474;0,041799;0,44751;23;25;0;2000;0,44751;0,441633
Q_UNRESTRICTED/FARM/20x20x5;Q-NEUTRAL;Q_UNRESTRICTED;0;A_UNRESTRICTED/FARM/20x20x5;farm;20x20x5;20;5;20;2000;Gumin;simple-tiled-3d;16;796674500;1;5d17f9d505feeb38;1;0;0;0;0;2000;557;1443;0,192274;0,192274;2,579954;2,37181;0,019601;0,453327;20;25;0;2000;0,453327;0,447612
Q_UNRESTRICTED/FARM/20x20x5;Q-NEUTRAL;Q_UNRESTRICTED;0;A_UNRESTRICTED/FARM/20x20x5;farm;20x20x5;20;5;20;2000;Gumin;simple-tiled-3d;17;541338546;1;6a017c4cb52046b6;1;0;0;0;0;2000;519;1481;0,162682;0,162682;2,505927;2,402495;0,037582;0,427184;22;25;0;2000;0,427184;0,42149
Q_UNRESTRICTED/FARM/20x20x5;Q-NEUTRAL;Q_UNRESTRICTED;0;A_UNRESTRICTED/FARM/20x20x5;farm;20x20x5;20;5;20;2000;Gumin;simple-tiled-3d;18;2094929604;1;12027558ad452d11;1;0;0;0;0;2000;609;1391;0,200091;0,200091;2,542294;2,335649;0,045874;0,49048;21;25;0;2000;0,49048;0,485337
Q_UNRESTRICTED/FARM/20x20x5;Q-NEUTRAL;Q_UNRESTRICTED;0;A_UNRESTRICTED/FARM/20x20x5;farm;20x20x5;20;5;20;2000;Gumin;simple-tiled-3d;19;1978613182;1;19f6c938e3398045;1;0;0;0;0;2000;589;1411;0,212261;0,212261;2,544796;2,424294;0,004821;0,454051;21;25;0;2000;0,454051;0,446949
Q_UNRESTRICTED/FARM/20x20x5;Q-NEUTRAL;Q_UNRESTRICTED;0;A_UNRESTRICTED/FARM/20x20x5;farm;20x20x5;20;5;20;2000;Gumin;simple-tiled-3d;20;1972048276;1;78387d9dd193feb7;1;0;0;0;0;2000;687;1313;0,276345;0,276345;2,668126;2,570329;0,008504;0,507296;22;25;0;2000;0,507296;0,500316
Q_UNRESTRICTED/FARM/20x20x5;Q-NEUTRAL;Q_UNRESTRICTED;0;A_UNRESTRICTED/FARM/20x20x5;farm;20x20x5;20;5;20;2000;Gumin;simple-tiled-3d;21;545563624;1;b702d0aa74c16c16;1;0;0;0;0;2000;759;1241;0,308974;0,308974;2,610872;2,42031;0,040853;0,631378;22;25;0;2000;0,631378;0,626133
Q_UNRESTRICTED/FARM/20x20x5;Q-NEUTRAL;Q_UNRESTRICTED;0;A_UNRESTRICTED/FARM/20x20x5;farm;20x20x5;20;5;20;2000;Gumin;simple-tiled-3d;22;665759818;1;3455d41fdbee0ca9;1;0;0;0;0;2000;578;1422;0,184932;0,184932;2,602576;2,423067;0,007101;0,455949;23;25;0;2000;0,455949;0,449184
Q_UNRESTRICTED/FARM/20x20x5;Q-NEUTRAL;Q_UNRESTRICTED;0;A_UNRESTRICTED/FARM/20x20x5;farm;20x20x5;20;5;20;2000;Gumin;simple-tiled-3d;23;390311561;1;b8baecdf7831e466;1;0;0;0;0;2000;592;1408;0,187118;0,187118;2,589791;2,309752;0,005249;0,481571;23;25;0;2000;0,481571;0,474806
Q_UNRESTRICTED/FARM/20x20x5;Q-NEUTRAL;Q_UNRESTRICTED;0;A_UNRESTRICTED/FARM/20x20x5;farm;20x20x5;20;5;20;2000;Gumin;simple-tiled-3d;24;543139950;1;70604e4e353abbf0;1;0;0;0;0;2000;554;1446;0,203103;0,203103;2,540956;2,386853;0,000302;0,442561;22;25;0;2000;0,442561;0,436398
Q_UNRESTRICTED/FARM/20x20x5;Q-NEUTRAL;Q_UNRESTRICTED;0;A_UNRESTRICTED/FARM/20x20x5;farm;20x20x5;20;5;20;2000;Gumin;simple-tiled-3d;25;2026246556;1;de2a2915a5192856;1;0;0;0;0;2000;651;1349;0,240249;0,240249;2,500559;2,410653;0,016778;0,504439;22;25;0;2000;0,504439;0,498347
Q_UNRESTRICTED/FARM/20x20x5;Q-NEUTRAL;Q_UNRESTRICTED;0;A_UNRESTRICTED/FARM/20x20x5;farm;20x20x5;20;5;20;2000;Gumin;simple-tiled-3d;26;1049562748;1;064ddf2c3bfac809;1;0;0;0;0;2000;593;1407;0,182955;0,182955;2,657939;2,520856;0,007351;0,455316;22;25;0;2000;0,455316;0,447469
Q_UNRESTRICTED/FARM/20x20x5;Q-NEUTRAL;Q_UNRESTRICTED;0;A_UNRESTRICTED/FARM/20x20x5;farm;20x20x5;20;5;20;2000;Gumin;simple-tiled-3d;27;1925305116;1;7c070aa5dd58e5a4;1;0;0;0;0;2000;692;1308;0,263097;0,263097;2,662335;2,535192;0,005594;0,512;23;25;0;2000;0,512;0,505592
Q_UNRESTRICTED/FARM/20x20x5;Q-NEUTRAL;Q_UNRESTRICTED;0;A_UNRESTRICTED/FARM/20x20x5;farm;20x20x5;20;5;20;2000;Gumin;simple-tiled-3d;28;1888662596;1;ed7ce3c1419e92bd;1;0;0;0;0;2000;626;1374;0,213171;0,213171;2,769551;2,603817;0,001484;0,48351;23;25;0;2000;0,48351;0,477612
Q_UNRESTRICTED/FARM/20x20x5;Q-NEUTRAL;Q_UNRESTRICTED;0;A_UNRESTRICTED/FARM/20x20x5;farm;20x20x5;20;5;20;2000;Gumin;simple-tiled-3d;29;1716820992;1;d7f3908ddc3115ab;1;0;0;0;0;2000;563;1437;0,197102;0,197102;2,588704;2,266008;0,051027;0,461092;21;25;0;2000;0,461092;0,456031
Q_UNRESTRICTED/FARM/20x20x5;Q-NEUTRAL;Q_UNRESTRICTED;0;A_UNRESTRICTED/FARM/20x20x5;farm;20x20x5;20;5;20;2000;Gumin;simple-tiled-3d;30;392000478;1;c6129bcb111ebee3;1;0;0;0;0;2000;658;1342;0,252598;0,252598;2,680578;2,526285;0,007461;0,495265;23;25;0;2000;0,495265;0,488643
Q_UNRESTRICTED/FARM/20x20x5;Q-NEUTRAL;Q_UNRESTRICTED;0;A_UNRESTRICTED/FARM/20x20x5;farm;20x20x5;20;5;20;2000;Gumin;simple-tiled-3d;31;969164606;1;88b4cb45d96c645f;1;0;0;0;0;2000;438;1562;0,129073;0,129073;2,138341;1,870328;0,224979;0,677265;15;25;0;2000;0,677265;0,677041
Q_UNRESTRICTED/FARM/20x20x5;Q-NEUTRAL;Q_UNRESTRICTED;0;A_UNRESTRICTED/FARM/20x20x5;farm;20x20x5;20;5;20;2000;Gumin;simple-tiled-3d;32;677329080;1;05c56405b9f31f18;1;0;0;0;0;2000;624;1376;0,217379;0,217379;2,669608;2,582759;0,005664;0,480663;23;25;0;2000;0,480663;0,47398
Q_UNRESTRICTED/FARM/20x20x5;Q-NEUTRAL;Q_UNRESTRICTED;0;A_UNRESTRICTED/FARM/20x20x5;farm;20x20x5;20;5;20;2000;Gumin;simple-tiled-3d;33;759761969;2;6b36144586dfc6af;1;0;0;0;0;2000;511;1489;0,171247;0,171247;2,407155;2,118359;0,041098;0,420541;22;25;0;2000;0,420541;0,415429
Q_UNRESTRICTED/FARM/20x20x5;Q-NEUTRAL;Q_UNRESTRICTED;0;A_UNRESTRICTED/FARM/20x20x5;farm;20x20x5;20;5;20;2000;Gumin;simple-tiled-3d;34;53586483;1;4084771c417cfd8a;1;0;0;0;0;2000;719;1281;0,291281;0,291281;2,578445;2,510094;0,02345;0,622214;21;25;0;2000;0,622214;0,618204
Q_UNRESTRICTED/FARM/20x20x5;Q-NEUTRAL;Q_UNRESTRICTED;0;A_UNRESTRICTED/FARM/20x20x5;farm;20x20x5;20;5;20;2000;Gumin;simple-tiled-3d;35;1148223824;1;2369c53aed7583b5;1;0;0;0;0;2000;558;1442;0,205898;0,205898;2,307479;2,142954;0,032696;0,439194;20;25;0;2000;0,439194;0,432153
Q_UNRESTRICTED/FARM/20x20x5;Q-NEUTRAL;Q_UNRESTRICTED;0;A_UNRESTRICTED/FARM/20x20x5;farm;20x20x5;20;5;20;2000;Gumin;simple-tiled-3d;36;443729599;1;df83ae4f375e417c;1;0;0;0;0;2000;660;1340;0,270854;0,270854;2,563312;2,424113;0,014831;0,497796;21;25;0;2000;0,497796;0,491684
Q_UNRESTRICTED/FARM/20x20x5;Q-NEUTRAL;Q_UNRESTRICTED;0;A_UNRESTRICTED/FARM/20x20x5;farm;20x20x5;20;5;20;2000;Gumin;simple-tiled-3d;37;1710833416;1;8387b067a631bb63;1;0;0;0;0;2000;755;1245;0,325224;0,325224;2,563919;2,468946;0,021902;0,62898;22;25;0;2000;0,62898;0,624031
Q_UNRESTRICTED/FARM/20x20x5;Q-NEUTRAL;Q_UNRESTRICTED;0;A_UNRESTRICTED/FARM/20x20x5;farm;20x20x5;20;5;20;2000;Gumin;simple-tiled-3d;38;639107027;1;fcb381a4e5ebf9c7;1;0;0;0;0;2000;689;1311;0,3374;0,3374;2,614293;2,484239;0,0242;0,627857;21;25;0;2000;0,627857;0,62398
Q_UNRESTRICTED/FARM/20x20x5;Q-NEUTRAL;Q_UNRESTRICTED;0;A_UNRESTRICTED/FARM/20x20x5;farm;20x20x5;20;5;20;2000;Gumin;simple-tiled-3d;39;1340808788;1;d4beff808991decf;1;0;0;0;0;2000;552;1448;0,189529;0,189529;2,585545;2,30917;0,024851;0,469204;20;25;0;2000;0,469204;0,463663
Q_UNRESTRICTED/FARM/20x20x5;Q-NEUTRAL;Q_UNRESTRICTED;0;A_UNRESTRICTED/FARM/20x20x5;farm;20x20x5;20;5;20;2000;Gumin;simple-tiled-3d;40;1029742766;1;16b31704f1df6043;1;0;0;0;0;2000;514;1486;0,109811;0,109811;2,570159;2,34216;0,019231;0,428112;22;25;0;2000;0,428112;0,422765
Q_UNRESTRICTED/FARM/20x20x5;Q-NEUTRAL;Q_UNRESTRICTED;0;A_UNRESTRICTED/FARM/20x20x5;farm;20x20x5;20;5;20;2000;Gumin;simple-tiled-3d;41;2108153797;1;475c8d141ddf711b;1;0;0;0;0;2000;687;1313;0,260021;0,260021;2,5534;2,438788;0,022851;0,498847;22;25;0;2000;0,498847;0,492092
Q_UNRESTRICTED/FARM/20x20x5;Q-NEUTRAL;Q_UNRESTRICTED;0;A_UNRESTRICTED/FARM/20x20x5;farm;20x20x5;20;5;20;2000;Gumin;simple-tiled-3d;42;1714843301;1;fac0b89de8e9eded;1;0;0;0;0;2000;701;1299;0,274548;0,274548;2,620306;2,504187;0,014173;0,59702;21;25;0;2000;0,59702;0,592653
Q_UNRESTRICTED/FARM/20x20x5;Q-NEUTRAL;Q_UNRESTRICTED;0;A_UNRESTRICTED/FARM/20x20x5;farm;20x20x5;20;5;20;2000;Gumin;simple-tiled-3d;43;990971266;1;2c84b929ec8915a2;1;0;0;0;0;2000;616;1384;0,230567;0,230567;2,608208;2,534614;0,003248;0,467643;22;25;0;2000;0,467643;0,461235
Q_UNRESTRICTED/FARM/20x20x5;Q-NEUTRAL;Q_UNRESTRICTED;0;A_UNRESTRICTED/FARM/20x20x5;farm;20x20x5;20;5;20;2000;Gumin;simple-tiled-3d;44;960691025;1;bb0e6887e26e6253;1;0;0;0;0;2000;570;1430;0,230976;0,230976;2,313009;2,160556;0,003794;0,440612;20;25;0;2000;0,440612;0,433827
Q_UNRESTRICTED/FARM/20x20x5;Q-NEUTRAL;Q_UNRESTRICTED;0;A_UNRESTRICTED/FARM/20x20x5;farm;20x20x5;20;5;20;2000;Gumin;simple-tiled-3d;45;1788134851;1;101ab7f6c9ffa20b;1;0;0;0;0;2000;600;1400;0,1871;0,1871;2,589997;2,414767;0,03079;0,488071;22;25;0;2000;0,488071;0,483133
Q_UNRESTRICTED/FARM/20x20x5;Q-NEUTRAL;Q_UNRESTRICTED;0;A_UNRESTRICTED/FARM/20x20x5;farm;20x20x5;20;5;20;2000;Gumin;simple-tiled-3d;46;1580603845;1;d2c51bc0a0b20c6a;1;0;0;0;0;2000;648;1352;0,228198;0,228198;2,712536;2,48219;0,032391;0,496378;22;25;0;2000;0,496378;0,49152
Q_UNRESTRICTED/FARM/20x20x5;Q-NEUTRAL;Q_UNRESTRICTED;0;A_UNRESTRICTED/FARM/20x20x5;farm;20x20x5;20;5;20;2000;Gumin;simple-tiled-3d;47;1751255832;1;d795889421087337;1;0;0;0;0;2000;572;1428;0,195922;0,195922;2,708668;2,574286;0,005667;0,457643;23;25;0;2000;0,457643;0,451592
Q_UNRESTRICTED/FARM/20x20x5;Q-NEUTRAL;Q_UNRESTRICTED;0;A_UNRESTRICTED/FARM/20x20x5;farm;20x20x5;20;5;20;2000;Gumin;simple-tiled-3d;48;994272601;1;cc37e2d678d7763d;1;0;0;0;0;2000;654;1346;0,236701;0,236701;2,65;2,52451;0,033475;0,500429;20;25;0;2000;0,500429;0,494878
Q_UNRESTRICTED/FARM/20x20x5;Q-NEUTRAL;Q_UNRESTRICTED;0;A_UNRESTRICTED/FARM/20x20x5;farm;20x20x5;20;5;20;2000;Gumin;simple-tiled-3d;49;1556471109;1;fe4d9fed09275f00;1;0;0;0;0;2000;628;1372;0,257924;0,257924;2,639961;2,494466;0,017408;0,477449;21;25;0;2000;0,477449;0,471633
Q_UNRESTRICTED/FARM/20x20x5;Q-NEUTRAL;Q_UNRESTRICTED;0;A_UNRESTRICTED/FARM/20x20x5;farm;20x20x5;20;5;20;2000;DeBroglie;matched;0;1875111544;1;21cd944bc88212ee;1;0;0;0;0;2000;757;1243;0,279861;0,279861;2,548637;2,447092;0,034296;0,623112;21;25;0;2000;0,623112;0,615827
Q_UNRESTRICTED/FARM/20x20x5;Q-NEUTRAL;Q_UNRESTRICTED;0;A_UNRESTRICTED/FARM/20x20x5;farm;20x20x5;20;5;20;2000;DeBroglie;matched;1;766273308;1;1b828364369162bd;1;0;0;0;0;2000;566;1434;0,196332;0,196332;2,488377;2,177395;0,058214;0,458439;21;25;0;2000;0,458439;0,452724
Q_UNRESTRICTED/FARM/20x20x5;Q-NEUTRAL;Q_UNRESTRICTED;0;A_UNRESTRICTED/FARM/20x20x5;farm;20x20x5;20;5;20;2000;DeBroglie;matched;2;765010804;1;2f66eac1bc890af1;1;0;0;0;0;2000;697;1303;0,244176;0,244176;2,587994;2,503044;0,05027;0,518327;21;25;0;2000;0,518327;0,512051
Q_UNRESTRICTED/FARM/20x20x5;Q-NEUTRAL;Q_UNRESTRICTED;0;A_UNRESTRICTED/FARM/20x20x5;farm;20x20x5;20;5;20;2000;DeBroglie;matched;3;1098731796;1;ba3b5881c7e0bf79;1;0;0;0;0;2000;593;1407;0,210526;0,210526;2,610399;2,524313;0,003621;0,478959;22;25;0;2000;0,478959;0,472388
Q_UNRESTRICTED/FARM/20x20x5;Q-NEUTRAL;Q_UNRESTRICTED;0;A_UNRESTRICTED/FARM/20x20x5;farm;20x20x5;20;5;20;2000;DeBroglie;matched;4;1540822730;1;936ee16eecf9ede0;1;0;0;0;0;2000;587;1413;0,244089;0,244089;2,521648;2,378803;0,052138;0,476969;20;25;0;2000;0,476969;0,471367
Q_UNRESTRICTED/FARM/20x20x5;Q-NEUTRAL;Q_UNRESTRICTED;0;A_UNRESTRICTED/FARM/20x20x5;farm;20x20x5;20;5;20;2000;DeBroglie;matched;5;1134350488;1;8c5b2536c628c5de;1;0;0;0;0;2000;546;1454;0,128777;0,128777;2,646806;2,487512;0,015861;0,455541;23;25;0;2000;0,455541;0,449684
Q_UNRESTRICTED/FARM/20x20x5;Q-NEUTRAL;Q_UNRESTRICTED;0;A_UNRESTRICTED/FARM/20x20x5;farm;20x20x5;20;5;20;2000;DeBroglie;matched;6;1515269460;1;824979d60aa382f8;1;0;0;0;0;2000;556;1444;0,196707;0,196707;2,435541;2,328447;0,014838;0,455939;18;25;0;2000;0,455939;0,449194
Q_UNRESTRICTED/FARM/20x20x5;Q-NEUTRAL;Q_UNRESTRICTED;0;A_UNRESTRICTED/FARM/20x20x5;farm;20x20x5;20;5;20;2000;DeBroglie;matched;7;1739773300;1;a82306625b3cc466;1;0;0;0;0;2000;550;1450;0,189627;0,189627;2,586169;2,41;0,036213;0,474102;22;25;0;2000;0,474102;0,468888
Q_UNRESTRICTED/FARM/20x20x5;Q-NEUTRAL;Q_UNRESTRICTED;0;A_UNRESTRICTED/FARM/20x20x5;farm;20x20x5;20;5;20;2000;DeBroglie;matched;8;1563526367;1;d5e36b6d33c6cbb5;1;0;0;0;0;2000;658;1342;0,259319;0,259319;2,704371;2,590629;0,010812;0,496673;20;25;0;2000;0,496673;0,490276
Q_UNRESTRICTED/FARM/20x20x5;Q-NEUTRAL;Q_UNRESTRICTED;0;A_UNRESTRICTED/FARM/20x20x5;farm;20x20x5;20;5;20;2000;DeBroglie;matched;9;1131092375;1;ec01d1d2ee88ed90;1;0;0;0;0;2000;690;1310;0,266245;0,266245;2,574531;2,440055;0,045579;0,620959;20;25;0;2000;0,620959;0,616041
Q_UNRESTRICTED/FARM/20x20x5;Q-NEUTRAL;Q_UNRESTRICTED;0;A_UNRESTRICTED/FARM/20x20x5;farm;20x20x5;20;5;20;2000;DeBroglie;matched;10;533865166;1;4f29f6ea08f025d7;1;0;0;0;0;2000;739;1261;0,281656;0,281656;2,629047;2,552484;0,002759;0,604541;23;25;0;2000;0,604541;0,598133
Q_UNRESTRICTED/FARM/20x20x5;Q-NEUTRAL;Q_UNRESTRICTED;0;A_UNRESTRICTED/FARM/20x20x5;farm;20x20x5;20;5;20;2000;DeBroglie;matched;11;985758484;1;d922bc9f65b103a3;1;0;0;0;0;2000;751;1249;0,268308;0,268308;2,416998;2,220674;0,026321;0,637612;21;25;0;2000;0,637612;0,631163
Q_UNRESTRICTED/FARM/20x20x5;Q-NEUTRAL;Q_UNRESTRICTED;0;A_UNRESTRICTED/FARM/20x20x5;farm;20x20x5;20;5;20;2000;DeBroglie;matched;12;1512242886;1;7a54baef0c7cf6d5;1;0;0;0;0;2000;730;1270;0,309767;0,309767;2,523365;2,432794;0,005952;0,595286;20;25;0;2000;0,595286;0,589684
Q_UNRESTRICTED/FARM/20x20x5;Q-NEUTRAL;Q_UNRESTRICTED;0;A_UNRESTRICTED/FARM/20x20x5;farm;20x20x5;20;5;20;2000;DeBroglie;matched;13;1304150976;1;5d2d5060f0572d5b;1;0;0;0;0;2000;558;1442;0,167694;0,167694;2,569655;2,40204;0,013604;0,460806;22;25;0;2000;0,460806;0,454449
Q_UNRESTRICTED/FARM/20x20x5;Q-NEUTRAL;Q_UNRESTRICTED;0;A_UNRESTRICTED/FARM/20x20x5;farm;20x20x5;20;5;20;2000;DeBroglie;matched;14;643749730;2;9b8d2401fafda05e;1;0;0;0;0;2000;590;1410;0,211806;0,211806;2,536387;2,350303;0,042195;0,477265;22;25;0;2000;0,477265;0,470378
Q_UNRESTRICTED/FARM/20x20x5;Q-NEUTRAL;Q_UNRESTRICTED;0;A_UNRESTRICTED/FARM/20x20x5;farm;20x20x5;20;5;20;2000;DeBroglie;matched;15;1981348763;1;97e18f56fd45ed8c;1;0;0;0;0;2000;588;1412;0,220471;0,220471;2,572014;2,375238;0,00696;0,463806;23;25;0;2000;0,463806;0,457724
Q_UNRESTRICTED/FARM/20x20x5;Q-NEUTRAL;Q_UNRESTRICTED;0;A_UNRESTRICTED/FARM/20x20x5;farm;20x20x5;20;5;20;2000;DeBroglie;matched;16;796674500;2;c8d39c338299e715;1;0;0;0;0;2000;637;1363;0,250583;0,250583;2,615819;2,471553;0,016209;0,4965;20;25;0;2000;0,4965;0,490796
Q_UNRESTRICTED/FARM/20x20x5;Q-NEUTRAL;Q_UNRESTRICTED;0;A_UNRESTRICTED/FARM/20x20x5;farm;20x20x5;20;5;20;2000;DeBroglie;matched;17;541338546;1;c4515c036d379149;1;0;0;0;0;2000;662;1338;0,263222;0,263222;2,673186;2,450453;0,049116;0,519418;22;25;0;2000;0,519418;0,513357
Q_UNRESTRICTED/FARM/20x20x5;Q-NEUTRAL;Q_UNRESTRICTED;0;A_UNRESTRICTED/FARM/20x20x5;farm;20x20x5;20;5;20;2000;DeBroglie;matched;18;2094929604;1;d7a94ace0c0449d5;1;0;0;0;0;2000;488;1512;0,129301;0,129301;2,459857;2,145887;0,01942;0,56349;21;25;0;2000;0,56349;0,562143
Q_UNRESTRICTED/FARM/20x20x5;Q-NEUTRAL;Q_UNRESTRICTED;0;A_UNRESTRICTED/FARM/20x20x5;farm;20x20x5;20;5;20;2000;DeBroglie;matched;19;1978613182;1;89f84a08ae3e377e;1;0;0;0;0;2000;553;1447;0,134091;0,134091;2,696706;2,504873;0,024191;0,45701;23;25;0;2000;0,45701;0,451327
Q_UNRESTRICTED/FARM/20x20x5;Q-NEUTRAL;Q_UNRESTRICTED;0;A_UNRESTRICTED/FARM/20x20x5;farm;20x20x5;20;5;20;2000;DeBroglie;matched;20;1972048276;1;aa75704c7d78012b;1;0;0;0;0;2000;588;1412;0,195489;0,195489;2,661696;2,48704;0,011539;0,482541;22;25;0;2000;0,482541;0,476735
Q_UNRESTRICTED/FARM/20x20x5;Q-NEUTRAL;Q_UNRESTRICTED;0;A_UNRESTRICTED/FARM/20x20x5;farm;20x20x5;20;5;20;2000;DeBroglie;matched;21;545563624;1;ea8a8fbbf97b03ab;1;0;0;0;0;2000;544;1456;0,178936;0,178936;2,467208;2,289771;0,047156;0,454306;22;25;0;2000;0,454306;0,448102
Q_UNRESTRICTED/FARM/20x20x5;Q-NEUTRAL;Q_UNRESTRICTED;0;A_UNRESTRICTED/FARM/20x20x5;farm;20x20x5;20;5;20;2000;DeBroglie;matched;22;665759818;1;5a8dc0a63f589d06;1;0;0;0;0;2000;534;1466;0,169458;0,169458;2,49324;2,365311;0,000568;0,447867;23;25;0;2000;0,447867;0,441969
Q_UNRESTRICTED/FARM/20x20x5;Q-NEUTRAL;Q_UNRESTRICTED;0;A_UNRESTRICTED/FARM/20x20x5;farm;20x20x5;20;5;20;2000;DeBroglie;matched;23;390311561;2;15aa8854cca661d3;1;0;0;0;0;2000;624;1376;0,213546;0,213546;2,70746;2,52012;0,031362;0,587571;23;25;0;2000;0,587571;0,584153
Q_UNRESTRICTED/FARM/20x20x5;Q-NEUTRAL;Q_UNRESTRICTED;0;A_UNRESTRICTED/FARM/20x20x5;farm;20x20x5;20;5;20;2000;DeBroglie;matched;24;543139950;1;855a7c591711c0fd;1;0;0;0;0;2000;616;1384;0,210853;0,210853;2,747907;2,580977;0,014826;0,489735;23;25;0;2000;0,489735;0,482735
Q_UNRESTRICTED/FARM/20x20x5;Q-NEUTRAL;Q_UNRESTRICTED;0;A_UNRESTRICTED/FARM/20x20x5;farm;20x20x5;20;5;20;2000;DeBroglie;matched;25;2026246556;1;add90935f3d3247c;1;0;0;0;0;2000;562;1438;0,185901;0,185901;2,524824;2,421469;0,021869;0,458918;20;25;0;2000;0,458918;0,451592
Q_UNRESTRICTED/FARM/20x20x5;Q-NEUTRAL;Q_UNRESTRICTED;0;A_UNRESTRICTED/FARM/20x20x5;farm;20x20x5;20;5;20;2000;DeBroglie;matched;26;1049562748;1;a2d1670d38cdca15;1;0;0;0;0;2000;808;1192;0,313951;0,313951;2,46362;2,374322;0,042734;0,612163;21;25;0;2000;0,612163;0,605531
Q_UNRESTRICTED/FARM/20x20x5;Q-NEUTRAL;Q_UNRESTRICTED;0;A_UNRESTRICTED/FARM/20x20x5;farm;20x20x5;20;5;20;2000;DeBroglie;matched;27;1925305116;1;6e99fa371b5ad80a;1;0;0;0;0;2000;790;1210;0,310146;0,310146;2,583514;2,444441;0,012484;0,616173;22;25;0;2000;0,616173;0,608827
Q_UNRESTRICTED/FARM/20x20x5;Q-NEUTRAL;Q_UNRESTRICTED;0;A_UNRESTRICTED/FARM/20x20x5;farm;20x20x5;20;5;20;2000;DeBroglie;matched;28;1888662596;2;2cba26b02d1b3822;1;0;0;0;0;2000;534;1466;0,136591;0,136591;2,625761;2,248034;0,033727;0,511133;21;25;0;2000;0,511133;0,507561
Q_UNRESTRICTED/FARM/20x20x5;Q-NEUTRAL;Q_UNRESTRICTED;0;A_UNRESTRICTED/FARM/20x20x5;farm;20x20x5;20;5;20;2000;DeBroglie;matched;29;1716820992;1;18ff21aabc1c94c9;1;0;0;0;0;2000;697;1303;0,262669;0,262669;2,722843;2,547179;0,025412;0,516531;22;25;0;2000;0,516531;0,510337
Q_UNRESTRICTED/FARM/20x20x5;Q-NEUTRAL;Q_UNRESTRICTED;0;A_UNRESTRICTED/FARM/20x20x5;farm;20x20x5;20;5;20;2000;DeBroglie;matched;30;392000478;1;f7a5e1559d231e18;1;0;0;0;0;2000;552;1448;0,171071;0,171071;2,559579;2,400969;0,001417;0,456714;21;25;0;2000;0,456714;0,449816
Q_UNRESTRICTED/FARM/20x20x5;Q-NEUTRAL;Q_UNRESTRICTED;0;A_UNRESTRICTED/FARM/20x20x5;farm;20x20x5;20;5;20;2000;DeBroglie;matched;31;969164606;1;8c4c7464baca3214;1;0;0;0;0;2000;664;1336;0,2569;0,2569;2,615612;2,478068;0,016782;0,506337;22;25;0;2000;0,506337;0,499959
Q_UNRESTRICTED/FARM/20x20x5;Q-NEUTRAL;Q_UNRESTRICTED;0;A_UNRESTRICTED/FARM/20x20x5;farm;20x20x5;20;5;20;2000;DeBroglie;matched;32;677329080;1;40cc6bea32841adb;1;0;0;0;0;2000;633;1367;0,190883;0,190883;2,704501;2,45157;0,101147;0,505684;25;25;0;2000;0,505684;0,500898
Q_UNRESTRICTED/FARM/20x20x5;Q-NEUTRAL;Q_UNRESTRICTED;0;A_UNRESTRICTED/FARM/20x20x5;farm;20x20x5;20;5;20;2000;DeBroglie;matched;33;759761969;1;3dd729dcdfdcd2b4;1;0;0;0;0;2000;593;1407;0,218895;0,218895;2,652435;2,418138;0,001214;0,4765;20;25;0;2000;0,4765;0,470173
Q_UNRESTRICTED/FARM/20x20x5;Q-NEUTRAL;Q_UNRESTRICTED;0;A_UNRESTRICTED/FARM/20x20x5;farm;20x20x5;20;5;20;2000;DeBroglie;matched;34;53586483;1;7f022de865f64079;1;0;0;0;0;2000;726;1274;0,281398;0,281398;2,621765;2,559056;0,010862;0,604571;21;25;0;2000;0,604571;0,598204
Q_UNRESTRICTED/FARM/20x20x5;Q-NEUTRAL;Q_UNRESTRICTED;0;A_UNRESTRICTED/FARM/20x20x5;farm;20x20x5;20;5;20;2000;DeBroglie;matched;35;1148223824;1;a691322282b998b6;1;0;0;0;0;2000;633;1367;0,237409;0,237409;2,752346;2,63364;0,014801;0,493469;23;25;0;2000;0,493469;0,48798
Q_UNRESTRICTED/FARM/20x20x5;Q-NEUTRAL;Q_UNRESTRICTED;0;A_UNRESTRICTED/FARM/20x20x5;farm;20x20x5;20;5;20;2000;DeBroglie;matched;36;443729599;1;73ec756637c4a340;1;0;0;0;0;2000;556;1444;0,180077;0,180077;2,589873;2,411301;0,019484;0,477439;20;25;0;2000;0,477439;0,471327
Q_UNRESTRICTED/FARM/20x20x5;Q-NEUTRAL;Q_UNRESTRICTED;0;A_UNRESTRICTED/FARM/20x20x5;farm;20x20x5;20;5;20;2000;DeBroglie;matched;37;1710833416;1;ba5288ad19d1d636;1;0;0;0;0;2000;745;1255;0,302939;0,302939;2,547657;2,468878;0,023944;0,625143;22;25;0;2000;0,625143;0,619327
Q_UNRESTRICTED/FARM/20x20x5;Q-NEUTRAL;Q_UNRESTRICTED;0;A_UNRESTRICTED/FARM/20x20x5;farm;20x20x5;20;5;20;2000;DeBroglie;matched;38;639107027;1;343e827975be5b8b;1;0;0;0;0;2000;549;1451;0,164774;0,164774;2,559959;2,410963;0,009732;0,455908;21;25;0;2000;0,455908;0,449449
Q_UNRESTRICTED/FARM/20x20x5;Q-NEUTRAL;Q_UNRESTRICTED;0;A_UNRESTRICTED/FARM/20x20x5;farm;20x20x5;20;5;20;2000;DeBroglie;matched;39;1340808788;1;660103766208a3a4;1;0;0;0;0;2000;723;1277;0,289925;0,289925;2,689317;2,581948;0,002204;0,579735;23;25;0;2000;0,579735;0,573204
Q_UNRESTRICTED/FARM/20x20x5;Q-NEUTRAL;Q_UNRESTRICTED;0;A_UNRESTRICTED/FARM/20x20x5;farm;20x20x5;20;5;20;2000;DeBroglie;matched;40;1029742766;1;f77b59b6ff5a2a50;1;0;0;0;0;2000;658;1342;0,233256;0,233256;2,767807;2,685666;0,011463;0,503367;22;25;0;2000;0,503367;0,497418
Q_UNRESTRICTED/FARM/20x20x5;Q-NEUTRAL;Q_UNRESTRICTED;0;A_UNRESTRICTED/FARM/20x20x5;farm;20x20x5;20;5;20;2000;DeBroglie;matched;41;2108153797;1;5edace5cdec7e833;1;0;0;0;0;2000;600;1400;0,208179;0,208179;2,611692;2,461663;0,041957;0,488286;22;25;0;2000;0,488286;0,482643
Q_UNRESTRICTED/FARM/20x20x5;Q-NEUTRAL;Q_UNRESTRICTED;0;A_UNRESTRICTED/FARM/20x20x5;farm;20x20x5;20;5;20;2000;DeBroglie;matched;42;1714843301;1;ef76b5771e5478d1;1;0;0;0;0;2000;567;1433;0,195025;0,195025;2,609101;2,321101;0,00847;0,47501;22;25;0;2000;0,47501;0,468847
Q_UNRESTRICTED/FARM/20x20x5;Q-NEUTRAL;Q_UNRESTRICTED;0;A_UNRESTRICTED/FARM/20x20x5;farm;20x20x5;20;5;20;2000;DeBroglie;matched;43;990971266;3;20425b2d55620225;1;0;0;0;0;2000;643;1357;0,22345;0,22345;2,619836;2,506595;0,003768;0,5575;22;25;0;2000;0,5575;0,552143
Q_UNRESTRICTED/FARM/20x20x5;Q-NEUTRAL;Q_UNRESTRICTED;0;A_UNRESTRICTED/FARM/20x20x5;farm;20x20x5;20;5;20;2000;DeBroglie;matched;44;960691025;1;a9a43cf9bcd1cfff;1;0;0;0;0;2000;546;1454;0,165225;0,165225;2,645717;2,491665;0,000178;0,459806;23;25;0;2000;0,459806;0,454776
Q_UNRESTRICTED/FARM/20x20x5;Q-NEUTRAL;Q_UNRESTRICTED;0;A_UNRESTRICTED/FARM/20x20x5;farm;20x20x5;20;5;20;2000;DeBroglie;matched;45;1788134851;1;b3fcbc98c0845552;1;0;0;0;0;2000;753;1247;0,338491;0,338491;2,539457;2,432574;0,025745;0,597122;20;25;0;2000;0,597122;0,591449
Q_UNRESTRICTED/FARM/20x20x5;Q-NEUTRAL;Q_UNRESTRICTED;0;A_UNRESTRICTED/FARM/20x20x5;farm;20x20x5;20;5;20;2000;DeBroglie;matched;46;1580603845;1;3b32cd2ba1d54c3a;1;0;0;0;0;2000;629;1371;0,236301;0,236301;2,689853;2,564708;0,018186;0,496827;21;25;0;2000;0,496827;0,491592
Q_UNRESTRICTED/FARM/20x20x5;Q-NEUTRAL;Q_UNRESTRICTED;0;A_UNRESTRICTED/FARM/20x20x5;farm;20x20x5;20;5;20;2000;DeBroglie;matched;47;1751255832;1;a075eebd0dd1f7a3;1;0;0;0;0;2000;568;1432;0,182276;0,182276;2,505547;2,321907;0,031768;0,463418;21;25;0;2000;0,463418;0,45648
Q_UNRESTRICTED/FARM/20x20x5;Q-NEUTRAL;Q_UNRESTRICTED;0;A_UNRESTRICTED/FARM/20x20x5;farm;20x20x5;20;5;20;2000;DeBroglie;matched;48;994272601;1;47719066d1a96f26;1;0;0;0;0;2000;546;1454;0,179866;0,179866;2,550267;2,289039;0,005988;0,455541;19;25;0;2000;0,455541;0,450235
Q_UNRESTRICTED/FARM/20x20x5;Q-NEUTRAL;Q_UNRESTRICTED;0;A_UNRESTRICTED/FARM/20x20x5;farm;20x20x5;20;5;20;2000;DeBroglie;matched;49;1556471109;1;f73677f7948faafe;1;0;0;0;0;2000;613;1387;0,239488;0,239488;2,60237;2,482482;0,006878;0,485398;20;25;0;2000;0,485398;0,479786
Q_UNRESTRICTED/FARM/30x30x5;Q-NEUTRAL;Q_UNRESTRICTED;0;A_UNRESTRICTED/FARM/30x30x5;farm;30x30x5;30;5;30;4500;ThisWork;heap;0;1656224568;2;476e60f0aed9230b;1;0;0;0;0;4500;1393;3107;0,226753;0,226753;2,641033;2,572739;0,005771;0,47556;21;25;0;4500;0,47556;0,468984
Q_UNRESTRICTED/FARM/30x30x5;Q-NEUTRAL;Q_UNRESTRICTED;0;A_UNRESTRICTED/FARM/30x30x5;farm;30x30x5;30;5;30;4500;ThisWork;heap;1;735426713;1;2db4e6c5ed02aa76;1;0;0;0;0;4500;1499;3001;0,259996;0,259996;2,639551;2,593619;0,001046;0,48966;22;25;0;4500;0,48966;0,482816
Q_UNRESTRICTED/FARM/30x30x5;Q-NEUTRAL;Q_UNRESTRICTED;0;A_UNRESTRICTED/FARM/30x30x5;farm;30x30x5;30;5;30;4500;ThisWork;heap;2;384307820;1;3e4dfa75603786f8;1;0;0;0;0;4500;1203;3297;0,167076;0,167076;2,554656;2,389939;0,002712;0,463456;20;25;0;4500;0,463456;0,458798
Q_UNRESTRICTED/FARM/30x30x5;Q-NEUTRAL;Q_UNRESTRICTED;0;A_UNRESTRICTED/FARM/30x30x5;farm;30x30x5;30;5;30;4500;ThisWork;heap;3;1855336915;2;b7038c361d2d4c64;1;0;0;0;0;4500;1601;2899;0,288425;0,288425;2,579086;2,493614;0,00268;0,581515;23;25;0;4500;0,581515;0,576086
Q_UNRESTRICTED/FARM/30x30x5;Q-NEUTRAL;Q_UNRESTRICTED;0;A_UNRESTRICTED/FARM/30x30x5;farm;30x30x5;30;5;30;4500;ThisWork;heap;4;1886222298;1;7134fba857469fde;1;0;0;0;0;4500;1217;3283;0,166903;0,166903;2,594279;2,473184;0,001914;0,452045;23;25;0;4500;0,452045;0,446522
Q_UNRESTRICTED/FARM/30x30x5;Q-NEUTRAL;Q_UNRESTRICTED;0;A_UNRESTRICTED/FARM/30x30x5;farm;30x30x5;30;5;30;4500;ThisWork;heap;5;672303275;1;dbb651d5afd8f61a;1;0;0;0;0;4500;1309;3191;0,213637;0,213637;2,539779;2,476919;0,002182;0,457587;21;25;0;4500;0,457587;0,451347
Q_UNRESTRICTED/FARM/30x30x5;Q-NEUTRAL;Q_UNRESTRICTED;0;A_UNRESTRICTED/FARM/30x30x5;farm;30x30x5;30;5;30;4500;ThisWork;heap;6;588737842;1;985c913dfb430245;1;0;0;0;0;4500;1443;3057;0,228363;0,228363;2,671555;2,630326;0,002902;0,481687;21;25;0;4500;0,481687;0,475283
Q_UNRESTRICTED/FARM/30x30x5;Q-NEUTRAL;Q_UNRESTRICTED;0;A_UNRESTRICTED/FARM/30x30x5;farm;30x30x5;30;5;30;4500;ThisWork;heap;7;1206745522;1;ee6902d1ef67ecfe;1;0;0;0;0;4500;1535;2965;0,216806;0,216806;2,623932;2,544443;0,004056;0,617079;24;25;0;4500;0,617079;0,612893
Q_UNRESTRICTED/FARM/30x30x5;Q-NEUTRAL;Q_UNRESTRICTED;0;A_UNRESTRICTED/FARM/30x30x5;farm;30x30x5;30;5;30;4500;ThisWork;heap;8;289216817;1;b67395ce991d9319;1;0;0;0;0;4500;1221;3279;0,171412;0,171412;2,572171;2,456277;0,011872;0,445565;22;25;0;4500;0,445565;0,439814
Q_UNRESTRICTED/FARM/30x30x5;Q-NEUTRAL;Q_UNRESTRICTED;0;A_UNRESTRICTED/FARM/30x30x5;farm;30x30x5;30;5;30;4500;ThisWork;heap;9;1174543571;2;5ed81ec83de7dc1e;1;0;0;0;0;4500;1269;3231;0,198419;0,198419;2,560215;2,489757;0,013421;0,452553;23;25;0;4500;0,452553;0,44663
Q_UNRESTRICTED/FARM/30x30x5;Q-NEUTRAL;Q_UNRESTRICTED;0;A_UNRESTRICTED/FARM/30x30x5;farm;30x30x5;30;5;30;4500;ThisWork;heap;10;1907249861;1;028b3a0f48191ae5;1;0;0;0;0;4500;1363;3137;0,227144;0,227144;2,592659;2,504048;0,018703;0,471556;23;25;0;4500;0,471556;0,466254
Q_UNRESTRICTED/FARM/30x30x5;Q-NEUTRAL;Q_UNRESTRICTED;0;A_UNRESTRICTED/FARM/30x30x5;farm;30x30x5;30;5;30;4500;ThisWork;heap;11;1308320955;1;fa24fababedea758;1;0;0;0;0;4500;1722;2778;0,29549;0,29549;2,521037;2,462339;0,003016;0,619533;22;25;0;4500;0,619533;0,613673
Q_UNRESTRICTED/FARM/30x30x5;Q-NEUTRAL;Q_UNRESTRICTED;0;A_UNRESTRICTED/FARM/30x30x5;farm;30x30x5;30;5;30;4500;ThisWork;heap;12;2110520317;1;4693e4444c4387ba;1;0;0;0;0;4500;1325;3175;0,205909;0,205909;2,618124;2,58878;0,001605;0,463156;21;25;0;4500;0,463156;0,456703
Q_UNRESTRICTED/FARM/30x30x5;Q-NEUTRAL;Q_UNRESTRICTED;0;A_UNRESTRICTED/FARM/30x30x5;farm;30x30x5;30;5;30;4500;ThisWork;heap;13;1573266213;1;f3ee8648c414fed3;1;0;0;0;0;4500;1257;3243;0,170211;0,170211;2,66047;2,563518;0,003182;0,449324;23;25;0;4500;0,449324;0,443265
Q_UNRESTRICTED/FARM/30x30x5;Q-NEUTRAL;Q_UNRESTRICTED;0;A_UNRESTRICTED/FARM/30x30x5;farm;30x30x5;30;5;30;4500;ThisWork;heap;14;1047906608;1;5eba64cfb2d132a9;1;0;0;0;0;4500;1392;3108;0,244289;0,244289;2,636172;2,546237;0,01022;0,46966;22;25;0;4500;0,46966;0,463492
Q_UNRESTRICTED/FARM/30x30x5;Q-NEUTRAL;Q_UNRESTRICTED;0;A_UNRESTRICTED/FARM/30x30x5;farm;30x30x5;30;5;30;4500;ThisWork;heap;15;1098050923;1;75b3781dc362a797;1;0;0;0;0;4500;1484;3016;0,239326;0,239326;2,745554;2,71465;0,005651;0,48619;23;25;0;4500;0,48619;0,478807
Q_UNRESTRICTED/FARM/30x30x5;Q-NEUTRAL;Q_UNRESTRICTED;0;A_UNRESTRICTED/FARM/30x30x5;farm;30x30x5;30;5;30;4500;ThisWork;heap;16;1990912493;1;342c400a96fd9c15;1;0;0;0;0;4500;1305;3195;0,204212;0,204212;2,560895;2,464184;0,001154;0,470694;22;25;0;4500;0,470694;0,464476
Q_UNRESTRICTED/FARM/30x30x5;Q-NEUTRAL;Q_UNRESTRICTED;0;A_UNRESTRICTED/FARM/30x30x5;farm;30x30x5;30;5;30;4500;ThisWork;heap;17;1942814369;1;4dc580a6700c6ea9;1;0;0;0;0;4500;1595;2905;0,273675;0,273675;2,596918;2,504219;0,014826;0,606834;23;25;0;4500;0,606834;0,602612
Q_UNRESTRICTED/FARM/30x30x5;Q-NEUTRAL;Q_UNRESTRICTED;0;A_UNRESTRICTED/FARM/30x30x5;farm;30x30x5;30;5;30;4500;ThisWork;heap;18;1628118836;1;817316bad89a28fd;1;0;0;0;0;4500;1634;2866;0,317126;0,317126;2,548826;2,45408;0,010863;0,569129;21;25;0;4500;0,569129;0,562712
Q_UNRESTRICTED/FARM/30x30x5;Q-NEUTRAL;Q_UNRESTRICTED;0;A_UNRESTRICTED/FARM/30x30x5;farm;30x30x5;30;5;30;4500;ThisWork;heap;19;786591398;1;8547d7b499ec8847;1;0;0;0;0;4500;1268;3232;0,197856;0,197856;2,427337;2,348121;0,002808;0,446839;21;25;0;4500;0,446839;0,440041
Q_UNRESTRICTED/FARM/30x30x5;Q-NEUTRAL;Q_UNRESTRICTED;0;A_UNRESTRICTED/FARM/30x30x5;farm;30x30x5;30;5;30;4500;ThisWork;heap;20;239299684;1;785228f68a4b1caa;1;0;0;0;0;4500;1168;3332;0,152682;0,152682;2,509898;2,419782;0,010478;0,429102;22;25;0;4500;0,429102;0,423451
Q_UNRESTRICTED/FARM/30x30x5;Q-NEUTRAL;Q_UNRESTRICTED;0;A_UNRESTRICTED/FARM/30x30x5;farm;30x30x5;30;5;30;4500;ThisWork;heap;21;821399445;1;928d46cf41e78417;1;0;0;0;0;4500;1220;3280;0,162682;0,162682;2,552422;2,480191;0,032774;0,442585;23;25;0;4500;0,442585;0,436639
Q_UNRESTRICTED/FARM/30x30x5;Q-NEUTRAL;Q_UNRESTRICTED;0;A_UNRESTRICTED/FARM/30x30x5;farm;30x30x5;30;5;30;4500;ThisWork;heap;22;914973148;3;14c9d7ef530922c3;1;0;0;0;0;4500;1465;3035;0,229818;0,229818;2,722139;2,652885;0,013242;0,486553;23;25;0;4500;0,486553;0,479914
Q_UNRESTRICTED/FARM/30x30x5;Q-NEUTRAL;Q_UNRESTRICTED;0;A_UNRESTRICTED/FARM/30x30x5;farm;30x30x5;30;5;30;4500;ThisWork;heap;23;799645437;2;5a4734a9bf921deb;1;0;0;0;0;4500;1204;3296;0,158469;0,158469;2,526266;2,427645;0,010479;0,438331;22;25;0;4500;0,438331;0,431968
Q_UNRESTRICTED/FARM/30x30x5;Q-NEUTRAL;Q_UNRESTRICTED;0;A_UNRESTRICTED/FARM/30x30x5;farm;30x30x5;30;5;30;4500;ThisWork;heap;24;449732836;1;c945fd67d635bcdf;1;0;0;0;0;4500;1643;2857;0,309381;0,309381;2,566228;2,508857;0,003952;0,568608;23;25;0;4500;0,568608;0,562045
Q_UNRESTRICTED/FARM/30x30x5;Q-NEUTRAL;Q_UNRESTRICTED;0;A_UNRESTRICTED/FARM/30x30x5;farm;30x30x5;30;5;30;4500;ThisWork;heap;25;1069680079;1;dccd432a36f197ec;1;0;0;0;0;4500;1248;3252;0,171701;0,171701;2,617225;2,521424;0,006261;0,446132;21;25;0;4500;0,446132;0,439646
Q_UNRESTRICTED/FARM/30x30x5;Q-NEUTRAL;Q_UNRESTRICTED;0;A_UNRESTRICTED/FARM/30x30x5;farm;30x30x5;30;5;30;4500;ThisWork;heap;26;2012410532;1;31a967a6cceed594;1;0;0;0;0;4500;1197;3303;0,145622;0,145622;2,565111;2,51237;0,001817;0,437234;21;25;0;4500;0,437234;0,430522
Q_UNRESTRICTED/FARM/30x30x5;Q-NEUTRAL;Q_UNRESTRICTED;0;A_UNRESTRICTED/FARM/30x30x5;farm;30x30x5;30;5;30;4500;ThisWork;heap;27;1685439030;2;19847475ef418d4c;1;0;0;0;0;4500;1516;2984;0,232625;0,232625;2,64263;2,559067;0,004338;0,598694;23;25;0;4500;0,598694;0,593855
Q_UNRESTRICTED/FARM/30x30x5;Q-NEUTRAL;Q_UNRESTRICTED;0;A_UNRESTRICTED/FARM/30x30x5;farm;30x30x5;30;5;30;4500;ThisWork;heap;28;931456755;1;b61bf762c47a45da;1;0;0;0;0;4500;1242;3258;0,172849;0,172849;2,581497;2,478413;0,011791;0,447515;23;25;0;4500;0,447515;0,441397
Q_UNRESTRICTED/FARM/30x30x5;Q-NEUTRAL;Q_UNRESTRICTED;0;A_UNRESTRICTED/FARM/30x30x5;farm;30x30x5;30;5;30;4500;ThisWork;heap;29;132526021;1;7142648dc0a7551b;1;0;0;0;0;4500;1433;3067;0,261079;0,261079;2,583642;2,539254;0,015707;0,472494;21;25;0;4500;0,472494;0,465868
Q_UNRESTRICTED/FARM/30x30x5;Q-NEUTRAL;Q_UNRESTRICTED;0;A_UNRESTRICTED/FARM/30x30x5;farm;30x30x5;30;5;30;4500;ThisWork;heap;30;266039153;1;980c62f0c13b5d8a;1;0;0;0;0;4500;1233;3267;0,178783;0,178783;2,552119;2,453059;0,00767;0,454304;22;25;0;4500;0,454304;0,44819
Q_UNRESTRICTED/FARM/30x30x5;Q-NEUTRAL;Q_UNRESTRICTED;0;A_UNRESTRICTED/FARM/30x30x5;farm;30x30x5;30;5;30;4500;ThisWork;heap;31;2110756128;1;0eefa447faf0e9e2;1;0;0;0;0;4500;1467;3033;0,247102;0,247102;2,626215;2,519472;0,003733;0,497696;22;25;0;4500;0,497696;0,49176
Q_UNRESTRICTED/FARM/30x30x5;Q-NEUTRAL;Q_UNRESTRICTED;0;A_UNRESTRICTED/FARM/30x30x5;farm;30x30x5;30;5;30;4500;ThisWork;heap;32;1141608350;1;ea20f3a7ae312c09;1;0;0;0;0;4500;1568;2932;0,292821;0,292821;2,628378;2,590697;0,004074;0,568136;21;25;0;4500;0,568136;0,562327
Q_UNRESTRICTED/FARM/30x30x5;Q-NEUTRAL;Q_UNRESTRICTED;0;A_UNRESTRICTED/FARM/30x30x5;farm;30x30x5;30;5;30;4500;ThisWork;heap;33;214237049;2;353fc5550b0962a5;1;0;0;0;0;4500;1258;3242;0,184001;0,184001;2,5921;2,511542;0,001375;0,449669;22;25;0;4500;0,449669;0,442948
Q_UNRESTRICTED/FARM/30x30x5;Q-NEUTRAL;Q_UNRESTRICTED;0;A_UNRESTRICTED/FARM/30x30x5;farm;30x30x5;30;5;30;4500;ThisWork;heap;34;1582633470;1;6fb70b05803a2273;1;0;0;0;0;4500;1709;2791;0,322601;0,322601;2,579431;2,518772;0,006999;0,603619;22;25;0;4500;0,603619;0,59683
Q_UNRESTRICTED/FARM/30x30x5;Q-NEUTRAL;Q_UNRESTRICTED;0;A_UNRESTRICTED/FARM/30x30x5;farm;30x30x5;30;5;30;4500;ThisWork;heap;35;1662258472;1;ad4d746d859e81ea;1;0;0;0;0;4500;1222;3278;0,158658;0,158658;2,485024;2,420912;0,019148;0,441533;22;25;0;4500;0,441533;0,435088
Q_UNRESTRICTED/FARM/30x30x5;Q-NEUTRAL;Q_UNRESTRICTED;0;A_UNRESTRICTED/FARM/30x30x5;farm;30x30x5;30;5;30;4500;ThisWork;heap;36;11960298;2;08fe2eb67455f3cb;1;0;0;0;0;4500;1402;3098;0,185844;0,185844;2,751407;2,596899;0,006325;0,481918;24;25;0;4500;0,481918;0,476803
Q_UNRESTRICTED/FARM/30x30x5;Q-NEUTRAL;Q_UNRESTRICTED;0;A_UNRESTRICTED/FARM/30x30x5;farm;30x30x5;30;5;30;4500;ThisWork;heap;37;2050422466;1;55a707e065a1922e;1;0;0;0;0;4500;1244;3256;0,165596;0,165596;2,558545;2,46932;0,029795;0,44829;21;25;0;4500;0,44829;0,441605
Q_UNRESTRICTED/FARM/30x30x5;Q-NEUTRAL;Q_UNRESTRICTED;0;A_UNRESTRICTED/FARM/30x30x5;farm;30x30x5;30;5;30;4500;ThisWork;heap;38;371699894;1;a53552d6ef8f4ac8;1;0;0;0;0;4500;1399;3101;0,217238;0,217238;2,661651;2,591587;0,0085;0,47683;23;25;0;4500;0,47683;0,470549
Q_UNRESTRICTED/FARM/30x30x5;Q-NEUTRAL;Q_UNRESTRICTED;0;A_UNRESTRICTED/FARM/30x30x5;farm;30x30x5;30;5;30;4500;ThisWork;heap;39;600685354;1;7ec9d58623adcbd5;1;0;0;0;0;4500;1395;3105;0,219747;0,219747;2,717924;2,647369;0,006622;0,46371;23;25;0;4500;0,46371;0,456617
Q_UNRESTRICTED/FARM/30x30x5;Q-NEUTRAL;Q_UNRESTRICTED;0;A_UNRESTRICTED/FARM/30x30x5;farm;30x30x5;30;5;30;4500;ThisWork;heap;40;2056041745;2;5ab6db51704924fb;1;0;0;0;0;4500;1389;3111;0,224738;0,224738;2,587189;2,485729;0,001781;0,470707;23;25;0;4500;0,470707;0,464036
Q_UNRESTRICTED/FARM/30x30x5;Q-NEUTRAL;Q_UNRESTRICTED;0;A_UNRESTRICTED/FARM/30x30x5;farm;30x30x5;30;5;30;4500;ThisWork;heap;41;1149010876;2;61348a6ece920f2a;1;0;0;0;0;4500;1228;3272;0,123343;0,123343;2,691253;2,529232;0,010882;0,443302;23;25;0;4500;0,443302;0,437447
Q_UNRESTRICTED/FARM/30x30x5;Q-NEUTRAL;Q_UNRESTRICTED;0;A_UNRESTRICTED/FARM/30x30x5;farm;30x30x5;30;5;30;4500;ThisWork;heap;42;2021866719;1;c24099a4df426089;1;0;0;0;0;4500;1447;3053;0,219176;0,219176;2,646497;2,552627;0,015853;0,486023;22;25;0;4500;0,486023;0,479651
Q_UNRESTRICTED/FARM/30x30x5;Q-NEUTRAL;Q_UNRESTRICTED;0;A_UNRESTRICTED/FARM/30x30x5;farm;30x30x5;30;5;30;4500;ThisWork;heap;43;1277694117;1;037f8c33c8973272;1;0;0;0;0;4500;1450;3050;0,228626;0,228626;2,706155;2,642595;0,019162;0,48405;23;25;0;4500;0,48405;0,477451
Q_UNRESTRICTED/FARM/30x30x5;Q-NEUTRAL;Q_UNRESTRICTED;0;A_UNRESTRICTED/FARM/30x30x5;farm;30x30x5;30;5;30;4500;ThisWork;heap;44;1302509047;1;f515fba25bd45f05;1;0;0;0;0;4500;1290;3210;0,195589;0,195589;2,44414;2,379795;0,004419;0,452054;19;25;0;4500;0,452054;0,445633
Q_UNRESTRICTED/FARM/30x30x5;Q-NEUTRAL;Q_UNRESTRICTED;0;A_UNRESTRICTED/FARM/30x30x5;farm;30x30x5;30;5;30;4500;ThisWork;heap;45;520458473;1;b8eab5695122ee97;1;0;0;0;0;4500;1617;2883;0,266788;0,266788;2,599343;2,557753;0,014829;0,590517;23;25;0;4500;0,590517;0,58454
Q_UNRESTRICTED/FARM/30x30x5;Q-NEUTRAL;Q_UNRESTRICTED;0;A_UNRESTRICTED/FARM/30x30x5;farm;30x30x5;30;5;30;4500;ThisWork;heap;46;325159756;1;7e51aa1fc31e7711;1;0;0;0;0;4500;1246;3254;0,199792;0,199792;2,604915;2,473349;0,006601;0,458549;23;25;0;4500;0,458549;0,453347
Q_UNRESTRICTED/FARM/30x30x5;Q-NEUTRAL;Q_UNRESTRICTED;0;A_UNRESTRICTED/FARM/30x30x5;farm;30x30x5;30;5;30;4500;ThisWork;heap;47;470789272;1;556079d48171cec1;1;0;0;0;0;4500;1530;2970;0,256448;0,256448;2,67621;2,588288;0,005355;0,493855;23;25;0;4500;0,493855;0,48683
Q_UNRESTRICTED/FARM/30x30x5;Q-NEUTRAL;Q_UNRESTRICTED;0;A_UNRESTRICTED/FARM/30x30x5;farm;30x30x5;30;5;30;4500;ThisWork;heap;48;1242025119;1;0579675cb08af7e1;1;0;0;0;0;4500;1540;2960;0,271842;0,271842;2,555764;2,513651;0,006635;0,568249;21;25;0;4500;0,568249;0,563007
Q_UNRESTRICTED/FARM/30x30x5;Q-NEUTRAL;Q_UNRESTRICTED;0;A_UNRESTRICTED/FARM/30x30x5;farm;30x30x5;30;5;30;4500;ThisWork;heap;49;585106265;1;12b0429c0876725b;1;0;0;0;0;4500;1455;3045;0,227647;0,227647;2,617333;2,550386;0,013044;0,48815;22;25;0;4500;0,48815;0,481714
Q_UNRESTRICTED/FARM/30x30x5;Q-NEUTRAL;Q_UNRESTRICTED;0;A_UNRESTRICTED/FARM/30x30x5;farm;30x30x5;30;5;30;4500;Gumin;simple-tiled-3d;0;1656224568;1;262b7dabef5fe903;1;0;0;0;0;4500;1599;2901;0,286656;0,286656;2,612527;2,56786;0,00131;0,576825;23;25;0;4500;0,576825;0,570041
Q_UNRESTRICTED/FARM/30x30x5;Q-NEUTRAL;Q_UNRESTRICTED;0;A_UNRESTRICTED/FARM/30x30x5;farm;30x30x5;30;5;30;4500;Gumin;simple-tiled-3d;1;735426713;2;3f4316ce4ba35e26;1;0;0;0;0;4500;1278;3222;0,178666;0,178666;2,662971;2,531668;0,00503;0,493179;21;25;0;4500;0,493179;0,487039
Q_UNRESTRICTED/FARM/30x30x5;Q-NEUTRAL;Q_UNRESTRICTED;0;A_UNRESTRICTED/FARM/30x30x5;farm;30x30x5;30;5;30;4500;Gumin;simple-tiled-3d;2;384307820;1;3ca75bf80b699ab9;1;0;0;0;0;4500;1383;3117;0,234133;0,234133;2,608457;2,509139;0,026839;0,503356;23;25;0;4500;0,503356;0,497687
Q_UNRESTRICTED/FARM/30x30x5;Q-NEUTRAL;Q_UNRESTRICTED;0;A_UNRESTRICTED/FARM/30x30x5;farm;30x30x5;30;5;30;4500;Gumin;simple-tiled-3d;3;1855336915;3;a6c966a74ae83a39;1;0;0;0;0;4500;1270;3230;0,196674;0,196674;2,450236;2,380941;0,011484;0,475501;22;25;0;4500;0,475501;0,46893
Q_UNRESTRICTED/FARM/30x30x5;Q-NEUTRAL;Q_UNRESTRICTED;0;A_UNRESTRICTED/FARM/30x30x5;farm;30x30x5;30;5;30;4500;Gumin;simple-tiled-3d;4;1886222298;1;fb2b38838d530c7b;1;0;0;0;0;4500;1248;3252;0,191271;0,191271;2,552344;2,426652;0,013562;0,490957;23;25;0;4500;0,490957;0,486068
Q_UNRESTRICTED/FARM/30x30x5;Q-NEUTRAL;Q_UNRESTRICTED;0;A_UNRESTRICTED/FARM/30x30x5;farm;30x30x5;30;5;30;4500;Gumin;simple-tiled-3d;5;672303275;2;0e5fdd42c002be7e;1;0;0;0;0;4500;1601;2899;0,2808;0,2808;2,67732;2,598431;0,003787;0,572857;23;25;0;4500;0,572857;0,565914
Q_UNRESTRICTED/FARM/30x30x5;Q-NEUTRAL;Q_UNRESTRICTED;0;A_UNRESTRICTED/FARM/30x30x5;farm;30x30x5;30;5;30;4500;Gumin;simple-tiled-3d;6;588737842;1;c704f47c4ce4b90a;1;0;0;0;0;4500;1497;3003;0,265907;0,265907;2,661565;2,591862;0,01148;0,495039;23;25;0;4500;0,495039;0,488104
Q_UNRESTRICTED/FARM/30x30x5;Q-NEUTRAL;Q_UNRESTRICTED;0;A_UNRESTRICTED/FARM/30x30x5;farm;30x30x5;30;5;30;4500;Gumin;simple-tiled-3d;7;1206745522;1;e9eb20592b50929c;1;0;0;0;0;4500;1556;2944;0,232639;0,232639;2,623247;2,498816;0,015418;0,605401;25;25;0;4500;0,605401;0,599796
Q_UNRESTRICTED/FARM/30x30x5;Q-NEUTRAL;Q_UNRESTRICTED;0;A_UNRESTRICTED/FARM/30x30x5;farm;30x30x5;30;5;30;4500;Gumin;simple-tiled-3d;8;289216817;1;4d6b853ee97a8936;1;0;0;0;0;4500;1287;3213;0,199388;0,199388;2,569491;2,42684;0,008366;0,491683;21;25;0;4500;0,491683;0,485769
Q_UNRESTRICTED/FARM/30x30x5;Q-NEUTRAL;Q_UNRESTRICTED;0;A_UNRESTRICTED/FARM/30x30x5;farm;30x30x5;30;5;30;4500;Gumin;simple-tiled-3d;9;1174543571;2;2dc6f693b58e2f1f;1;0;0;0;0;4500;1259;3241;0,193389;0,193389;2,479213;2,397198;0,005764;0,477719;22;25;0;4500;0,477719;0,471592
Q_UNRESTRICTED/FARM/30x30x5;Q-NEUTRAL;Q_UNRESTRICTED;0;A_UNRESTRICTED/FARM/30x30x5;farm;30x30x5;30;5;30;4500;Gumin;simple-tiled-3d;10;1907249861;1;542dacdefcf04b8f;1;0;0;0;0;4500;1423;3077;0,222574;0,222574;2,658462;2,620802;0,013742;0,489791;23;25;0;4500;0,489791;0,482739
Q_UNRESTRICTED/FARM/30x30x5;Q-NEUTRAL;Q_UNRESTRICTED;0;A_UNRESTRICTED/FARM/30x30x5;farm;30x30x5;30;5;30;4500;Gumin;simple-tiled-3d;11;1308320955;1;677ca563a604cf33;1;0;0;0;0;4500;1676;2824;0,309742;0,309742;2,612763;2,554028;0,006191;0,575274;22;25;0;4500;0,575274;0,568834
Q_UNRESTRICTED/FARM/30x30x5;Q-NEUTRAL;Q_UNRESTRICTED;0;A_UNRESTRICTED/FARM/30x30x5;farm;30x30x5;30;5;30;4500;Gumin;simple-tiled-3d;12;2110520317;1;b7cdd2312d0b0d32;1;0;0;0;0;4500;1547;2953;0,277614;0,277614;2,688111;2,645577;0,002472;0,49995;22;25;0;4500;0,49995;0,492658
Q_UNRESTRICTED/FARM/30x30x5;Q-NEUTRAL;Q_UNRESTRICTED;0;A_UNRESTRICTED/FARM/30x30x5;farm;30x30x5;30;5;30;4500;Gumin;simple-tiled-3d;13;1573266213;1;afa0103cd3d45566;1;0;0;0;0;4500;1248;3252;0,18598;0,18598;2,487049;2,41517;0,00145;0,472476;22;25;0;4500;0,472476;0,466635
Q_UNRESTRICTED/FARM/30x30x5;Q-NEUTRAL;Q_UNRESTRICTED;0;A_UNRESTRICTED/FARM/30x30x5;farm;30x30x5;30;5;30;4500;Gumin;simple-tiled-3d;14;1047906608;1;90e03b191c623c7c;1;0;0;0;0;4500;1409;3091;0,239068;0,239068;2,689765;2,65996;0,000644;0,483891;23;25;0;4500;0,483891;0,477769
Q_UNRESTRICTED/FARM/30x30x5;Q-NEUTRAL;Q_UNRESTRICTED;0;A_UNRESTRICTED/FARM/30x30x5;farm;30x30x5;30;5;30;4500;Gumin;simple-tiled-3d;15;1098050923;1;c683a14e45ccc735;1;0;0;0;0;4500;1455;3045;0,226453;0,226453;2,523458;2,457111;0,002998;0,492703;22;25;0;4500;0,492703;0,485905
Q_UNRESTRICTED/FARM/30x30x5;Q-NEUTRAL;Q_UNRESTRICTED;0;A_UNRESTRICTED/FARM/30x30x5;farm;30x30x5;30;5;30;4500;Gumin;simple-tiled-3d;16;1990912493;1;7d02a561ddcba5a7;1;0;0;0;0;4500;1282;3218;0,194972;0,194972;2,573571;2,455256;0,001514;0,482943;23;25;0;4500;0,482943;0,477406
Q_UNRESTRICTED/FARM/30x30x5;Q-NEUTRAL;Q_UNRESTRICTED;0;A_UNRESTRICTED/FARM/30x30x5;farm;30x30x5;30;5;30;4500;Gumin;simple-tiled-3d;17;1942814369;2;fffa6c968028e221;1;0;0;0;0;4500;1475;3025;0,267583;0,267583;2,653171;2,621997;0,006675;0,492975;22;25;0;4500;0,492975;0,485737
Q_UNRESTRICTED/FARM/30x30x5;Q-NEUTRAL;Q_UNRESTRICTED;0;A_UNRESTRICTED/FARM/30x30x5;farm;30x30x5;30;5;30;4500;Gumin;simple-tiled-3d;18;1628118836;2;9ca360f1d12ba058;1;0;0;0;0;4500;1348;3152;0,18966;0,18966;2,694575;2,599122;0,009481;0,480844;23;25;0;4500;0,480844;0,475206
Q_UNRESTRICTED/FARM/30x30x5;Q-NEUTRAL;Q_UNRESTRICTED;0;A_UNRESTRICTED/FARM/30x30x5;farm;30x30x5;30;5;30;4500;Gumin;simple-tiled-3d;19;786591398;1;d973bf6438d94477;1;0;0;0;0;4500;1212;3288;0,177065;0,177065;2,452147;2,371098;0,017672;0,464376;19;25;0;4500;0,464376;0,458698
Q_UNRESTRICTED/FARM/30x30x5;Q-NEUTRAL;Q_UNRESTRICTED;0;A_UNRESTRICTED/FARM/30x30x5;farm;30x30x5;30;5;30;4500;Gumin;simple-tiled-3d;20;239299684;1;ab646e9f0e342e07;1;0;0;0;0;4500;1182;3318;0,151454;0,151454;2,570482;2,489542;0,012141;0,461782;21;25;0;4500;0,461782;0,456585
Q_UNRESTRICTED/FARM/30x30x5;Q-NEUTRAL;Q_UNRESTRICTED;0;A_UNRESTRICTED/FARM/30x30x5;farm;30x30x5;30;5;30;4500;Gumin;simple-tiled-3d;21;821399445;1;96b85ec96595c733;1;0;0;0;0;4500;1476;3024;0,242122;0,242122;2,663873;2,642851;0,002941;0,495946;22;25;0;4500;0,495946;0,488957
Q_UNRESTRICTED/FARM/30x30x5;Q-NEUTRAL;Q_UNRESTRICTED;0;A_UNRESTRICTED/FARM/30x30x5;farm;30x30x5;30;5;30;4500;Gumin;simple-tiled-3d;22;914973148;1;7c93c8bf086b7c96;1;0;0;0;0;4500;1629;2871;0,286074;0,286074;2,642592;2,577394;0,002074;0,573773;22;25;0;4500;0,573773;0,566971
Q_UNRESTRICTED/FARM/30x30x5;Q-NEUTRAL;Q_UNRESTRICTED;0;A_UNRESTRICTED/FARM/30x30x5;farm;30x30x5;30;5;30;4500;Gumin;simple-tiled-3d;23;799645437;2;1e4cfd62924c600c;1;0;0;0;0;4500;1498;3002;0,233225;0,233225;2,664356;2,558525;0,007885;0,498512;22;25;0;4500;0,498512;0,491161
Q_UNRESTRICTED/FARM/30x30x5;Q-NEUTRAL;Q_UNRESTRICTED;0;A_UNRESTRICTED/FARM/30x30x5;farm;30x30x5;30;5;30;4500;Gumin;simple-tiled-3d;24;449732836;1;7825629c2285c055;1;0;0;0;0;4500;1713;2787;0,303322;0,303322;2,588703;2,544269;0,005643;0,596417;23;25;0;4500;0,596417;0,588735
Q_UNRESTRICTED/FARM/30x30x5;Q-NEUTRAL;Q_UNRESTRICTED;0;A_UNRESTRICTED/FARM/30x30x5;farm;30x30x5;30;5;30;4500;Gumin;simple-tiled-3d;25;1069680079;1;6ece19b443fc246d;1;0;0;0;0;4500;1250;3250;0,178304;0,178304;2,569569;2,518503;0,00358;0,472553;22;25;0;4500;0,472553;0,46668
Q_UNRESTRICTED/FARM/30x30x5;Q-NEUTRAL;Q_UNRESTRICTED;0;A_UNRESTRICTED/FARM/30x30x5;farm;30x30x5;30;5;30;4500;Gumin;simple-tiled-3d;26;2012410532;1;4683db7d1aad7632;1;0;0;0;0;4500;1250;3250;0,186865;0,186865;2,481938;2,392279;0,045621;0,471909;23;25;0;4500;0,471909;0,466231
Q_UNRESTRICTED/FARM/30x30x5;Q-NEUTRAL;Q_UNRESTRICTED;0;A_UNRESTRICTED/FARM/30x30x5;farm;30x30x5;30;5;30;4500;Gumin;simple-tiled-3d;27;1685439030;1;d9205922b388ec8a;1;0;0;0;0;4500;1711;2789;0,306357;0,306357;2,546799;2,495355;0,007502;0,594449;22;25;0;4500;0,594449;0,58654
Q_UNRESTRICTED/FARM/30x30x5;Q-NEUTRAL;Q_UNRESTRICTED;0;A_UNRESTRICTED/FARM/30x30x5;farm;30x30x5;30;5;30;4500;Gumin;simple-tiled-3d;28;931456755;1;115c6aac4acd1460;1;0;0;0;0;4500;1226;3274;0,170397;0,170397;2,592804;2,49856;0,005656;0,470458;22;25;0;4500;0,470458;0,464476
Q_UNRESTRICTED/FARM/30x30x5;Q-NEUTRAL;Q_UNRESTRICTED;0;A_UNRESTRICTED/FARM/30x30x5;farm;30x30x5;30;5;30;4500;Gumin;simple-tiled-3d;29;132526021;2;574ec8bcafd04be4;1;0;0;0;0;4500;1495;3005;0,241294;0,241294;2,653758;2,530301;0,048392;0,498526;23;25;0;4500;0,498526;0,491474
Q_UNRESTRICTED/FARM/30x30x5;Q-NEUTRAL;Q_UNRESTRICTED;0;A_UNRESTRICTED/FARM/30x30x5;farm;30x30x5;30;5;30;4500;Gumin;simple-tiled-3d;30;266039153;1;52413f2c22f2d672;1;0;0;0;0;4500;1337;3163;0,220081;0,220081;2,461996;2,364987;0,024326;0,499909;21;25;0;4500;0,499909;0,493678
Q_UNRESTRICTED/FARM/30x30x5;Q-NEUTRAL;Q_UNRESTRICTED;0;A_UNRESTRICTED/FARM/30x30x5;farm;30x30x5;30;5;30;4500;Gumin;simple-tiled-3d;31;2110756128;1;c6c6721eedc0c274;1;0;0;0;0;4500;1294;3206;0,185835;0,185835;2,656504;2,549212;0,004595;0,488059;23;25;0;4500;0,488059;0,482503
Q_UNRESTRICTED/FARM/30x30x5;Q-NEUTRAL;Q_UNRESTRICTED;0;A_UNRESTRICTED/FARM/30x30x5;farm;30x30x5;30;5;30;4500;Gumin;simple-tiled-3d;32;1141608350;2;72c6b867cffe9667;1;0;0;0;0;4500;1621;2879;0,276831;0,276831;2,588057;2,551809;0,001266;0,595868;22;25;0;4500;0,595868;0,589256
Q_UNRESTRICTED/FARM/30x30x5;Q-NEUTRAL;Q_UNRESTRICTED;0;A_UNRESTRICTED/FARM/30x30x5;farm;30x30x5;30;5;30;4500;Gumin;simple-tiled-3d;33;214237049;1;baa514f7c1f44496;1;0;0;0;0;4500;1562;2938;0,212943;0,212943;2,683801;2,571444;0,015465;0,605515;25;25;0;4500;0,605515;0,599646
Q_UNRESTRICTED/FARM/30x30x5;Q-NEUTRAL;Q_UNRESTRICTED;0;A_UNRESTRICTED/FARM/30x30x5;farm;30x30x5;30;5;30;4500;Gumin;simple-tiled-3d;34;1582633470;1;b926669070b7b7fc;1;0;0;0;0;4500;1633;2867;0,285837;0,285837;2,660292;2,62562;0,00766;0,585719;23;25;0;4500;0,585719;0,579247
Q_UNRESTRICTED/FARM/30x30x5;Q-NEUTRAL;Q_UNRESTRICTED;0;A_UNRESTRICTED/FARM/30x30x5;farm;30x30x5;30;5;30;4500;Gumin;simple-tiled-3d;35;1662258472;1;27d017a1543da315;1;0;0;0;0;4500;1229;3271;0,165594;0,165594;2,5187;2,409587;0,016399;0,468544;21;25;0;4500;0,468544;0,462304
Q_UNRESTRICTED/FARM/30x30x5;Q-NEUTRAL;Q_UNRESTRICTED;0;A_UNRESTRICTED/FARM/30x30x5;farm;30x30x5;30;5;30;4500;Gumin;simple-tiled-3d;36;11960298;1;fa0104bc9f616a48;1;0;0;0;0;4500;1590;2910;0,271759;0,271759;2,638256;2,568238;0,000536;0,591819;23;25;0;4500;0,591819;0,58527
Q_UNRESTRICTED/FARM/30x30x5;Q-NEUTRAL;Q_UNRESTRICTED;0;A_UNRESTRICTED/FARM/30x30x5;farm;30x30x5;30;5;30;4500;Gumin;simple-tiled-3d;37;2050422466;1;79006fe548dbba86;1;0;0;0;0;4500;1479;3021;0,257291;0,257291;2,571698;2,493875;0,004726;0,499859;23;25;0;4500;0,499859;0,492571
Q_UNRESTRICTED/FARM/30x30x5;Q-NEUTRAL;Q_UNRESTRICTED;0;A_UNRESTRICTED/FARM/30x30x5;farm;30x30x5;30;5;30;4500;Gumin;simple-tiled-3d;38;371699894;1;1dec1debb4da2f79;1;0;0;0;0;4500;1465;3035;0,25299;0,25299;2,627566;2,574989;0,003141;0,49259;21;25;0;4500;0,49259;0,485524
Q_UNRESTRICTED/FARM/30x30x5;Q-NEUTRAL;Q_UNRESTRICTED;0;A_UNRESTRICTED/FARM/30x30x5;farm;30x30x5;30;5;30;4500;Gumin;simple-tiled-3d;39;600685354;1;378759273f793565;1;0;0;0;0;4500;1504;2996;0,247284;0,247284;2,685133;2,625081;0,005029;0,497787;21;25;0;4500;0,497787;0,490145
Q_UNRESTRICTED/FARM/30x30x5;Q-NEUTRAL;Q_UNRESTRICTED;0;A_UNRESTRICTED/FARM/30x30x5;farm;30x30x5;30;5;30;4500;Gumin;simple-tiled-3d;40;2056041745;1;38824d07acb15ba5;1;0;0;0;0;4500;1414;3086;0,223954;0,223954;2,578249;2,515599;0,002962;0,485392;22;25;0;4500;0,485392;0,478313
Q_UNRESTRICTED/FARM/30x30x5;Q-NEUTRAL;Q_UNRESTRICTED;0;A_UNRESTRICTED/FARM/30x30x5;farm;30x30x5;30;5;30;4500;Gumin;simple-tiled-3d;41;1149010876;1;964cd7bc8507fee4;1;0;0;0;0;4500;1549;2951;0,353365;0,353365;2,481075;2,437398;0,018306;0,591628;22;25;0;4500;0,591628;0,584771
Q_UNRESTRICTED/FARM/30x30x5;Q-NEUTRAL;Q_UNRESTRICTED;0;A_UNRESTRICTED/FARM/30x30x5;farm;30x30x5;30;5;30;4500;Gumin;simple-tiled-3d;42;2021866719;1;43ed5aa8803a3083;1;0;0;0;0;4500;1581;2919;0,27757;0,27757;2,534815;2,493043;0,007819;0,587646;22;25;0;4500;0,587646;0,581528
Q_UNRESTRICTED/FARM/30x30x5;Q-NEUTRAL;Q_UNRESTRICTED;0;A_UNRESTRICTED/FARM/30x30x5;farm;30x30x5;30;5;30;4500;Gumin;simple-tiled-3d;43;1277694117;1;9f7243ba48ad23ba;1;0;0;0;0;4500;1450;3050;0,221039;0,221039;2,677576;2,567167;0,050569;0,495478;23;25;0;4500;0,495478;0,488676
Q_UNRESTRICTED/FARM/30x30x5;Q-NEUTRAL;Q_UNRESTRICTED;0;A_UNRESTRICTED/FARM/30x30x5;farm;30x30x5;30;5;30;4500;Gumin;simple-tiled-3d;44;1302509047;1;8d63b890d993e04a;1;0;0;0;0;4500;1264;3236;0,193176;0,193176;2,401868;2,328325;0,015508;0,474789;20;25;0;4500;0,474789;0,468376
Q_UNRESTRICTED/FARM/30x30x5;Q-NEUTRAL;Q_UNRESTRICTED;0;A_UNRESTRICTED/FARM/30x30x5;farm;30x30x5;30;5;30;4500;Gumin;simple-tiled-3d;45;520458473;2;5e60df2479e3d9f6;1;0;0;0;0;4500;1246;3254;0,187368;0,187368;2,454515;2,392972;0,01112;0,470952;23;25;0;4500;0,470952;0,465224
Q_UNRESTRICTED/FARM/30x30x5;Q-NEUTRAL;Q_UNRESTRICTED;0;A_UNRESTRICTED/FARM/30x30x5;farm;30x30x5;30;5;30;4500;Gumin;simple-tiled-3d;46;325159756;1;0b04eb267b892bf1;1;0;0;0;0;4500;1286;3214;0,19867;0,19867;2,564295;2,490137;0,026769;0,487719;23;25;0;4500;0,487719;0,482104
Q_UNRESTRICTED/FARM/30x30x5;Q-NEUTRAL;Q_UNRESTRICTED;0;A_UNRESTRICTED/FARM/30x30x5;farm;30x30x5;30;5;30;4500;Gumin;simple-tiled-3d;47;470789272;1;4cf97784e87fe3b9;1;0;0;0;0;4500;1469;3031;0,257378;0,257378;2,592041;2,539811;0,007347;0,492617;23;25;0;4500;0,492617;0,485846
Q_UNRESTRICTED/FARM/30x30x5;Q-NEUTRAL;Q_UNRESTRICTED;0;A_UNRESTRICTED/FARM/30x30x5;farm;30x30x5;30;5;30;4500;Gumin;simple-tiled-3d;48;1242025119;1;cb658b01a268112e;1;0;0;0;0;4500;1579;2921;0,279094;0,279094;2,621809;2,556048;0,006526;0,591283;21;25;0;4500;0,591283;0,585696
Q_UNRESTRICTED/FARM/30x30x5;Q-NEUTRAL;Q_UNRESTRICTED;0;A_UNRESTRICTED/FARM/30x30x5;farm;30x30x5;30;5;30;4500;Gumin;simple-tiled-3d;49;585106265;1;836c55d066d189a7;1;0;0;0;0;4500;1445;3055;0,236321;0,236321;2,564909;2,45167;0,035712;0,489302;22;25;0;4500;0,489302;0,483002
Q_UNRESTRICTED/FARM/30x30x5;Q-NEUTRAL;Q_UNRESTRICTED;0;A_UNRESTRICTED/FARM/30x30x5;farm;30x30x5;30;5;30;4500;DeBroglie;matched;0;1656224568;1;1cdf7af073d6a3d8;1;0;0;0;0;4500;1161;3339;0,148816;0,148816;2,458306;2,389499;0,004714;0,398272;22;25;0;4500;0,398272;0,391279
Q_UNRESTRICTED/FARM/30x30x5;Q-NEUTRAL;Q_UNRESTRICTED;0;A_UNRESTRICTED/FARM/30x30x5;farm;30x30x5;30;5;30;4500;DeBroglie;matched;1;735426713;1;d0bfc0a85292bb80;1;0;0;0;0;4500;1429;3071;0,209197;0,209197;2,691456;2,65716;0,000309;0,479891;23;25;0;4500;0,479891;0,473116
Q_UNRESTRICTED/FARM/30x30x5;Q-NEUTRAL;Q_UNRESTRICTED;0;A_UNRESTRICTED/FARM/30x30x5;farm;30x30x5;30;5;30;4500;DeBroglie;matched;2;384307820;1;348f6174fe11c5d2;1;0;0;0;0;4500;1244;3256;0,179291;0,179291;2,484248;2,414106;0,013942;0,413075;22;25;0;4500;0,413075;0,40502
Q_UNRESTRICTED/FARM/30x30x5;Q-NEUTRAL;Q_UNRESTRICTED;0;A_UNRESTRICTED/FARM/30x30x5;farm;30x30x5;30;5;30;4500;DeBroglie;matched;3;1855336915;1;ec467694fc500c84;1;0;0;0;0;4500;1575;2925;0,26111;0,26111;2,582977;2,527297;0,011428;0,622635;21;25;0;4500;0,622635;0,618385
Q_UNRESTRICTED/FARM/30x30x5;Q-NEUTRAL;Q_UNRESTRICTED;0;A_UNRESTRICTED/FARM/30x30x5;farm;30x30x5;30;5;30;4500;DeBroglie;matched;4;1886222298;1;634d1f5b43621f11;1;0;0;0;0;4500;1465;3035;0,228644;0,228644;2,517088;2,484599;0,007997;0,486617;23;25;0;4500;0,486617;0,479179
Q_UNRESTRICTED/FARM/30x30x5;Q-NEUTRAL;Q_UNRESTRICTED;0;A_UNRESTRICTED/FARM/30x30x5;farm;30x30x5;30;5;30;4500;DeBroglie;matched;5;672303275;1;fcbb91d8da84f36a;1;0;0;0;0;4500;1446;3054;0,234508;0,234508;2,685755;2,635294;0,004716;0,479188;21;25;0;4500;0,479188;0,472549
Q_UNRESTRICTED/FARM/30x30x5;Q-NEUTRAL;Q_UNRESTRICTED;0;A_UNRESTRICTED/FARM/30x30x5;farm;30x30x5;30;5;30;4500;DeBroglie;matched;6;588737842;1;a520a35d0959fd93;1;0;0;0;0;4500;1472;3028;0,218421;0,218421;2,747588;2,637174;0,018931;0,482209;23;25;0;4500;0,482209;0,476027
Q_UNRESTRICTED/FARM/30x30x5;Q-NEUTRAL;Q_UNRESTRICTED;0;A_UNRESTRICTED/FARM/30x30x5;farm;30x30x5;30;5;30;4500;DeBroglie;matched;7;1206745522;1;01410dc8da13ebe1;1;0;0;0;0;4500;1248;3252;0,180194;0,180194;2,587276;2,513128;0,011964;0,415955;23;25;0;4500;0,415955;0,408404
Q_UNRESTRICTED/FARM/30x30x5;Q-NEUTRAL;Q_UNRESTRICTED;0;A_UNRESTRICTED/FARM/30x30x5;farm;30x30x5;30;5;30;4500;DeBroglie;matched;8;289216817;1;162060859bb0866f;1;0;0;0;0;4500;1520;2980;0,2451;0,2451;2,695276;2,659583;0,000151;0,486363;23;25;0;4500;0,486363;0,479379
Q_UNRESTRICTED/FARM/30x30x5;Q-NEUTRAL;Q_UNRESTRICTED;0;A_UNRESTRICTED/FARM/30x30x5;farm;30x30x5;30;5;30;4500;DeBroglie;matched;9;1174543571;1;a753136adf2ae898;1;0;0;0;0;4500;1286;3214;0,158138;0,158138;2,673298;2,531954;0,030323;0,442889;24;25;0;4500;0,442889;0,435796
Q_UNRESTRICTED/FARM/30x30x5;Q-NEUTRAL;Q_UNRESTRICTED;0;A_UNRESTRICTED/FARM/30x30x5;farm;30x30x5;30;5;30;4500;DeBroglie;matched;10;1907249861;1;850ff37bfb39f276;1;0;0;0;0;4500;1289;3211;0,181882;0,181882;2,557241;2,518264;0,002464;0,421501;22;25;0;4500;0,421501;0,413188
Q_UNRESTRICTED/FARM/30x30x5;Q-NEUTRAL;Q_UNRESTRICTED;0;A_UNRESTRICTED/FARM/30x30x5;farm;30x30x5;30;5;30;4500;DeBroglie;matched;11;1308320955;1;1bd11b3080ae9cf6;1;0;0;0;0;4500;1555;2945;0,238546;0,238546;2,685597;2,649448;0,014192;0,497914;23;25;0;4500;0,497914;0,490145
Q_UNRESTRICTED/FARM/30x30x5;Q-NEUTRAL;Q_UNRESTRICTED;0;A_UNRESTRICTED/FARM/30x30x5;farm;30x30x5;30;5;30;4500;DeBroglie;matched;12;2110520317;2;47f7e5e63005187e;1;0;0;0;0;4500;1463;3037;0,258124;0,258124;2,600284;2,527747;0,001216;0,47488;21;25;0;4500;0,47488;0,468245
Q_UNRESTRICTED/FARM/30x30x5;Q-NEUTRAL;Q_UNRESTRICTED;0;A_UNRESTRICTED/FARM/30x30x5;farm;30x30x5;30;5;30;4500;DeBroglie;matched;13;1573266213;1;483ced2e7e399411;1;0;0;0;0;4500;1635;2865;0,291031;0,291031;2,506204;2,444292;0,00528;0,566644;21;25;0;4500;0,566644;0,559955
Q_UNRESTRICTED/FARM/30x30x5;Q-NEUTRAL;Q_UNRESTRICTED;0;A_UNRESTRICTED/FARM/30x30x5;farm;30x30x5;30;5;30;4500;DeBroglie;matched;14;1047906608;1;719b2f37aafda8a3;1;0;0;0;0;4500;1221;3279;0,159016;0,159016;2,609195;2,464574;0,007877;0,416776;21;25;0;4500;0,416776;0,409424
Q_UNRESTRICTED/FARM/30x30x5;Q-NEUTRAL;Q_UNRESTRICTED;0;A_UNRESTRICTED/FARM/30x30x5;farm;30x30x5;30;5;30;4500;DeBroglie;matched;15;1098050923;3;8c8637a85e33dc3d;1;0;0;0;0;4500;1260;3240;0,179332;0,179332;2,563768;2,411369;0,002609;0,4259;22;25;0;4500;0,4259;0,41863
Q_UNRESTRICTED/FARM/30x30x5;Q-NEUTRAL;Q_UNRESTRICTED;0;A_UNRESTRICTED/FARM/30x30x5;farm;30x30x5;30;5;30;4500;DeBroglie;matched;16;1990912493;1;ec5c2e01f4741ad2;1;0;0;0;0;4500;1588;2912;0,237603;0,237603;2,543809;2,495342;0,013392;0,647297;24;25;0;4500;0,647297;0,642916
Q_UNRESTRICTED/FARM/30x30x5;Q-NEUTRAL;Q_UNRESTRICTED;0;A_UNRESTRICTED/FARM/30x30x5;farm;30x30x5;30;5;30;4500;DeBroglie;matched;17;1942814369;2;cca42ee4eb4fd9a1;1;0;0;0;0;4500;1200;3300;0,161295;0,161295;2,520068;2,410565;0,009527;0,411456;23;25;0;4500;0,411456;0,404558
Q_UNRESTRICTED/FARM/30x30x5;Q-NEUTRAL;Q_UNRESTRICTED;0;A_UNRESTRICTED/FARM/30x30x5;farm;30x30x5;30;5;30;4500;DeBroglie;matched;18;1628118836;1;3c86f4cc6b9f0722;1;0;0;0;0;4500;1227;3273;0,177223;0,177223;2,516385;2,456973;0,002981;0,413048;21;25;0;4500;0,413048;0,404998
Q_UNRESTRICTED/FARM/30x30x5;Q-NEUTRAL;Q_UNRESTRICTED;0;A_UNRESTRICTED/FARM/30x30x5;farm;30x30x5;30;5;30;4500;DeBroglie;matched;19;786591398;1;340153e72f702cd1;1;0;0;0;0;4500;1262;3238;0,177588;0,177588;2,628436;2,558032;0,014213;0,418327;23;25;0;4500;0,418327;0,411338
Q_UNRESTRICTED/FARM/30x30x5;Q-NEUTRAL;Q_UNRESTRICTED;0;A_UNRESTRICTED/FARM/30x30x5;farm;30x30x5;30;5;30;4500;DeBroglie;matched;20;239299684;1;e213093c5dd06aea;1;0;0;0;0;4500;1249;3251;0,176664;0,176664;2,574093;2,484529;0,020902;0,415868;23;25;0;4500;0,415868;0,408685
Q_UNRESTRICTED/FARM/30x30x5;Q-NEUTRAL;Q_UNRESTRICTED;0;A_UNRESTRICTED/FARM/30x30x5;farm;30x30x5;30;5;30;4500;DeBroglie;matched;21;821399445;1;bff385a4dc82d56a;1;0;0;0;0;4500;1280;3220;0,183114;0,183114;2,517112;2,454199;0,00018;0,42034;23;25;0;4500;0,42034;0,412127
Q_UNRESTRICTED/FARM/30x30x5;Q-NEUTRAL;Q_UNRESTRICTED;0;A_UNRESTRICTED/FARM/30x30x5;farm;30x30x5;30;5;30;4500;DeBroglie;matched;22;914973148;1;d520ccc6a681a72d;1;0;0;0;0;4500;1258;3242;0,186367;0,186367;2,559647;2,377695;0,013662;0,425528;21;25;0;4500;0,425528;0,418082
Q_UNRESTRICTED/FARM/30x30x5;Q-NEUTRAL;Q_UNRESTRICTED;0;A_UNRESTRICTED/FARM/30x30x5;farm;30x30x5;30;5;30;4500;DeBroglie;matched;23;799645437;1;724ea7f9b1e77fb8;1;0;0;0;0;4500;1218;3282;0,171415;0,171415;2,501492;2,453848;0,011502;0,407438;22;25;0;4500;0,407438;0,39951
Q_UNRESTRICTED/FARM/30x30x5;Q-NEUTRAL;Q_UNRESTRICTED;0;A_UNRESTRICTED/FARM/30x30x5;farm;30x30x5;30;5;30;4500;DeBroglie;matched;24;449732836;1;2931bb1e4a91a78d;1;0;0;0;0;4500;1397;3103;0,168066;0,168066;2,589798;2,481183;0,043719;0,485574;25;25;0;4500;0,485574;0,479646
Q_UNRESTRICTED/FARM/30x30x5;Q-NEUTRAL;Q_UNRESTRICTED;0;A_UNRESTRICTED/FARM/30x30x5;farm;30x30x5;30;5;30;4500;DeBroglie;matched;25;1069680079;1;b06f7364e53c8b98;1;0;0;0;0;4500;1250;3250;0,187298;0,187298;2,566885;2,466783;0,003495;0,417819;22;25;0;4500;0,417819;0,41058
Q_UNRESTRICTED/FARM/30x30x5;Q-NEUTRAL;Q_UNRESTRICTED;0;A_UNRESTRICTED/FARM/30x30x5;farm;30x30x5;30;5;30;4500;DeBroglie;matched;26;2012410532;1;629b713953602e9b;1;0;0;0;0;4500;1254;3246;0,199836;0,199836;2,48231;2,410248;0,013356;0,423179;22;25;0;4500;0,423179;0,416395
Q_UNRESTRICTED/FARM/30x30x5;Q-NEUTRAL;Q_UNRESTRICTED;0;A_UNRESTRICTED/FARM/30x30x5;farm;30x30x5;30;5;30;4500;DeBroglie;matched;27;1685439030;1;b89b9aa1c6336c2d;1;0;0;0;0;4500;1246;3254;0,183395;0,183395;2,524553;2,463727;0,011829;0,422349;23;25;0;4500;0,422349;0,415202
Q_UNRESTRICTED/FARM/30x30x5;Q-NEUTRAL;Q_UNRESTRICTED;0;A_UNRESTRICTED/FARM/30x30x5;farm;30x30x5;30;5;30;4500;DeBroglie;matched;28;931456755;1;899a0a66b5d89f56;1;0;0;0;0;4500;1571;2929;0,269843;0,269843;2,593041;2,53596;0,034418;0,496789;23;25;0;4500;0,496789;0,489379
Q_UNRESTRICTED/FARM/30x30x5;Q-NEUTRAL;Q_UNRESTRICTED;0;A_UNRESTRICTED/FARM/30x30x5;farm;30x30x5;30;5;30;4500;DeBroglie;matched;29;132526021;1;555ae0bc6b02ddd6;1;0;0;0;0;4500;1454;3046;0,237546;0,237546;2,667735;2,593104;0,011342;0,479048;21;25;0;4500;0,479048;0,472367
Q_UNRESTRICTED/FARM/30x30x5;Q-NEUTRAL;Q_UNRESTRICTED;0;A_UNRESTRICTED/FARM/30x30x5;farm;30x30x5;30;5;30;4500;DeBroglie;matched;30;266039153;1;4e1aa485359bd3ca;1;0;0;0;0;4500;1640;2860;0,283866;0,283866;2,656182;2,600501;0,010051;0,621252;21;25;0;4500;0,621252;0,617166
Q_UNRESTRICTED/FARM/30x30x5;Q-NEUTRAL;Q_UNRESTRICTED;0;A_UNRESTRICTED/FARM/30x30x5;farm;30x30x5;30;5;30;4500;DeBroglie;matched;31;2110756128;1;3d3566ca18a03957;1;0;0;0;0;4500;1535;2965;0,243056;0,243056;2,57657;2,481929;0,038676;0,495914;23;25;0;4500;0,495914;0,488898
Q_UNRESTRICTED/FARM/30x30x5;Q-NEUTRAL;Q_UNRESTRICTED;0;A_UNRESTRICTED/FARM/30x30x5;farm;30x30x5;30;5;30;4500;DeBroglie;matched;32;1141608350;2;e42bd31f48108662;1;0;0;0;0;4500;1470;3030;0,230801;0,230801;2,626533;2,577316;0,02129;0,464376;23;25;0;4500;0,464376;0,456526
Q_UNRESTRICTED/FARM/30x30x5;Q-NEUTRAL;Q_UNRESTRICTED;0;A_UNRESTRICTED/FARM/30x30x5;farm;30x30x5;30;5;30;4500;DeBroglie;matched;33;214237049;2;b747d5815d5254b9;1;0;0;0;0;4500;1171;3329;0,100998;0,100998;2,647495;2,503761;0,003963;0,402694;25;25;0;4500;0,402694;0,396825
Q_UNRESTRICTED/FARM/30x30x5;Q-NEUTRAL;Q_UNRESTRICTED;0;A_UNRESTRICTED/FARM/30x30x5;farm;30x30x5;30;5;30;4500;DeBroglie;matched;34;1582633470;2;2c2d283ed1baf66c;1;0;0;0;0;4500;1623;2877;0,270642;0,270642;2,667856;2,616697;0,007756;0,608231;23;25;0;4500;0,608231;0,6041
Q_UNRESTRICTED/FARM/30x30x5;Q-NEUTRAL;Q_UNRESTRICTED;0;A_UNRESTRICTED/FARM/30x30x5;farm;30x30x5;30;5;30;4500;DeBroglie;matched;35;1662258472;1;2b99a632fa627192;1;0;0;0;0;4500;1332;3168;0,195227;0,195227;2,592155;2,527984;0,007463;0,429546;22;25;0;4500;0,429546;0,420639
Q_UNRESTRICTED/FARM/30x30x5;Q-NEUTRAL;Q_UNRESTRICTED;0;A_UNRESTRICTED/FARM/30x30x5;farm;30x30x5;30;5;30;4500;DeBroglie;matched;36;11960298;1;3505113a2ead446f;1;0;0;0;0;4500;1322;3178;0,214877;0,214877;2,497404;2,413123;0,002543;0,427519;21;25;0;4500;0,427519;0,41981
Q_UNRESTRICTED/FARM/30x30x5;Q-NEUTRAL;Q_UNRESTRICTED;0;A_UNRESTRICTED/FARM/30x30x5;farm;30x30x5;30;5;30;4500;DeBroglie;matched;37;2050422466;1;3da85d3500f71513;1;0;0;0;0;4500;1260;3240;0,19761;0,19761;2,448161;2,39507;0,004071;0,415088;18;25;0;4500;0,415088;0,407474
Q_UNRESTRICTED/FARM/30x30x5;Q-NEUTRAL;Q_UNRESTRICTED;0;A_UNRESTRICTED/FARM/30x30x5;farm;30x30x5;30;5;30;4500;DeBroglie;matched;38;371699894;1;fe82256f3c74ebe6;1;0;0;0;0;4500;1328;3172;0,199805;0,199805;2,575636;2,510571;0,017231;0,427338;23;25;0;4500;0,427338;0,419161
Q_UNRESTRICTED/FARM/30x30x5;Q-NEUTRAL;Q_UNRESTRICTED;0;A_UNRESTRICTED/FARM/30x30x5;farm;30x30x5;30;5;30;4500;DeBroglie;matched;39;600685354;1;d5f849aca6057223;1;0;0;0;0;4500;1316;3184;0,207445;0,207445;2,575228;2,486731;0,018032;0,434921;21;25;0;4500;0,434921;0,428023
Q_UNRESTRICTED/FARM/30x30x5;Q-NEUTRAL;Q_UNRESTRICTED;0;A_UNRESTRICTED/FARM/30x30x5;farm;30x30x5;30;5;30;4500;DeBroglie;matched;40;2056041745;1;fb3bd1f017b8ee96;1;0;0;0;0;4500;1468;3032;0,245186;0,245186;2,5552;2,50636;0,005845;0,483805;20;25;0;4500;0,483805;0,476599
Q_UNRESTRICTED/FARM/30x30x5;Q-NEUTRAL;Q_UNRESTRICTED;0;A_UNRESTRICTED/FARM/30x30x5;farm;30x30x5;30;5;30;4500;DeBroglie;matched;41;1149010876;2;2e2bc8852817a5a8;1;0;0;0;0;4500;1227;3273;0,18536;0,18536;2,490245;2,440721;0,004765;0,409134;22;25;0;4500;0,409134;0,401819
Q_UNRESTRICTED/FARM/30x30x5;Q-NEUTRAL;Q_UNRESTRICTED;0;A_UNRESTRICTED/FARM/30x30x5;farm;30x30x5;30;5;30;4500;DeBroglie;matched;42;2021866719;1;ef7ac33bc131af50;1;0;0;0;0;4500;1495;3005;0,223282;0,223282;2,734896;2,644843;0,002571;0,487347;23;25;0;4500;0,487347;0,480694
Q_UNRESTRICTED/FARM/30x30x5;Q-NEUTRAL;Q_UNRESTRICTED;0;A_UNRESTRICTED/FARM/30x30x5;farm;30x30x5;30;5;30;4500;DeBroglie;matched;43;1277694117;1;fefa6843995e3b20;1;0;0;0;0;4500;1472;3028;0,238748;0,238748;2,625608;2,52645;0,02014;0,484612;23;25;0;4500;0,484612;0,478395
Q_UNRESTRICTED/FARM/30x30x5;Q-NEUTRAL;Q_UNRESTRICTED;0;A_UNRESTRICTED/FARM/30x30x5;farm;30x30x5;30;5;30;4500;DeBroglie;matched;44;1302509047;1;d7d469b47853c131;1;0;0;0;0;4500;1290;3210;0,180288;0,180288;2,630808;2,512611;0,004293;0,445528;21;25;0;4500;0,445528;0,438068
Q_UNRESTRICTED/FARM/30x30x5;Q-NEUTRAL;Q_UNRESTRICTED;0;A_UNRESTRICTED/FARM/30x30x5;farm;30x30x5;30;5;30;4500;DeBroglie;matched;45;520458473;1;939f0c7baafd4aa2;1;0;0;0;0;4500;1242;3258;0,163379;0,163379;2,549908;2,495479;0,004633;0,414263;23;25;0;4500;0,414263;0,405964
Q_UNRESTRICTED/FARM/30x30x5;Q-NEUTRAL;Q_UNRESTRICTED;0;A_UNRESTRICTED/FARM/30x30x5;farm;30x30x5;30;5;30;4500;DeBroglie;matched;46;325159756;2;c4cef4229d6473f5;1;0;0;0;0;4500;1246;3254;0,187841;0,187841;2,577169;2,452398;0,004046;0,417574;22;25;0;4500;0,417574;0,410844
Q_UNRESTRICTED/FARM/30x30x5;Q-NEUTRAL;Q_UNRESTRICTED;0;A_UNRESTRICTED/FARM/30x30x5;farm;30x30x5;30;5;30;4500;DeBroglie;matched;47;470789272;2;c77c6d60a6e1cd87;1;0;0;0;0;4500;1476;3024;0,239584;0,239584;2,677353;2,603515;0,006005;0,485973;21;25;0;4500;0,485973;0,479483
Q_UNRESTRICTED/FARM/30x30x5;Q-NEUTRAL;Q_UNRESTRICTED;0;A_UNRESTRICTED/FARM/30x30x5;farm;30x30x5;30;5;30;4500;DeBroglie;matched;48;1242025119;1;f4e34d322fa57c96;1;0;0;0;0;4500;1220;3280;0,168259;0,168259;2,593485;2,507909;0,019429;0,41068;21;25;0;4500;0,41068;0,403084
Q_UNRESTRICTED/FARM/30x30x5;Q-NEUTRAL;Q_UNRESTRICTED;0;A_UNRESTRICTED/FARM/30x30x5;farm;30x30x5;30;5;30;4500;DeBroglie;matched;49;585106265;1;c10c83c551fa0e61;1;0;0;0;0;4500;1432;3068;0,217569;0,217569;2,655472;2,596555;0,002831;0,480327;21;25;0;4500;0,480327;0,473846
